product_name,category,price,market_avg_price,normalized_price,discount_percentage,site_trust_score,user_preference_score,site_url,domain,is_scam
Logitech MX Master Mouse,Electronics,1043.03,1459.8,0.7145,0.2855,0.8793,1.0,https://www.walmart.com/dp/1159493,walmart.com,False
KitchenAid Stand Mixer,Home & Garden,468.75,696.2,0.6733,0.3267,0.6793,0.3704,https://www.macys.com/dp/3346211,macys.com,False
Bose SoundBar 700,Electronics,2597.16,2967.16,0.8753,0.1247,0.6935,0.7819,https://www.homedepot.com/dp/5824408,homedepot.com,False
Hot Wheels Ultimate Garage,Toys,65.26,91.52,0.7131,0.2869,0.6728,0.337,https://www.costco.com/dp/4859820,costco.com,False
Instant Pot Duo 7-in-1,Home & Garden,435.06,505.0,0.8615,0.1385,0.9664,0.4945,https://www.walmart.com/dp/4042682,walmart.com,False
Hot Wheels Ultimate Garage,Toys,229.16,287.31,0.7976,0.2024,0.7477,0.4021,https://www.macys.com/dp/9753457,macys.com,False
Peloton Bike+,Sports,722.55,1149.27,0.6287,0.3713,0.6506,0.6117,https://www.macys.com/dp/4340507,macys.com,False
Adidas Ultraboost,Clothing,268.38,377.25,0.7114,0.2886,0.9002,0.6984,https://www.amazon.com/dp/8994424,amazon.com,False
Roomba i7+ Robot Vacuum,Home & Garden,435.61,668.93,0.6512,0.3488,0.7042,0.5138,https://www.ebay.com/dp/4820831,ebay.com,False
Magna-Tiles 100 Piece Set,Toys,14.39,20.25,0.7106,0.2896,0.9093,0.384,https://www.amazon.com/dp/6740173,amazon.com,False
Olaplex Hair Perfector,Beauty,528.99,577.5,0.916,0.084,0.6355,0.4885,https://www.costco.com/dp/4612279,costco.com,False
Peloton Bike+,Sports,333.82,378.91,0.881,0.119,0.6946,0.6172,https://www.wayfair.com/dp/3564729,wayfair.com,False
Clean Code,Books,21.67,24.44,0.8867,0.1132,0.7354,0.9187,https://www.chewy.com/dp/3207395,chewy.com,False
Levi's 501 Jeans,Clothing,155.41,184.94,0.8403,0.1597,0.6586,0.6069,https://www.homedepot.com/dp/5888148,homedepot.com,False
Callaway Golf Driver,Sports,111.75,141.69,0.7887,0.2113,0.8101,0.6715,https://www.chewy.com/dp/3877765,chewy.com,False
Apple AirPods Pro,Electronics,376.48,473.2,0.7956,0.2044,0.7069,0.6991,https://www.wayfair.com/dp/8763837,wayfair.com,False
Fenty Beauty Foundation,Beauty,277.49,327.93,0.8462,0.1538,0.62,0.4337,https://www.nordstrom.com/dp/5526314,nordstrom.com,False
Nike Air Max Sneakers,Clothing,333.71,443.71,0.7521,0.2479,0.589,0.488,https://www.costco.com/dp/3304404,costco.com,False
Dyson V15 Vacuum,Home & Garden,389.71,521.56,0.7472,0.2528,0.8538,0.3222,https://www.walmart.com/dp/2861122,walmart.com,False
Instant Pot Duo 7-in-1,Home & Garden,314.79,430.93,0.7305,0.2695,0.6883,0.4873,https://www.ebay.com/dp/7988325,ebay.com,False
Olaplex Hair Perfector,Beauty,124.25,141.71,0.8768,0.1232,0.8403,0.5735,https://www.amazon.com/dp/2833787,amazon.com,False
Python Crash Course 3rd Ed,Books,13.67,20.72,0.6597,0.3404,0.7117,0.8426,https://www.wayfair.com/dp/5165533,wayfair.com,False
Apple AirPods Pro,Electronics,638.14,993.06,0.6426,0.3574,0.8394,0.9085,https://www.bestbuy.com/dp/6995933,bestbuy.com,False
Ray-Ban Aviator Sunglasses,Clothing,357.27,457.39,0.7811,0.2189,0.6607,0.4935,https://www.wayfair.com/dp/8351152,wayfair.com,False
Dyson V15 Vacuum,Home & Garden,62.11,225.1,0.2759,0.7241,0.0974,0.4234,https://bestprice-deals.tk/product/11665,bestprice-deals.tk,True
Nintendo Switch OLED,Toys,103.48,113.22,0.914,0.086,0.703,0.2982,https://www.wayfair.com/dp/2934976,wayfair.com,False
NARS Blush Orgasm,Beauty,128.54,473.27,0.2716,0.7284,0.1303,0.5081,https://discount-mega.ru/product/56202,discount-mega.ru,True
Hot Wheels Ultimate Garage,Toys,184.18,267.55,0.6884,0.3116,0.8873,0.4703,https://www.target.com/dp/4390138,target.com,False
The Pragmatic Programmer,Books,9.55,59.51,0.1605,0.8395,0.28,1.0,https://pricedown-shop.cf/product/7414,pricedown-shop.cf,True
Dyson Airwrap Styler,Beauty,116.15,159.83,0.7267,0.2733,0.942,0.4478,https://www.walmart.com/dp/9863176,walmart.com,False
Hot Wheels Ultimate Garage,Toys,135.05,219.23,0.616,0.384,0.6869,0.3231,https://www.chewy.com/dp/6034852,chewy.com,False
Adidas Ultraboost,Clothing,80.78,92.49,0.8734,0.1266,0.7417,0.6367,https://www.bhphotovideo.com/dp/7261268,bhphotovideo.com,False
Barbie Dreamhouse,Toys,84.71,245.88,0.3445,0.6555,0.1118,0.457,https://flashsale-today.ml/product/91853,flashsale-today.ml,True
Nintendo Switch OLED,Toys,22.65,229.48,0.0987,0.9013,0.1049,0.3708,https://deal-xpress.top/product/65259,deal-xpress.top,True
Michelin X-Tour Tires,Automotive,278.56,450.16,0.6188,0.3812,0.761,0.3299,https://www.chewy.com/dp/4238912,chewy.com,False
NOCO Genius5 Battery Charger,Automotive,444.91,568.43,0.7827,0.2173,0.6382,0.5003,https://www.nordstrom.com/dp/4112344,nordstrom.com,False
Ray-Ban Aviator Sunglasses,Clothing,130.08,147.62,0.8812,0.1188,0.6758,0.5803,https://www.homedepot.com/dp/8127267,homedepot.com,False
Garmin Forerunner 945,Sports,467.09,1387.25,0.3367,0.6633,0.231,0.7922,https://flashsale-today.ml/product/20419,flashsale-today.ml,True
Canon EOS R6 Camera,Electronics,255.11,875.46,0.2914,0.7086,0.0214,0.83,https://deal-xpress.top/product/93738,deal-xpress.top,True
Hot Wheels Ultimate Garage,Toys,47.8,73.43,0.651,0.349,0.55,0.3957,https://www.bhphotovideo.com/dp/4533909,bhphotovideo.com,False
Roomba i7+ Robot Vacuum,Home & Garden,353.26,448.87,0.787,0.213,0.7888,0.3317,https://www.wayfair.com/dp/8963631,wayfair.com,False
Nespresso Vertuo Coffee Maker,Home & Garden,48.51,276.4,0.1755,0.8245,0.2136,0.3918,https://savebig-store.pw/product/91369,savebig-store.pw,True
Peloton Bike+,Sports,139.56,191.42,0.7291,0.2709,0.9166,0.778,https://www.target.com/dp/2130789,target.com,False
Patagonia Fleece Jacket,Clothing,145.5,188.55,0.7717,0.2283,0.6225,0.6055,https://www.homedepot.com/dp/9996207,homedepot.com,False
Hot Wheels Ultimate Garage,Toys,238.53,261.75,0.9113,0.0887,0.7609,0.4717,https://www.adorama.com/dp/2118702,adorama.com,False
Peloton Bike+,Sports,151.41,869.19,0.1742,0.8258,0.28,0.717,https://pricedown-shop.cf/product/99138,pricedown-shop.cf,True
Logitech MX Master Mouse,Electronics,903.11,2428.36,0.3719,0.6281,0.2521,0.851,https://bestprice-deals.tk/product/58512,bestprice-deals.tk,True
Python Crash Course 3rd Ed,Books,3.75,12.18,0.3079,0.6925,0.2302,0.8234,https://savebig-store.pw/product/97463,savebig-store.pw,True
KitchenAid Stand Mixer,Home & Garden,53.24,85.82,0.6204,0.3796,0.6806,0.5545,https://www.adorama.com/dp/7260277,adorama.com,False
Nike Air Max Sneakers,Clothing,316.88,491.75,0.6444,0.3556,0.6903,0.6432,https://www.zappos.com/dp/1055838,zappos.com,False
Barbie Dreamhouse,Toys,94.8,374.87,0.2529,0.7471,0.0471,0.3158,https://bargain-hunt.gq/product/18681,bargain-hunt.gq,True
La Mer Moisturizing Cream,Beauty,136.05,534.56,0.2545,0.7455,0.1752,0.6208,https://bargain-hunt.gq/product/3666,bargain-hunt.gq,True
"iPad Pro 12.9""",Electronics,1582.65,2120.38,0.7464,0.2536,0.6486,0.8201,https://www.costco.com/dp/9542096,costco.com,False
Michelin X-Tour Tires,Automotive,560.83,925.01,0.6063,0.3937,0.7166,0.3162,https://www.wayfair.com/dp/2120619,wayfair.com,False
Peloton Bike+,Sports,1497.76,2238.47,0.6691,0.3309,0.6701,0.8138,https://www.homedepot.com/dp/7164643,homedepot.com,False
Canon EOS R6 Camera,Electronics,283.41,436.02,0.65,0.35,0.6921,0.7766,https://www.costco.com/dp/5330007,costco.com,False
"iPad Pro 12.9""",Electronics,855.23,1222.8,0.6994,0.3006,0.7742,0.8784,https://www.newegg.com/dp/7201361,newegg.com,False
Callaway Golf Driver,Sports,1075.45,1436.23,0.7488,0.2512,0.6587,0.6743,https://www.macys.com/dp/5953150,macys.com,False
Apple AirPods Pro,Electronics,1039.98,1127.47,0.9224,0.0776,0.9353,0.8306,https://www.walmart.com/dp/1209341,walmart.com,False
Atomic Habits,Books,31.31,36.03,0.869,0.1311,0.8713,0.9429,https://www.walmart.com/dp/1874873,walmart.com,False
Magna-Tiles 100 Piece Set,Toys,305.8,393.67,0.7768,0.2232,0.6733,0.3736,https://www.wayfair.com/dp/8008491,wayfair.com,False
Olaplex Hair Perfector,Beauty,74.85,292.17,0.2562,0.7438,0.2275,0.4169,https://flashsale-today.ml/product/57940,flashsale-today.ml,True
Garmin DriveSmart 65 GPS,Automotive,20.97,53.5,0.392,0.6081,0.1969,0.3429,https://bestprice-deals.tk/product/62226,bestprice-deals.tk,True
KitchenAid Stand Mixer,Home & Garden,177.62,460.75,0.3855,0.6145,0.018,0.4168,https://buylow-online.icu/product/61390,buylow-online.icu,True
"iPad Pro 12.9""",Electronics,1358.36,1491.39,0.9108,0.0892,0.677,0.9346,https://www.costco.com/dp/6159230,costco.com,False
Magna-Tiles 100 Piece Set,Toys,83.7,107.11,0.7814,0.2186,0.7546,0.3062,https://www.newegg.com/dp/3057197,newegg.com,False
Barbie Dreamhouse,Toys,53.93,87.52,0.6162,0.3838,0.6842,0.3714,https://www.homedepot.com/dp/6618205,homedepot.com,False
Nespresso Vertuo Coffee Maker,Home & Garden,620.4,653.26,0.9497,0.0503,0.6109,0.2716,https://www.bhphotovideo.com/dp/8876684,bhphotovideo.com,False
Olaplex Hair Perfector,Beauty,179.72,276.36,0.6503,0.3497,0.7519,0.5611,https://www.ebay.com/dp/5923304,ebay.com,False
Adidas Ultraboost,Clothing,29.44,217.41,0.1354,0.8646,0.2079,0.5437,https://flashsale-today.ml/product/84880,flashsale-today.ml,True
The Pragmatic Programmer,Books,36.1,38.55,0.9364,0.0635,0.6368,0.7566,https://www.ebay.com/dp/7068232,ebay.com,False
Michelin X-Tour Tires,Automotive,239.8,277.71,0.8635,0.1365,0.6877,0.3397,https://www.homedepot.com/dp/5652512,homedepot.com,False
Barbie Dreamhouse,Toys,195.73,295.04,0.6634,0.3366,0.6735,0.2866,https://www.zappos.com/dp/3477824,zappos.com,False
Magna-Tiles 100 Piece Set,Toys,235.11,359.55,0.6539,0.3461,0.7239,0.3767,https://www.ebay.com/dp/4293399,ebay.com,False
Wilson Tennis Racket Pro,Sports,1525.64,1839.89,0.8292,0.1708,0.6604,0.6754,https://www.homedepot.com/dp/5435820,homedepot.com,False
Hot Wheels Ultimate Garage,Toys,271.65,348.18,0.7802,0.2198,0.8701,0.2727,https://www.bestbuy.com/dp/9812012,bestbuy.com,False
Callaway Golf Driver,Sports,579.04,702.55,0.8242,0.1758,0.6818,0.6329,https://www.homedepot.com/dp/6562703,homedepot.com,False
"Samsung 4K TV 55""",Electronics,356.27,393.71,0.9049,0.0951,0.6893,0.9276,https://www.nordstrom.com/dp/1301466,nordstrom.com,False
Clean Code,Books,38.85,48.65,0.7986,0.2015,0.8392,0.8103,https://www.amazon.com/dp/8001408,amazon.com,False
Nintendo Switch OLED,Toys,18.16,294.75,0.0616,0.9384,0.2054,0.2558,https://savebig-store.pw/product/62475,savebig-store.pw,True
Nintendo Switch OLED,Toys,212.99,344.86,0.6176,0.3824,0.6573,0.2964,https://www.nordstrom.com/dp/3047234,nordstrom.com,False
La Mer Moisturizing Cream,Beauty,278.05,333.31,0.8342,0.1658,0.8744,0.5547,https://www.amazon.com/dp/8474519,amazon.com,False
Python Crash Course 3rd Ed,Books,16.61,46.8,0.3549,0.645,0.1386,0.8234,https://buylow-online.icu/product/16533,buylow-online.icu,True
Barbie Dreamhouse,Toys,247.38,300.4,0.8235,0.1765,0.6791,0.1879,https://www.nordstrom.com/dp/9872833,nordstrom.com,False
TRX Suspension Trainer,Sports,1178.96,1715.6,0.6872,0.3128,0.6327,0.6311,https://www.wayfair.com/dp/9605960,wayfair.com,False
Dell XPS 15 Laptop,Electronics,730.45,881.44,0.8287,0.1713,0.7623,0.845,https://www.newegg.com/dp/7807497,newegg.com,False
Dell XPS 15 Laptop,Electronics,437.68,566.35,0.7728,0.2272,0.7942,0.9735,https://www.adorama.com/dp/2214435,adorama.com,False
LEGO Technic Bugatti,Toys,215.59,329.39,0.6545,0.3455,0.6987,0.4154,https://www.costco.com/dp/8937865,costco.com,False
The Pragmatic Programmer,Books,4.48,17.64,0.254,0.7459,0.1123,0.7767,https://deal-xpress.top/product/10852,deal-xpress.top,True
Nike Air Max Sneakers,Clothing,40.29,328.6,0.1226,0.8774,0.28,0.6644,https://shop-fast-now.biz/product/37208,shop-fast-now.biz,True
Hot Wheels Ultimate Garage,Toys,4.62,20.11,0.2297,0.7704,0.1086,0.3477,https://bestprice-deals.tk/product/97058,bestprice-deals.tk,True
NOCO Genius5 Battery Charger,Automotive,289.06,339.79,0.8507,0.1493,0.6489,0.4567,https://www.adorama.com/dp/3191007,adorama.com,False
Dyson Airwrap Styler,Beauty,334.99,514.02,0.6517,0.3483,0.7653,0.5017,https://www.zappos.com/dp/9952696,zappos.com,False
NARS Blush Orgasm,Beauty,251.53,393.45,0.6393,0.3607,0.7619,0.4634,https://www.wayfair.com/dp/8417942,wayfair.com,False
NOCO Genius5 Battery Charger,Automotive,361.61,534.93,0.676,0.324,0.6499,0.3775,https://www.macys.com/dp/5349442,macys.com,False
Michelin X-Tour Tires,Automotive,64.18,283.34,0.2265,0.7735,0.1727,0.2804,https://topdeal-online.cc/product/80483,topdeal-online.cc,True
"iPad Pro 12.9""",Electronics,525.13,586.28,0.8957,0.1043,0.5798,0.9614,https://www.wayfair.com/dp/4591976,wayfair.com,False
Bose SoundBar 700,Electronics,864.32,1224.42,0.7059,0.2941,0.8657,0.9431,https://www.bestbuy.com/dp/8673707,bestbuy.com,False
Callaway Golf Driver,Sports,707.43,761.74,0.9287,0.0713,0.7093,0.6396,https://www.wayfair.com/dp/3938247,wayfair.com,False
Callaway Golf Driver,Sports,1075.16,1243.53,0.8646,0.1354,0.6404,0.7525,https://www.homedepot.com/dp/1093026,homedepot.com,False
The North Face Parka,Clothing,98.33,143.25,0.6864,0.3136,0.8353,0.6458,https://www.walmart.com/dp/3092406,walmart.com,False
"Samsung 4K TV 55""",Electronics,1853.11,2005.1,0.9242,0.0758,0.7251,0.9937,https://www.zappos.com/dp/3653705,zappos.com,False
Apple AirPods Pro,Electronics,413.18,486.67,0.849,0.151,0.938,0.8267,https://www.target.com/dp/7221849,target.com,False
"iPad Pro 12.9""",Electronics,617.89,2910.46,0.2123,0.7877,0.1538,0.7696,https://topdeal-online.cc/product/24950,topdeal-online.cc,True
The Pragmatic Programmer,Books,25.5,32.73,0.7791,0.2208,0.6722,1.0,https://www.wayfair.com/dp/1041491,wayfair.com,False
Garmin DriveSmart 65 GPS,Automotive,303.57,425.59,0.7133,0.2867,0.8481,0.3848,https://www.target.com/dp/8452417,target.com,False
"Samsung 4K TV 55""",Electronics,88.29,120.76,0.7311,0.2689,0.9397,0.7101,https://www.walmart.com/dp/4478434,walmart.com,False
Designing Data-Intensive Applications,Books,41.52,58.17,0.7138,0.2863,0.8652,0.9466,https://www.target.com/dp/3106737,target.com,False
Nintendo Switch OLED,Toys,136.72,398.25,0.3433,0.6567,0.0512,0.3774,https://bestprice-deals.tk/product/53587,bestprice-deals.tk,True
Olaplex Hair Perfector,Beauty,267.8,282.01,0.9496,0.0504,0.7175,0.3748,https://www.bhphotovideo.com/dp/5852800,bhphotovideo.com,False
Nintendo Switch OLED,Toys,188.79,239.83,0.7872,0.2128,0.7869,0.3243,https://www.wayfair.com/dp/6643418,wayfair.com,False
Roomba i7+ Robot Vacuum,Home & Garden,153.19,248.97,0.6153,0.3847,0.6905,0.4214,https://www.wayfair.com/dp/3697606,wayfair.com,False
NOCO Genius5 Battery Charger,Automotive,82.38,233.31,0.3531,0.6469,0.1164,0.3472,https://buylow-online.icu/product/1158,buylow-online.icu,True
La Mer Moisturizing Cream,Beauty,440.87,564.28,0.7813,0.2187,0.7112,0.5746,https://www.nordstrom.com/dp/7396087,nordstrom.com,False
Canon EOS R6 Camera,Electronics,466.18,657.79,0.7087,0.2913,0.6304,0.8472,https://www.chewy.com/dp/5872802,chewy.com,False
Garmin Forerunner 945,Sports,420.73,455.98,0.9227,0.0773,0.7407,0.6325,https://www.bhphotovideo.com/dp/6008792,bhphotovideo.com,False
Designing Data-Intensive Applications,Books,10.89,16.05,0.6785,0.3218,0.7082,1.0,https://www.homedepot.com/dp/9961899,homedepot.com,False
Roomba i7+ Robot Vacuum,Home & Garden,193.77,239.96,0.8075,0.1925,0.8792,0.445,https://www.amazon.com/dp/7951217,amazon.com,False
LEGO Technic Bugatti,Toys,215.53,239.35,0.9005,0.0995,0.6936,0.2736,https://www.costco.com/dp/6204824,costco.com,False
KitchenAid Stand Mixer,Home & Garden,512.62,799.34,0.6413,0.3587,0.7333,0.4962,https://www.costco.com/dp/1351266,costco.com,False
Bose SoundBar 700,Electronics,155.8,211.63,0.7362,0.2638,0.7207,0.8871,https://www.newegg.com/dp/2103777,newegg.com,False
La Mer Moisturizing Cream,Beauty,46.69,62.65,0.7453,0.2548,0.937,0.4589,https://www.amazon.com/dp/8312602,amazon.com,False
Python Crash Course 3rd Ed,Books,2.5,41.73,0.0599,0.9402,0.0919,0.9033,https://pricedown-shop.cf/product/66299,pricedown-shop.cf,True
Olaplex Hair Perfector,Beauty,259.29,327.72,0.7912,0.2088,0.6943,0.599,https://www.wayfair.com/dp/8217547,wayfair.com,False
Olaplex Hair Perfector,Beauty,255.19,339.71,0.7512,0.2488,0.6465,0.6375,https://www.newegg.com/dp/4121535,newegg.com,False
Python Crash Course 3rd Ed,Books,13.43,49.82,0.2696,0.7304,0.0265,0.9666,https://topdeal-online.cc/product/95254,topdeal-online.cc,True
TRX Suspension Trainer,Sports,340.76,473.8,0.7192,0.2808,0.6322,0.7179,https://www.costco.com/dp/8753576,costco.com,False
Logitech MX Master Mouse,Electronics,312.9,1015.58,0.3081,0.6919,0.1609,0.7829,https://cheapbuy-store.xyz/product/2287,cheapbuy-store.xyz,True
Designing Data-Intensive Applications,Books,24.92,40.94,0.6087,0.3912,0.883,0.9185,https://www.target.com/dp/3938087,target.com,False
Atomic Habits,Books,13.4,18.14,0.7387,0.2611,0.6889,0.7847,https://www.bhphotovideo.com/dp/6608076,bhphotovideo.com,False
Nike Air Max Sneakers,Clothing,26.41,208.95,0.1264,0.8736,0.0975,0.6748,https://deal-xpress.top/product/25886,deal-xpress.top,True
Adidas Ultraboost,Clothing,349.23,438.84,0.7958,0.2042,0.6553,0.4687,https://www.adorama.com/dp/5808446,adorama.com,False
Sony Headphones WH-1000XM5,Electronics,2219.88,2417.12,0.9184,0.0816,0.7269,0.8843,https://www.macys.com/dp/6591646,macys.com,False
Nike Air Max Sneakers,Clothing,283.18,305.68,0.9264,0.0736,0.7878,0.7258,https://www.nordstrom.com/dp/4248312,nordstrom.com,False
Magna-Tiles 100 Piece Set,Toys,59.01,301.52,0.1957,0.8043,0.0933,0.2794,https://buylow-online.icu/product/9403,buylow-online.icu,True
Wilson Tennis Racket Pro,Sports,289.25,913.34,0.3167,0.6833,0.0704,0.6269,https://ultra-deals99.net/product/44016,ultra-deals99.net,True
Clean Code,Books,7.23,31.39,0.2303,0.7697,0.28,0.8638,https://bestprice-deals.tk/product/663,bestprice-deals.tk,True
Nespresso Vertuo Coffee Maker,Home & Garden,664.03,788.26,0.8424,0.1576,0.7531,0.4153,https://www.homedepot.com/dp/6287324,homedepot.com,False
Thinkware U1000 Dash Cam,Automotive,248.57,300.2,0.828,0.172,0.755,0.5567,https://www.wayfair.com/dp/3137316,wayfair.com,False
LEGO Technic Bugatti,Toys,215.73,274.81,0.785,0.215,0.7161,0.2838,https://www.wayfair.com/dp/6503032,wayfair.com,False
Peloton Bike+,Sports,250.44,309.38,0.8095,0.1905,0.7694,0.7114,https://www.ebay.com/dp/9856567,ebay.com,False
Dyson V15 Vacuum,Home & Garden,55.22,262.93,0.21,0.79,0.076,0.6349,https://bargain-hunt.gq/product/5532,bargain-hunt.gq,True
Bose SoundBar 700,Electronics,30.09,105.29,0.2858,0.7142,0.1575,0.76,https://buylow-online.icu/product/80415,buylow-online.icu,True
"Samsung 4K TV 55""",Electronics,113.61,882.72,0.1287,0.8713,0.0181,0.8121,https://pricedown-shop.cf/product/54959,pricedown-shop.cf,True
Logitech MX Master Mouse,Electronics,59.88,244.6,0.2448,0.7552,0.2189,0.8573,https://cheapbuy-store.xyz/product/95404,cheapbuy-store.xyz,True
Patagonia Fleece Jacket,Clothing,92.96,153.8,0.6044,0.3956,0.7519,0.5272,https://www.homedepot.com/dp/4547081,homedepot.com,False
Roomba i7+ Robot Vacuum,Home & Garden,517.81,692.08,0.7482,0.2518,0.6167,0.3304,https://www.costco.com/dp/3258787,costco.com,False
Wilson Tennis Racket Pro,Sports,703.18,802.72,0.876,0.124,0.9136,0.6954,https://www.amazon.com/dp/7908210,amazon.com,False
NARS Blush Orgasm,Beauty,368.59,442.06,0.8338,0.1662,0.7154,0.3958,https://www.bhphotovideo.com/dp/1642832,bhphotovideo.com,False
Peloton Bike+,Sports,733.11,823.81,0.8899,0.1101,0.8138,0.6318,https://www.ebay.com/dp/9610837,ebay.com,False
NOCO Genius5 Battery Charger,Automotive,286.24,356.33,0.8033,0.1967,0.8109,0.3873,https://www.homedepot.com/dp/7767404,homedepot.com,False
"Samsung 4K TV 55""",Electronics,119.56,1169.86,0.1022,0.8978,0.2254,0.8285,https://pricedown-shop.cf/product/94827,pricedown-shop.cf,True
Dyson V15 Vacuum,Home & Garden,127.9,398.69,0.3208,0.6792,0.2576,0.264,https://shop-fast-now.biz/product/1568,shop-fast-now.biz,True
"Samsung 4K TV 55""",Electronics,520.71,1343.07,0.3877,0.6123,0.048,0.8538,https://savebig-store.pw/product/60394,savebig-store.pw,True
Garmin Forerunner 945,Sports,177.75,277.0,0.6417,0.3583,0.7498,0.8363,https://www.macys.com/dp/7443851,macys.com,False
Logitech MX Master Mouse,Electronics,1410.45,2330.55,0.6052,0.3948,0.6494,0.8751,https://www.zappos.com/dp/4905582,zappos.com,False
Nespresso Vertuo Coffee Maker,Home & Garden,429.72,616.35,0.6972,0.3028,0.6126,0.4576,https://www.chewy.com/dp/9108476,chewy.com,False
Python Crash Course 3rd Ed,Books,22.89,29.86,0.7666,0.2334,0.7856,0.9419,https://www.adorama.com/dp/5409036,adorama.com,False
Sony Headphones WH-1000XM5,Electronics,821.98,919.24,0.8942,0.1058,0.8312,0.8121,https://www.walmart.com/dp/3340240,walmart.com,False
Michelin X-Tour Tires,Automotive,87.38,143.39,0.6094,0.3906,0.714,0.3502,https://www.wayfair.com/dp/5014745,wayfair.com,False
Dyson Airwrap Styler,Beauty,387.71,455.81,0.8506,0.1494,0.6572,0.4099,https://www.macys.com/dp/9233534,macys.com,False
Hot Wheels Ultimate Garage,Toys,249.33,341.97,0.7291,0.2709,0.648,0.4059,https://www.wayfair.com/dp/4133513,wayfair.com,False
Python Crash Course 3rd Ed,Books,20.9,28.32,0.738,0.2621,0.8548,0.9259,https://www.walmart.com/dp/1219548,walmart.com,False
Garmin Forerunner 945,Sports,1930.2,2144.19,0.9002,0.0998,0.9443,0.6663,https://www.target.com/dp/6157791,target.com,False
KitchenAid Stand Mixer,Home & Garden,368.75,444.71,0.8292,0.1708,0.7374,0.4988,https://www.adorama.com/dp/7328534,adorama.com,False
Patagonia Fleece Jacket,Clothing,74.44,112.64,0.6609,0.3391,0.7365,0.5255,https://www.zappos.com/dp/8031853,zappos.com,False
Atomic Habits,Books,26.43,31.73,0.833,0.167,0.6405,1.0,https://www.nordstrom.com/dp/8602555,nordstrom.com,False
Fenty Beauty Foundation,Beauty,20.09,25.14,0.7991,0.2008,0.9489,0.5418,https://www.target.com/dp/2421764,target.com,False
Nike Air Max Sneakers,Clothing,32.94,44.28,0.7439,0.256,0.8089,0.6155,https://www.homedepot.com/dp/8840976,homedepot.com,False
Dyson V15 Vacuum,Home & Garden,230.91,353.07,0.654,0.346,0.9481,0.431,https://www.amazon.com/dp/8438648,amazon.com,False
NOCO Genius5 Battery Charger,Automotive,28.7,36.45,0.7874,0.2126,0.7464,0.2584,https://www.nordstrom.com/dp/3788542,nordstrom.com,False
Wilson Tennis Racket Pro,Sports,867.76,1265.32,0.6858,0.3142,0.7346,0.7588,https://www.nordstrom.com/dp/2575550,nordstrom.com,False
Adidas Ultraboost,Clothing,128.24,209.47,0.6122,0.3878,0.7051,0.6119,https://www.ebay.com/dp/2889341,ebay.com,False
Ray-Ban Aviator Sunglasses,Clothing,194.11,298.9,0.6494,0.3506,0.6332,0.7069,https://www.homedepot.com/dp/7679985,homedepot.com,False
Roomba i7+ Robot Vacuum,Home & Garden,83.92,101.87,0.8238,0.1762,0.9923,0.3644,https://www.walmart.com/dp/7238503,walmart.com,False
Clean Code,Books,9.65,12.43,0.7763,0.224,0.7127,0.7566,https://www.homedepot.com/dp/3744763,homedepot.com,False
Dell XPS 15 Laptop,Electronics,217.05,1811.79,0.1198,0.8802,0.1216,0.8816,https://bestprice-deals.tk/product/18833,bestprice-deals.tk,True
The North Face Parka,Clothing,109.29,145.31,0.7521,0.2479,0.7473,0.6859,https://www.zappos.com/dp/8353032,zappos.com,False
Fenty Beauty Foundation,Beauty,218.34,317.59,0.6875,0.3125,0.9197,0.4663,https://www.bestbuy.com/dp/1522452,bestbuy.com,False
Apple AirPods Pro,Electronics,2148.08,2951.07,0.7279,0.2721,0.6819,0.8449,https://www.nordstrom.com/dp/7008279,nordstrom.com,False
NARS Blush Orgasm,Beauty,30.69,122.03,0.2515,0.7485,0.1587,0.4409,https://buylow-online.icu/product/28727,buylow-online.icu,True
LEGO Technic Bugatti,Toys,181.23,282.77,0.6409,0.3591,0.7349,0.2831,https://www.homedepot.com/dp/7045791,homedepot.com,False
Levi's 501 Jeans,Clothing,333.95,449.89,0.7423,0.2577,0.6078,0.5288,https://www.costco.com/dp/8608923,costco.com,False
Nintendo Switch OLED,Toys,152.12,248.27,0.6127,0.3873,0.7179,0.3949,https://www.macys.com/dp/2921542,macys.com,False
La Mer Moisturizing Cream,Beauty,385.79,417.25,0.9246,0.0754,0.7449,0.503,https://www.macys.com/dp/4571088,macys.com,False
Nespresso Vertuo Coffee Maker,Home & Garden,574.21,731.48,0.785,0.215,0.7389,0.4816,https://www.bestbuy.com/dp/8666109,bestbuy.com,False
TRX Suspension Trainer,Sports,42.2,52.39,0.8055,0.1945,0.6357,0.6596,https://www.chewy.com/dp/2826251,chewy.com,False
Magna-Tiles 100 Piece Set,Toys,276.75,356.59,0.7761,0.2239,0.6772,0.3696,https://www.macys.com/dp/6448596,macys.com,False
Roomba i7+ Robot Vacuum,Home & Garden,157.31,245.49,0.6408,0.3592,0.9386,0.2221,https://www.amazon.com/dp/5123584,amazon.com,False
Dyson Airwrap Styler,Beauty,145.14,158.14,0.9178,0.0822,0.8609,0.4392,https://www.amazon.com/dp/4810540,amazon.com,False
Instant Pot Duo 7-in-1,Home & Garden,412.85,479.67,0.8607,0.1393,0.706,0.3722,https://www.costco.com/dp/8823741,costco.com,False
Garmin Forerunner 945,Sports,10.68,31.3,0.3412,0.6587,0.1961,0.5933,https://topdeal-online.cc/product/8912,topdeal-online.cc,True
Python Crash Course 3rd Ed,Books,4.83,22.35,0.2161,0.7838,0.0859,0.8537,https://ultra-deals99.net/product/68684,ultra-deals99.net,True
Peloton Bike+,Sports,600.95,1513.72,0.397,0.603,0.28,0.7107,https://bargain-hunt.gq/product/78456,bargain-hunt.gq,True
Magna-Tiles 100 Piece Set,Toys,33.3,45.11,0.7382,0.2619,0.9258,0.3323,https://www.target.com/dp/3786969,target.com,False
NOCO Genius5 Battery Charger,Automotive,108.13,177.15,0.6104,0.3896,0.8012,0.2909,https://www.adorama.com/dp/9512910,adorama.com,False
Levi's 501 Jeans,Clothing,213.27,254.16,0.8391,0.1609,0.6497,0.6912,https://www.adorama.com/dp/6827024,adorama.com,False
Levi's 501 Jeans,Clothing,334.49,388.45,0.8611,0.1389,0.733,0.7413,https://www.costco.com/dp/6969255,costco.com,False
Barbie Dreamhouse,Toys,36.41,370.73,0.0982,0.9018,0.1748,0.4541,https://deal-xpress.top/product/41896,deal-xpress.top,True
Olaplex Hair Perfector,Beauty,75.97,437.87,0.1735,0.8265,0.28,0.6391,https://topdeal-online.cc/product/54374,topdeal-online.cc,True
Nespresso Vertuo Coffee Maker,Home & Garden,121.96,746.82,0.1633,0.8367,0.1567,0.4301,https://ultra-deals99.net/product/62302,ultra-deals99.net,True
The Pragmatic Programmer,Books,38.37,57.35,0.669,0.331,0.6756,0.8104,https://www.ebay.com/dp/5196677,ebay.com,False
Michelin X-Tour Tires,Automotive,762.23,883.44,0.8628,0.1372,0.892,0.6001,https://www.target.com/dp/7343262,target.com,False
Atomic Habits,Books,12.71,37.53,0.3387,0.6614,0.0814,0.9929,https://deal-xpress.top/product/66938,deal-xpress.top,True
Sony Headphones WH-1000XM5,Electronics,111.82,124.69,0.8968,0.1032,0.6892,0.7558,https://www.zappos.com/dp/3989387,zappos.com,False
Garmin Forerunner 945,Sports,460.89,516.23,0.8928,0.1072,0.7073,0.7468,https://www.ebay.com/dp/4908736,ebay.com,False
Michelin X-Tour Tires,Automotive,328.99,390.45,0.8426,0.1574,0.7041,0.397,https://www.newegg.com/dp/3371148,newegg.com,False
Ray-Ban Aviator Sunglasses,Clothing,172.78,187.66,0.9207,0.0793,0.644,0.5396,https://www.nordstrom.com/dp/3245147,nordstrom.com,False
Adidas Ultraboost,Clothing,136.95,373.57,0.3666,0.6334,0.1843,0.5622,https://bargain-hunt.gq/product/34253,bargain-hunt.gq,True
Nike Air Max Sneakers,Clothing,59.29,74.8,0.7926,0.2073,0.6888,0.548,https://www.costco.com/dp/2431206,costco.com,False
Nintendo Switch OLED,Toys,254.83,377.19,0.6756,0.3244,0.6879,0.4673,https://www.costco.com/dp/6630675,costco.com,False
"iPad Pro 12.9""",Electronics,1805.47,2953.01,0.6114,0.3886,0.6918,0.7904,https://www.wayfair.com/dp/3586212,wayfair.com,False
Dyson V15 Vacuum,Home & Garden,150.88,175.62,0.8591,0.1409,0.7511,0.5649,https://www.zappos.com/dp/1201969,zappos.com,False
Magna-Tiles 100 Piece Set,Toys,178.25,258.59,0.6893,0.3107,0.653,0.4395,https://www.zappos.com/dp/3340778,zappos.com,False
Clean Code,Books,5.5,15.07,0.365,0.6353,0.0851,0.9338,https://buylow-online.icu/product/71934,buylow-online.icu,True
Nespresso Vertuo Coffee Maker,Home & Garden,357.72,455.29,0.7857,0.2143,0.7259,0.4897,https://www.ebay.com/dp/5184066,ebay.com,False
NARS Blush Orgasm,Beauty,96.24,545.86,0.1763,0.8237,0.1667,0.4329,https://flashsale-today.ml/product/2521,flashsale-today.ml,True
Hot Wheels Ultimate Garage,Toys,112.23,173.27,0.6477,0.3523,0.8964,0.4303,https://www.amazon.com/dp/2651177,amazon.com,False
Dyson Airwrap Styler,Beauty,24.74,118.39,0.209,0.791,0.0635,0.4551,https://deal-xpress.top/product/93799,deal-xpress.top,True
Clean Code,Books,8.49,10.94,0.7761,0.2242,0.6653,0.8673,https://www.homedepot.com/dp/1014556,homedepot.com,False
The Pragmatic Programmer,Books,29.36,33.95,0.8648,0.1353,0.6396,0.814,https://www.adorama.com/dp/5487177,adorama.com,False
Apple AirPods Pro,Electronics,184.76,214.94,0.8596,0.1404,0.9835,0.8816,https://www.bestbuy.com/dp/9667792,bestbuy.com,False
Olaplex Hair Perfector,Beauty,18.79,236.06,0.0796,0.9204,0.0983,0.3379,https://cheapbuy-store.xyz/product/5098,cheapbuy-store.xyz,True
Dyson Airwrap Styler,Beauty,170.84,269.93,0.6329,0.3671,0.9196,0.5465,https://www.bestbuy.com/dp/2326719,bestbuy.com,False
Apple AirPods Pro,Electronics,466.14,615.53,0.7573,0.2427,0.7006,1.0,https://www.ebay.com/dp/6827390,ebay.com,False
Designing Data-Intensive Applications,Books,25.67,33.47,0.767,0.233,0.8819,0.9593,https://www.amazon.com/dp/7162007,amazon.com,False
Callaway Golf Driver,Sports,21.58,28.14,0.7669,0.233,0.7304,0.6554,https://www.ebay.com/dp/4146566,ebay.com,False
Thinkware U1000 Dash Cam,Automotive,408.45,452.18,0.9033,0.0967,0.6645,0.4516,https://www.nordstrom.com/dp/4932931,nordstrom.com,False
Atomic Habits,Books,30.32,41.25,0.735,0.265,0.9519,0.8592,https://www.walmart.com/dp/9431778,walmart.com,False
Roomba i7+ Robot Vacuum,Home & Garden,596.48,691.81,0.8622,0.1378,0.9431,0.4701,https://www.bestbuy.com/dp/6873992,bestbuy.com,False
Ray-Ban Aviator Sunglasses,Clothing,164.53,217.92,0.755,0.245,0.9014,0.5993,https://www.amazon.com/dp/2524974,amazon.com,False
"iPad Pro 12.9""",Electronics,146.04,2071.49,0.0705,0.9295,0.28,0.745,https://shop-fast-now.biz/product/76554,shop-fast-now.biz,True
Michelin X-Tour Tires,Automotive,542.8,633.22,0.8572,0.1428,0.7241,0.4438,https://www.chewy.com/dp/4140556,chewy.com,False
Michelin X-Tour Tires,Automotive,87.03,365.84,0.2379,0.7621,0.2765,0.3131,https://ultra-deals99.net/product/82211,ultra-deals99.net,True
Barbie Dreamhouse,Toys,67.72,73.12,0.9261,0.0739,0.7982,0.3528,https://www.bhphotovideo.com/dp/6080483,bhphotovideo.com,False
Magna-Tiles 100 Piece Set,Toys,310.21,368.07,0.8428,0.1572,0.9199,0.2902,https://www.walmart.com/dp/6732615,walmart.com,False
Magna-Tiles 100 Piece Set,Toys,215.08,303.61,0.7084,0.2916,0.681,0.2484,https://www.bhphotovideo.com/dp/3809837,bhphotovideo.com,False
Nike Air Max Sneakers,Clothing,61.75,100.35,0.6153,0.3847,0.8079,0.5515,https://www.adorama.com/dp/9945709,adorama.com,False
NOCO Genius5 Battery Charger,Automotive,318.14,503.86,0.6314,0.3686,0.8886,0.3887,https://www.walmart.com/dp/3526267,walmart.com,False
Fenty Beauty Foundation,Beauty,144.38,381.95,0.378,0.622,0.1212,0.3834,https://pricedown-shop.cf/product/90654,pricedown-shop.cf,True
Adidas Ultraboost,Clothing,349.64,466.81,0.749,0.251,0.7543,0.6078,https://www.bhphotovideo.com/dp/2918019,bhphotovideo.com,False
The North Face Parka,Clothing,306.27,341.13,0.8978,0.1022,0.8944,0.5277,https://www.walmart.com/dp/9584991,walmart.com,False
Fenty Beauty Foundation,Beauty,65.39,226.67,0.2885,0.7115,0.2346,0.3862,https://bargain-hunt.gq/product/89803,bargain-hunt.gq,True
Adidas Ultraboost,Clothing,158.55,436.17,0.3635,0.6365,0.0381,0.5972,https://pricedown-shop.cf/product/37890,pricedown-shop.cf,True
Python Crash Course 3rd Ed,Books,37.44,53.3,0.7024,0.2975,0.6576,0.8478,https://www.wayfair.com/dp/6181610,wayfair.com,False
NOCO Genius5 Battery Charger,Automotive,366.62,516.22,0.7102,0.2898,0.7187,0.425,https://www.costco.com/dp/8858093,costco.com,False
Hot Wheels Ultimate Garage,Toys,264.8,302.7,0.8748,0.1252,0.7114,0.3241,https://www.costco.com/dp/8857213,costco.com,False
NARS Blush Orgasm,Beauty,112.19,141.56,0.7925,0.2075,0.6878,0.476,https://www.adorama.com/dp/1505062,adorama.com,False
Garmin DriveSmart 65 GPS,Automotive,462.09,533.72,0.8658,0.1342,0.7479,0.4041,https://www.bhphotovideo.com/dp/9222577,bhphotovideo.com,False
Designing Data-Intensive Applications,Books,8.74,54.34,0.1608,0.8391,0.1905,0.9814,https://bestprice-deals.tk/product/37335,bestprice-deals.tk,True
Magna-Tiles 100 Piece Set,Toys,6.6,119.71,0.0551,0.9449,0.0556,0.2371,https://bargain-hunt.gq/product/82879,bargain-hunt.gq,True
Michelin X-Tour Tires,Automotive,103.47,484.39,0.2136,0.7864,0.1264,0.3948,https://bargain-hunt.gq/product/47623,bargain-hunt.gq,True
LEGO Technic Bugatti,Toys,229.0,252.04,0.9086,0.0914,0.755,0.4349,https://www.chewy.com/dp/2422780,chewy.com,False
NOCO Genius5 Battery Charger,Automotive,483.68,650.02,0.7441,0.2559,0.7176,0.3544,https://www.newegg.com/dp/1651407,newegg.com,False
Dyson Airwrap Styler,Beauty,353.15,510.11,0.6923,0.3077,0.7697,0.5671,https://www.chewy.com/dp/5931029,chewy.com,False
Olaplex Hair Perfector,Beauty,417.63,545.5,0.7656,0.2344,0.7256,0.6099,https://www.ebay.com/dp/3857489,ebay.com,False
Garmin Forerunner 945,Sports,1586.14,2066.36,0.7676,0.2324,0.7484,0.7319,https://www.wayfair.com/dp/4057141,wayfair.com,False
Barbie Dreamhouse,Toys,188.72,207.64,0.9089,0.0911,0.6424,0.1229,https://www.adorama.com/dp/7597584,adorama.com,False
NARS Blush Orgasm,Beauty,85.01,100.72,0.844,0.156,0.6681,0.5951,https://www.ebay.com/dp/3586094,ebay.com,False
Sony Headphones WH-1000XM5,Electronics,1676.36,2084.76,0.8041,0.1959,0.6003,0.8799,https://www.newegg.com/dp/3073581,newegg.com,False
The Pragmatic Programmer,Books,12.71,15.36,0.8275,0.1724,0.7488,0.9413,https://www.macys.com/dp/4123208,macys.com,False
Logitech MX Master Mouse,Electronics,441.62,527.56,0.8371,0.1629,0.6561,0.858,https://www.wayfair.com/dp/9066089,wayfair.com,False
Michelin X-Tour Tires,Automotive,492.11,755.0,0.6518,0.3482,0.8723,0.4557,https://www.target.com/dp/3111127,target.com,False
Atomic Habits,Books,11.6,51.2,0.2266,0.7734,0.28,0.9826,https://cheapbuy-store.xyz/product/52613,cheapbuy-store.xyz,True
The Pragmatic Programmer,Books,27.64,35.48,0.779,0.221,0.6044,0.8945,https://www.macys.com/dp/7177044,macys.com,False
Roomba i7+ Robot Vacuum,Home & Garden,171.46,186.9,0.9174,0.0826,0.7577,0.5609,https://www.newegg.com/dp/1193577,newegg.com,False
Fenty Beauty Foundation,Beauty,531.22,577.6,0.9197,0.0803,0.6841,0.4176,https://www.ebay.com/dp/3309241,ebay.com,False
The North Face Parka,Clothing,370.51,454.0,0.8161,0.1839,0.6617,0.5098,https://www.ebay.com/dp/7268360,ebay.com,False
Hot Wheels Ultimate Garage,Toys,72.2,78.3,0.9221,0.0779,0.6947,0.5054,https://www.homedepot.com/dp/6500924,homedepot.com,False
Dyson V15 Vacuum,Home & Garden,163.47,242.71,0.6735,0.3265,0.7406,0.5004,https://www.newegg.com/dp/6702160,newegg.com,False
Canon EOS R6 Camera,Electronics,734.11,1193.29,0.6152,0.3848,0.7271,0.9107,https://www.homedepot.com/dp/6245463,homedepot.com,False
Peloton Bike+,Sports,386.76,534.94,0.723,0.277,0.7184,0.6749,https://www.homedepot.com/dp/5056398,homedepot.com,False
Roomba i7+ Robot Vacuum,Home & Garden,8.98,169.74,0.0529,0.9471,0.2503,0.3475,https://savebig-store.pw/product/31201,savebig-store.pw,True
TRX Suspension Trainer,Sports,1431.08,2109.49,0.6784,0.3216,0.8728,0.7089,https://www.target.com/dp/1538552,target.com,False
Canon EOS R6 Camera,Electronics,280.03,310.87,0.9008,0.0992,0.7366,0.8972,https://www.chewy.com/dp/6073262,chewy.com,False
Ray-Ban Aviator Sunglasses,Clothing,231.37,347.67,0.6655,0.3345,0.7499,0.6946,https://www.macys.com/dp/2241975,macys.com,False
La Mer Moisturizing Cream,Beauty,431.83,501.25,0.8615,0.1385,0.7366,0.5231,https://www.ebay.com/dp/9399459,ebay.com,False
Thinkware U1000 Dash Cam,Automotive,46.92,51.23,0.9159,0.0841,0.7488,0.512,https://www.homedepot.com/dp/1358384,homedepot.com,False
TRX Suspension Trainer,Sports,1439.86,2162.27,0.6659,0.3341,0.6803,0.5473,https://www.ebay.com/dp/1900056,ebay.com,False
Levi's 501 Jeans,Clothing,53.01,70.07,0.7565,0.2435,0.8696,0.5569,https://www.amazon.com/dp/9197571,amazon.com,False
Adidas Ultraboost,Clothing,73.51,205.63,0.3575,0.6425,0.0609,0.5531,https://deal-xpress.top/product/53980,deal-xpress.top,True
TRX Suspension Trainer,Sports,146.91,1600.31,0.0918,0.9082,0.1113,0.6085,https://discount-mega.ru/product/78015,discount-mega.ru,True
Thinkware U1000 Dash Cam,Automotive,434.84,601.02,0.7235,0.2765,0.6895,0.332,https://www.newegg.com/dp/1376582,newegg.com,False
Garmin DriveSmart 65 GPS,Automotive,549.41,849.69,0.6466,0.3534,0.9241,0.301,https://www.walmart.com/dp/6865386,walmart.com,False
TRX Suspension Trainer,Sports,277.01,454.19,0.6099,0.3901,0.7116,0.7517,https://www.adorama.com/dp/2785812,adorama.com,False
Designing Data-Intensive Applications,Books,3.69,13.68,0.2697,0.7305,0.28,0.8853,https://shop-fast-now.biz/product/74410,shop-fast-now.biz,True
Ray-Ban Aviator Sunglasses,Clothing,81.15,115.17,0.7046,0.2954,0.9524,0.6936,https://www.bestbuy.com/dp/1835219,bestbuy.com,False
Peloton Bike+,Sports,138.51,210.53,0.6579,0.3421,0.6525,0.7557,https://www.zappos.com/dp/9875180,zappos.com,False
Garmin DriveSmart 65 GPS,Automotive,150.74,187.6,0.8035,0.1965,0.707,0.4797,https://www.nordstrom.com/dp/8882947,nordstrom.com,False
Garmin DriveSmart 65 GPS,Automotive,244.64,283.58,0.8627,0.1373,0.9306,0.3157,https://www.walmart.com/dp/6880098,walmart.com,False
NARS Blush Orgasm,Beauty,51.68,67.81,0.7621,0.2378,0.6517,0.4962,https://www.wayfair.com/dp/3561552,wayfair.com,False
Peloton Bike+,Sports,1353.69,1536.02,0.8813,0.1187,0.8124,0.6311,https://www.amazon.com/dp/7972349,amazon.com,False
NOCO Genius5 Battery Charger,Automotive,445.82,610.13,0.7307,0.2693,0.7123,0.3358,https://www.newegg.com/dp/1701276,newegg.com,False
TRX Suspension Trainer,Sports,53.24,82.83,0.6428,0.3572,0.7257,0.7656,https://www.bhphotovideo.com/dp/3065444,bhphotovideo.com,False
Python Crash Course 3rd Ed,Books,19.62,26.37,0.744,0.2559,0.6592,0.7836,https://www.costco.com/dp/1827125,costco.com,False
Barbie Dreamhouse,Toys,204.85,334.51,0.6124,0.3876,0.7005,0.2451,https://www.ebay.com/dp/9757456,ebay.com,False
NOCO Genius5 Battery Charger,Automotive,536.9,888.46,0.6043,0.3957,0.6566,0.4078,https://www.chewy.com/dp/7207035,chewy.com,False
Thinkware U1000 Dash Cam,Automotive,400.57,466.86,0.858,0.142,0.6753,0.3602,https://www.bhphotovideo.com/dp/2976676,bhphotovideo.com,False
Wilson Tennis Racket Pro,Sports,100.38,285.58,0.3515,0.6485,0.0914,0.7048,https://pricedown-shop.cf/product/77253,pricedown-shop.cf,True
The Pragmatic Programmer,Books,51.42,58.47,0.8794,0.1206,0.7349,0.9337,https://www.homedepot.com/dp/2263679,homedepot.com,False
Dyson Airwrap Styler,Beauty,242.92,335.85,0.7233,0.2767,0.6874,0.4002,https://www.chewy.com/dp/5456573,chewy.com,False
Canon EOS R6 Camera,Electronics,458.61,646.84,0.709,0.291,0.9325,0.8421,https://www.bestbuy.com/dp/6064462,bestbuy.com,False
Instant Pot Duo 7-in-1,Home & Garden,438.83,579.54,0.7572,0.2428,0.8864,0.5276,https://www.bestbuy.com/dp/4171650,bestbuy.com,False
Designing Data-Intensive Applications,Books,9.78,14.24,0.6868,0.3131,0.6942,0.8492,https://www.ebay.com/dp/8457561,ebay.com,False
Wilson Tennis Racket Pro,Sports,762.11,1091.38,0.6983,0.3017,0.7695,0.5915,https://www.macys.com/dp/5207244,macys.com,False
LEGO Technic Bugatti,Toys,8.34,48.8,0.1709,0.8292,0.1014,0.3351,https://deal-xpress.top/product/21263,deal-xpress.top,True
Roomba i7+ Robot Vacuum,Home & Garden,53.07,533.35,0.0995,0.9005,0.0717,0.5859,https://shop-fast-now.biz/product/388,shop-fast-now.biz,True
Nespresso Vertuo Coffee Maker,Home & Garden,402.92,612.9,0.6574,0.3426,0.6935,0.5403,https://www.ebay.com/dp/1051543,ebay.com,False
Adidas Ultraboost,Clothing,292.93,484.43,0.6047,0.3953,0.7415,0.4231,https://www.homedepot.com/dp/6828829,homedepot.com,False
Barbie Dreamhouse,Toys,190.97,253.11,0.7545,0.2455,0.8815,0.2422,https://www.bestbuy.com/dp/2126668,bestbuy.com,False
KitchenAid Stand Mixer,Home & Garden,72.55,110.58,0.6561,0.3439,0.7415,0.3995,https://www.homedepot.com/dp/3307375,homedepot.com,False
Ray-Ban Aviator Sunglasses,Clothing,34.5,37.79,0.9129,0.087,0.7168,0.541,https://www.wayfair.com/dp/2852877,wayfair.com,False
The North Face Parka,Clothing,45.89,63.66,0.7209,0.2792,0.7178,0.7009,https://www.chewy.com/dp/9847254,chewy.com,False
Hot Wheels Ultimate Garage,Toys,69.41,386.05,0.1798,0.8202,0.1565,0.402,https://shop-fast-now.biz/product/49585,shop-fast-now.biz,True
Callaway Golf Driver,Sports,2138.48,2314.87,0.9238,0.0762,0.7504,0.5996,https://www.adorama.com/dp/6752873,adorama.com,False
Bose SoundBar 700,Electronics,1315.76,1755.52,0.7495,0.2505,0.6679,0.8846,https://www.homedepot.com/dp/5894806,homedepot.com,False
Hot Wheels Ultimate Garage,Toys,65.82,69.61,0.9456,0.0545,0.661,0.4366,https://www.bhphotovideo.com/dp/8179349,bhphotovideo.com,False
Barbie Dreamhouse,Toys,12.54,16.05,0.7813,0.219,0.7809,0.3833,https://www.zappos.com/dp/9406675,zappos.com,False
Adidas Ultraboost,Clothing,112.7,409.07,0.2755,0.7245,0.031,0.4737,https://deal-xpress.top/product/52805,deal-xpress.top,True
NARS Blush Orgasm,Beauty,108.83,171.96,0.6329,0.3671,0.9603,0.4251,https://www.amazon.com/dp/1486424,amazon.com,False
"iPad Pro 12.9""",Electronics,782.87,2199.7,0.3559,0.6441,0.28,0.7503,https://buylow-online.icu/product/51721,buylow-online.icu,True
"Samsung 4K TV 55""",Electronics,360.45,1390.07,0.2593,0.7407,0.28,0.7982,https://flashsale-today.ml/product/21806,flashsale-today.ml,True
Instant Pot Duo 7-in-1,Home & Garden,375.71,620.49,0.6055,0.3945,0.7023,0.4947,https://www.newegg.com/dp/7853764,newegg.com,False
Roomba i7+ Robot Vacuum,Home & Garden,412.21,476.6,0.8649,0.1351,0.7132,0.4468,https://www.homedepot.com/dp/7822135,homedepot.com,False
KitchenAid Stand Mixer,Home & Garden,137.39,160.52,0.8559,0.1441,0.6498,0.3886,https://www.ebay.com/dp/9273246,ebay.com,False
"iPad Pro 12.9""",Electronics,318.02,373.61,0.8512,0.1488,0.8702,0.96,https://www.amazon.com/dp/4946691,amazon.com,False
NARS Blush Orgasm,Beauty,23.18,27.52,0.8423,0.1578,0.8044,0.5074,https://www.bestbuy.com/dp/6680438,bestbuy.com,False
Python Crash Course 3rd Ed,Books,35.04,38.58,0.9082,0.0918,0.7659,0.9158,https://www.homedepot.com/dp/1883692,homedepot.com,False
Olaplex Hair Perfector,Beauty,46.08,474.11,0.0972,0.9028,0.1524,0.462,https://bestprice-deals.tk/product/44444,bestprice-deals.tk,True
Ray-Ban Aviator Sunglasses,Clothing,6.54,66.17,0.0988,0.9012,0.0904,0.5917,https://deal-xpress.top/product/65648,deal-xpress.top,True
Nespresso Vertuo Coffee Maker,Home & Garden,138.73,734.41,0.1889,0.8111,0.2445,0.5275,https://buylow-online.icu/product/71948,buylow-online.icu,True
Dyson Airwrap Styler,Beauty,29.1,35.23,0.826,0.1739,0.879,0.4775,https://www.walmart.com/dp/6443037,walmart.com,False
Nike Air Max Sneakers,Clothing,84.29,238.25,0.3538,0.6462,0.1871,0.6977,https://bargain-hunt.gq/product/19332,bargain-hunt.gq,True
Michelin X-Tour Tires,Automotive,455.18,570.83,0.7974,0.2026,0.6732,0.2634,https://www.homedepot.com/dp/1620819,homedepot.com,False
Python Crash Course 3rd Ed,Books,33.07,49.19,0.6723,0.3278,0.9064,0.8455,https://www.target.com/dp/9302838,target.com,False
Dyson V15 Vacuum,Home & Garden,397.64,619.38,0.642,0.358,0.6845,0.3898,https://www.newegg.com/dp/7899659,newegg.com,False
Thinkware U1000 Dash Cam,Automotive,643.87,809.59,0.7953,0.2047,0.6854,0.2749,https://www.costco.com/dp/7915632,costco.com,False
KitchenAid Stand Mixer,Home & Garden,334.91,409.67,0.8175,0.1825,0.6905,0.4674,https://www.adorama.com/dp/7297287,adorama.com,False
NOCO Genius5 Battery Charger,Automotive,291.96,961.03,0.3038,0.6962,0.1839,0.3591,https://flashsale-today.ml/product/43818,flashsale-today.ml,True
Callaway Golf Driver,Sports,619.19,980.35,0.6316,0.3684,0.6958,0.584,https://www.newegg.com/dp/5287143,newegg.com,False
La Mer Moisturizing Cream,Beauty,159.44,407.88,0.3909,0.6091,0.2099,0.5125,https://cheapbuy-store.xyz/product/51650,cheapbuy-store.xyz,True
Garmin Forerunner 945,Sports,566.49,1688.49,0.3355,0.6645,0.1578,0.6714,https://savebig-store.pw/product/82074,savebig-store.pw,True
Dell XPS 15 Laptop,Electronics,823.65,1286.95,0.64,0.36,0.634,0.8338,https://www.macys.com/dp/6105693,macys.com,False
Atomic Habits,Books,21.62,26.4,0.8189,0.1812,0.9276,0.9544,https://www.bestbuy.com/dp/1574205,bestbuy.com,False
Roomba i7+ Robot Vacuum,Home & Garden,509.52,747.98,0.6812,0.3188,0.9673,0.5655,https://www.bestbuy.com/dp/4033321,bestbuy.com,False
Patagonia Fleece Jacket,Clothing,80.37,117.66,0.6831,0.3169,0.6475,0.5222,https://www.ebay.com/dp/7926858,ebay.com,False
Dyson Airwrap Styler,Beauty,58.84,200.94,0.2928,0.7072,0.0774,0.4659,https://bargain-hunt.gq/product/55812,bargain-hunt.gq,True
Garmin Forerunner 945,Sports,1373.98,1753.2,0.7837,0.2163,0.91,0.7875,https://www.amazon.com/dp/1966046,amazon.com,False
Atomic Habits,Books,17.05,23.84,0.7152,0.285,0.8175,0.8427,https://www.wayfair.com/dp/7688583,wayfair.com,False
Thinkware U1000 Dash Cam,Automotive,609.35,659.18,0.9244,0.0756,0.7497,0.4517,https://www.homedepot.com/dp/6701061,homedepot.com,False
Python Crash Course 3rd Ed,Books,39.7,49.51,0.8019,0.1982,0.7092,0.9362,https://www.costco.com/dp/8166382,costco.com,False
Dyson V15 Vacuum,Home & Garden,76.93,214.88,0.358,0.642,0.1809,0.435,https://ultra-deals99.net/product/83409,ultra-deals99.net,True
Thinkware U1000 Dash Cam,Automotive,617.6,886.09,0.697,0.303,0.8213,0.4346,https://www.newegg.com/dp/7993768,newegg.com,False
Callaway Golf Driver,Sports,60.73,80.32,0.7561,0.2439,0.7169,0.6668,https://www.costco.com/dp/8841768,costco.com,False
Wilson Tennis Racket Pro,Sports,64.45,433.69,0.1486,0.8514,0.1333,0.693,https://shop-fast-now.biz/product/40475,shop-fast-now.biz,True
Roomba i7+ Robot Vacuum,Home & Garden,54.87,70.18,0.7818,0.2182,0.6675,0.411,https://www.costco.com/dp/2721170,costco.com,False
Peloton Bike+,Sports,1130.97,1710.22,0.6613,0.3387,0.7054,0.6275,https://www.costco.com/dp/4872334,costco.com,False
Peloton Bike+,Sports,1317.96,1674.45,0.7871,0.2129,0.8739,0.7839,https://www.bestbuy.com/dp/7801762,bestbuy.com,False
LEGO Technic Bugatti,Toys,110.09,167.8,0.6561,0.3439,0.7559,0.4659,https://www.zappos.com/dp/3358208,zappos.com,False
Canon EOS R6 Camera,Electronics,1529.09,2079.55,0.7353,0.2647,0.6827,0.7211,https://www.homedepot.com/dp/4937877,homedepot.com,False
KitchenAid Stand Mixer,Home & Garden,657.98,775.92,0.848,0.152,0.7083,0.4894,https://www.macys.com/dp/9237735,macys.com,False
Garmin DriveSmart 65 GPS,Automotive,798.3,944.17,0.8455,0.1545,0.7313,0.3314,https://www.newegg.com/dp/8030010,newegg.com,False
Nike Air Max Sneakers,Clothing,149.53,171.87,0.87,0.13,0.8692,0.4922,https://www.bestbuy.com/dp/2693391,bestbuy.com,False
Nintendo Switch OLED,Toys,47.77,53.55,0.8921,0.108,0.7647,0.3935,https://www.homedepot.com/dp/4795970,homedepot.com,False
LEGO Technic Bugatti,Toys,231.91,307.9,0.7532,0.2468,0.708,0.3502,https://www.wayfair.com/dp/8004117,wayfair.com,False
Roomba i7+ Robot Vacuum,Home & Garden,334.75,522.8,0.6403,0.3597,0.7774,0.4756,https://www.chewy.com/dp/8073819,chewy.com,False
Thinkware U1000 Dash Cam,Automotive,182.7,283.43,0.6446,0.3554,0.6662,0.4489,https://www.newegg.com/dp/4553384,newegg.com,False
Levi's 501 Jeans,Clothing,277.15,335.65,0.8257,0.1743,0.6724,0.6506,https://www.homedepot.com/dp/1743175,homedepot.com,False
NOCO Genius5 Battery Charger,Automotive,67.46,96.06,0.7023,0.2977,0.6986,0.3253,https://www.adorama.com/dp/4690350,adorama.com,False
Garmin Forerunner 945,Sports,223.92,729.62,0.3069,0.6931,0.0364,0.737,https://ultra-deals99.net/product/80708,ultra-deals99.net,True
Designing Data-Intensive Applications,Books,18.56,50.65,0.3664,0.6335,0.2009,0.8507,https://bestprice-deals.tk/product/79152,bestprice-deals.tk,True
Nintendo Switch OLED,Toys,154.9,203.01,0.763,0.237,0.9006,0.3426,https://www.target.com/dp/4275511,target.com,False
Hot Wheels Ultimate Garage,Toys,78.4,84.16,0.9316,0.0684,0.6016,0.2606,https://www.adorama.com/dp/6678849,adorama.com,False
"iPad Pro 12.9""",Electronics,1645.79,2519.96,0.6531,0.3469,0.6525,0.8755,https://www.costco.com/dp/3838932,costco.com,False
KitchenAid Stand Mixer,Home & Garden,423.31,661.42,0.64,0.36,0.671,0.3575,https://www.adorama.com/dp/4269510,adorama.com,False
Designing Data-Intensive Applications,Books,15.18,46.08,0.3294,0.6705,0.1,0.766,https://flashsale-today.ml/product/68517,flashsale-today.ml,True
"Samsung 4K TV 55""",Electronics,2692.95,2986.52,0.9017,0.0983,0.7019,0.8248,https://www.macys.com/dp/8998907,macys.com,False
KitchenAid Stand Mixer,Home & Garden,63.52,100.62,0.6313,0.3687,0.7024,0.3835,https://www.zappos.com/dp/8568671,zappos.com,False
Garmin Forerunner 945,Sports,97.6,103.71,0.9411,0.0589,0.7131,0.7155,https://www.wayfair.com/dp/5001116,wayfair.com,False
NARS Blush Orgasm,Beauty,48.61,522.16,0.0931,0.9069,0.28,0.3702,https://topdeal-online.cc/product/8437,topdeal-online.cc,True
La Mer Moisturizing Cream,Beauty,5.13,24.2,0.212,0.7881,0.1568,0.4888,https://topdeal-online.cc/product/74067,topdeal-online.cc,True
La Mer Moisturizing Cream,Beauty,21.3,171.19,0.1244,0.8756,0.0997,0.4065,https://flashsale-today.ml/product/58437,flashsale-today.ml,True
Instant Pot Duo 7-in-1,Home & Garden,79.96,131.64,0.6074,0.3926,0.7078,0.4819,https://www.wayfair.com/dp/1397254,wayfair.com,False
La Mer Moisturizing Cream,Beauty,281.87,464.45,0.6069,0.3931,0.6906,0.5954,https://www.wayfair.com/dp/6275739,wayfair.com,False
Callaway Golf Driver,Sports,1192.64,1264.06,0.9435,0.0565,0.6815,0.5876,https://www.homedepot.com/dp/9923120,homedepot.com,False
Garmin DriveSmart 65 GPS,Automotive,395.7,530.93,0.7453,0.2547,0.6647,0.4684,https://www.macys.com/dp/3081873,macys.com,False
Thinkware U1000 Dash Cam,Automotive,102.39,751.23,0.1363,0.8637,0.0219,0.3846,https://cheapbuy-store.xyz/product/54960,cheapbuy-store.xyz,True
Nintendo Switch OLED,Toys,70.73,91.64,0.7718,0.2282,0.6154,0.4724,https://www.adorama.com/dp/1675365,adorama.com,False
Nike Air Max Sneakers,Clothing,383.21,429.13,0.893,0.107,0.6725,0.6688,https://www.nordstrom.com/dp/7751088,nordstrom.com,False
Nike Air Max Sneakers,Clothing,108.79,116.06,0.9374,0.0626,0.8804,0.5186,https://www.target.com/dp/9245415,target.com,False
Adidas Ultraboost,Clothing,98.19,157.21,0.6246,0.3754,0.6381,0.6088,https://www.nordstrom.com/dp/1179426,nordstrom.com,False
Dell XPS 15 Laptop,Electronics,1032.13,2856.71,0.3613,0.6387,0.1801,0.9677,https://bargain-hunt.gq/product/54638,bargain-hunt.gq,True
Atomic Habits,Books,14.82,23.39,0.6336,0.3666,0.6908,0.701,https://www.zappos.com/dp/4798095,zappos.com,False
Python Crash Course 3rd Ed,Books,43.14,45.44,0.9494,0.0506,0.7407,0.8015,https://www.chewy.com/dp/4305700,chewy.com,False
The North Face Parka,Clothing,307.57,328.28,0.9369,0.0631,0.7355,0.5652,https://www.nordstrom.com/dp/7401281,nordstrom.com,False
The Pragmatic Programmer,Books,21.2,23.04,0.9201,0.0798,0.6474,0.6975,https://www.zappos.com/dp/3482081,zappos.com,False
Adidas Ultraboost,Clothing,381.04,444.31,0.8576,0.1424,0.9333,0.7553,https://www.bestbuy.com/dp/7850856,bestbuy.com,False
La Mer Moisturizing Cream,Beauty,191.09,224.92,0.8496,0.1504,0.7169,0.425,https://www.chewy.com/dp/7454929,chewy.com,False
Olaplex Hair Perfector,Beauty,33.71,168.21,0.2004,0.7996,0.28,0.355,https://ultra-deals99.net/product/21793,ultra-deals99.net,True
Nintendo Switch OLED,Toys,335.06,354.22,0.9459,0.0541,0.6762,0.2456,https://www.zappos.com/dp/2742095,zappos.com,False
Peloton Bike+,Sports,1296.06,1556.83,0.8325,0.1675,0.6948,0.5685,https://www.chewy.com/dp/1919587,chewy.com,False
Bose SoundBar 700,Electronics,444.21,1458.35,0.3046,0.6954,0.2239,0.8619,https://buylow-online.icu/product/36605,buylow-online.icu,True
Hot Wheels Ultimate Garage,Toys,98.31,130.51,0.7533,0.2467,0.7233,0.3471,https://www.wayfair.com/dp/1800429,wayfair.com,False
Nike Air Max Sneakers,Clothing,227.28,341.32,0.6659,0.3341,0.7054,0.5137,https://www.costco.com/dp/7243076,costco.com,False
The Pragmatic Programmer,Books,30.9,32.81,0.9418,0.0583,0.7992,0.901,https://www.macys.com/dp/4870860,macys.com,False
Instant Pot Duo 7-in-1,Home & Garden,236.6,385.9,0.6131,0.3869,0.8705,0.5059,https://www.amazon.com/dp/1542282,amazon.com,False
Wilson Tennis Racket Pro,Sports,1806.18,2330.55,0.775,0.225,0.7714,0.5821,https://www.newegg.com/dp/1950399,newegg.com,False
TRX Suspension Trainer,Sports,154.88,211.84,0.7311,0.2689,0.746,0.6465,https://www.adorama.com/dp/5561139,adorama.com,False
Dyson V15 Vacuum,Home & Garden,143.74,230.8,0.6228,0.3772,0.7311,0.3244,https://www.wayfair.com/dp/8005797,wayfair.com,False
Michelin X-Tour Tires,Automotive,482.24,620.17,0.7776,0.2224,0.7054,0.3745,https://www.adorama.com/dp/3515191,adorama.com,False
Clean Code,Books,36.28,43.17,0.8404,0.1597,0.753,0.9494,https://www.newegg.com/dp/7749490,newegg.com,False
Magna-Tiles 100 Piece Set,Toys,198.92,274.52,0.7246,0.2754,0.6549,0.4147,https://www.chewy.com/dp/4868819,chewy.com,False
Nike Air Max Sneakers,Clothing,458.97,498.23,0.9212,0.0788,0.87,0.4753,https://www.amazon.com/dp/1003575,amazon.com,False
Dell XPS 15 Laptop,Electronics,1444.05,2057.64,0.7018,0.2982,1.0,0.9319,https://www.target.com/dp/2509387,target.com,False
The North Face Parka,Clothing,139.73,161.78,0.8637,0.1363,0.8741,0.7127,https://www.walmart.com/dp/2376369,walmart.com,False
Magna-Tiles 100 Piece Set,Toys,12.73,34.87,0.3651,0.635,0.0187,0.3259,https://buylow-online.icu/product/70343,buylow-online.icu,True
Clean Code,Books,17.47,22.19,0.7873,0.2126,0.6757,0.9065,https://www.wayfair.com/dp/7358385,wayfair.com,False
Barbie Dreamhouse,Toys,27.9,219.71,0.127,0.873,0.1513,0.3035,https://topdeal-online.cc/product/32266,topdeal-online.cc,True
Callaway Golf Driver,Sports,445.59,622.24,0.7161,0.2839,0.6691,0.7719,https://www.nordstrom.com/dp/3586532,nordstrom.com,False
TRX Suspension Trainer,Sports,2126.52,2242.46,0.9483,0.0517,0.7195,0.6877,https://www.adorama.com/dp/8506629,adorama.com,False
Sony Headphones WH-1000XM5,Electronics,1132.63,1553.04,0.7293,0.2707,0.6541,0.9885,https://www.costco.com/dp/1404999,costco.com,False
Olaplex Hair Perfector,Beauty,157.87,246.59,0.6402,0.3598,0.8679,0.7259,https://www.walmart.com/dp/1925278,walmart.com,False
KitchenAid Stand Mixer,Home & Garden,308.6,394.07,0.7831,0.2169,0.7802,0.4272,https://www.nordstrom.com/dp/1334774,nordstrom.com,False
LEGO Technic Bugatti,Toys,75.48,124.45,0.6065,0.3935,0.9536,0.5391,https://www.walmart.com/dp/7613071,walmart.com,False
Python Crash Course 3rd Ed,Books,32.7,47.16,0.6934,0.3067,0.6258,0.8833,https://www.chewy.com/dp/2068187,chewy.com,False
Michelin X-Tour Tires,Automotive,37.32,407.4,0.0916,0.9084,0.0622,0.5484,https://topdeal-online.cc/product/38101,topdeal-online.cc,True
Magna-Tiles 100 Piece Set,Toys,194.68,264.23,0.7368,0.2632,0.7112,0.4591,https://www.ebay.com/dp/2813693,ebay.com,False
Patagonia Fleece Jacket,Clothing,207.51,330.22,0.6284,0.3716,0.7267,0.6983,https://www.costco.com/dp/5990361,costco.com,False
Nike Air Max Sneakers,Clothing,86.17,481.69,0.1789,0.8211,0.1707,0.6405,https://flashsale-today.ml/product/1385,flashsale-today.ml,True
Wilson Tennis Racket Pro,Sports,1421.35,2118.57,0.6709,0.3291,0.6222,0.6658,https://www.costco.com/dp/3914404,costco.com,False
NOCO Genius5 Battery Charger,Automotive,44.02,64.41,0.6834,0.3165,0.9091,0.2963,https://www.target.com/dp/2054635,target.com,False
The Pragmatic Programmer,Books,1.02,13.2,0.0773,0.9229,0.1376,0.879,https://bargain-hunt.gq/product/52555,bargain-hunt.gq,True
LEGO Technic Bugatti,Toys,62.86,101.25,0.6208,0.3792,0.6502,0.3355,https://www.chewy.com/dp/5217487,chewy.com,False
LEGO Technic Bugatti,Toys,210.04,228.85,0.9178,0.0822,0.7034,0.2103,https://www.zappos.com/dp/9255969,zappos.com,False
Michelin X-Tour Tires,Automotive,426.78,603.74,0.7069,0.2931,0.6853,0.5085,https://www.macys.com/dp/7699704,macys.com,False
NARS Blush Orgasm,Beauty,479.98,513.9,0.934,0.066,0.5782,0.5547,https://www.wayfair.com/dp/5458619,wayfair.com,False
Hot Wheels Ultimate Garage,Toys,234.31,271.79,0.8621,0.1379,0.7329,0.3444,https://www.costco.com/dp/2394075,costco.com,False
Olaplex Hair Perfector,Beauty,11.54,120.83,0.0955,0.9045,0.28,0.3819,https://shop-fast-now.biz/product/39309,shop-fast-now.biz,True
Olaplex Hair Perfector,Beauty,156.31,232.15,0.6733,0.3267,0.899,0.4198,https://www.amazon.com/dp/5436878,amazon.com,False
La Mer Moisturizing Cream,Beauty,67.0,101.41,0.6607,0.3393,0.6384,0.4452,https://www.wayfair.com/dp/5935250,wayfair.com,False
TRX Suspension Trainer,Sports,550.24,790.46,0.6961,0.3039,0.6589,0.597,https://www.chewy.com/dp/6124793,chewy.com,False
Ray-Ban Aviator Sunglasses,Clothing,83.6,125.04,0.6686,0.3314,0.6513,0.663,https://www.macys.com/dp/9689889,macys.com,False
TRX Suspension Trainer,Sports,1836.78,2247.65,0.8172,0.1828,0.6871,0.6944,https://www.chewy.com/dp/8880476,chewy.com,False
LEGO Technic Bugatti,Toys,293.37,371.64,0.7894,0.2106,0.6944,0.2856,https://www.costco.com/dp/3967808,costco.com,False
Levi's 501 Jeans,Clothing,238.23,322.19,0.7394,0.2606,0.836,0.6152,https://www.amazon.com/dp/4194945,amazon.com,False
La Mer Moisturizing Cream,Beauty,381.72,538.01,0.7095,0.2905,0.7881,0.5,https://www.wayfair.com/dp/5815154,wayfair.com,False
Dyson Airwrap Styler,Beauty,210.33,261.21,0.8052,0.1948,0.6842,0.4247,https://www.ebay.com/dp/4179223,ebay.com,False
Levi's 501 Jeans,Clothing,49.33,124.01,0.3978,0.6022,0.0685,0.6863,https://topdeal-online.cc/product/10707,topdeal-online.cc,True
Dyson Airwrap Styler,Beauty,215.43,273.01,0.7891,0.2109,0.7966,0.4929,https://www.walmart.com/dp/6252285,walmart.com,False
Canon EOS R6 Camera,Electronics,1289.59,1796.08,0.718,0.282,0.9237,0.8442,https://www.walmart.com/dp/8190929,walmart.com,False
NARS Blush Orgasm,Beauty,110.46,177.87,0.621,0.379,0.6743,0.4041,https://www.ebay.com/dp/9369723,ebay.com,False
Dyson V15 Vacuum,Home & Garden,321.87,527.91,0.6097,0.3903,0.5938,0.4831,https://www.bhphotovideo.com/dp/5799061,bhphotovideo.com,False
Garmin Forerunner 945,Sports,808.22,2482.24,0.3256,0.6744,0.0475,0.8434,https://bargain-hunt.gq/product/88664,bargain-hunt.gq,True
Peloton Bike+,Sports,1422.74,1911.26,0.7444,0.2556,0.6984,0.6321,https://www.zappos.com/dp/9983668,zappos.com,False
TRX Suspension Trainer,Sports,178.23,967.58,0.1842,0.8158,0.2525,0.8385,https://discount-mega.ru/product/98318,discount-mega.ru,True
Dyson Airwrap Styler,Beauty,232.46,248.09,0.937,0.063,0.7548,0.4499,https://www.chewy.com/dp/3532555,chewy.com,False
Nintendo Switch OLED,Toys,92.46,132.9,0.6957,0.3043,0.785,0.3179,https://www.zappos.com/dp/6290638,zappos.com,False
Callaway Golf Driver,Sports,1370.2,1971.22,0.6951,0.3049,0.6591,0.7257,https://www.chewy.com/dp/4123052,chewy.com,False
Clean Code,Books,28.33,30.42,0.9313,0.0688,0.8982,0.761,https://www.bestbuy.com/dp/5065168,bestbuy.com,False
Designing Data-Intensive Applications,Books,40.63,50.44,0.8055,0.1945,0.7937,0.9864,https://www.zappos.com/dp/2148634,zappos.com,False
Michelin X-Tour Tires,Automotive,451.81,699.51,0.6459,0.3541,0.7043,0.2225,https://www.macys.com/dp/9165848,macys.com,False
Thinkware U1000 Dash Cam,Automotive,204.27,226.59,0.9015,0.0985,0.6785,0.3446,https://www.adorama.com/dp/4394202,adorama.com,False
Canon EOS R6 Camera,Electronics,1445.39,2312.99,0.6249,0.3751,0.6715,0.8764,https://www.costco.com/dp/5002042,costco.com,False
Instant Pot Duo 7-in-1,Home & Garden,491.89,595.37,0.8262,0.1738,0.8803,0.389,https://www.amazon.com/dp/7325462,amazon.com,False
TRX Suspension Trainer,Sports,345.28,374.12,0.9229,0.0771,0.6209,0.7653,https://www.zappos.com/dp/7336155,zappos.com,False
Nike Air Max Sneakers,Clothing,328.42,448.78,0.7318,0.2682,0.7683,0.541,https://www.macys.com/dp/8748174,macys.com,False
LEGO Technic Bugatti,Toys,74.71,85.31,0.8757,0.1243,0.6977,0.3591,https://www.nordstrom.com/dp/2322696,nordstrom.com,False
Levi's 501 Jeans,Clothing,129.98,328.64,0.3955,0.6045,0.1211,0.4675,https://cheapbuy-store.xyz/product/55939,cheapbuy-store.xyz,True
Magna-Tiles 100 Piece Set,Toys,42.31,355.56,0.119,0.881,0.0112,0.4583,https://ultra-deals99.net/product/92701,ultra-deals99.net,True
Dyson V15 Vacuum,Home & Garden,45.68,151.15,0.3022,0.6978,0.1053,0.4233,https://topdeal-online.cc/product/1059,topdeal-online.cc,True
KitchenAid Stand Mixer,Home & Garden,60.36,67.28,0.8971,0.1028,0.959,0.4823,https://www.bestbuy.com/dp/2938768,bestbuy.com,False
The North Face Parka,Clothing,66.18,85.17,0.777,0.223,0.6835,0.734,https://www.adorama.com/dp/6716053,adorama.com,False
Dyson V15 Vacuum,Home & Garden,94.81,107.97,0.8781,0.1219,0.9319,0.3586,https://www.target.com/dp/7866576,target.com,False
Roomba i7+ Robot Vacuum,Home & Garden,173.91,285.29,0.6096,0.3904,0.7038,0.5339,https://www.bhphotovideo.com/dp/2032303,bhphotovideo.com,False
Apple AirPods Pro,Electronics,1380.73,1734.58,0.796,0.204,0.8214,0.9365,https://www.bestbuy.com/dp/1930087,bestbuy.com,False
The North Face Parka,Clothing,123.45,161.86,0.7627,0.2373,0.6609,0.6566,https://www.costco.com/dp/7444109,costco.com,False
Patagonia Fleece Jacket,Clothing,313.71,367.47,0.8537,0.1463,0.9252,0.6501,https://www.bestbuy.com/dp/7797848,bestbuy.com,False
Atomic Habits,Books,13.01,19.89,0.6541,0.3461,0.7856,0.7602,https://www.macys.com/dp/5715786,macys.com,False
Adidas Ultraboost,Clothing,353.12,484.85,0.7283,0.2717,0.7619,0.6017,https://www.ebay.com/dp/5417710,ebay.com,False
Nike Air Max Sneakers,Clothing,206.81,258.74,0.7993,0.2007,0.8148,0.5956,https://www.bestbuy.com/dp/7378822,bestbuy.com,False
Magna-Tiles 100 Piece Set,Toys,52.68,395.21,0.1333,0.8667,0.0791,0.3454,https://deal-xpress.top/product/51297,deal-xpress.top,True
Designing Data-Intensive Applications,Books,14.36,55.29,0.2597,0.7402,0.28,0.866,https://pricedown-shop.cf/product/71560,pricedown-shop.cf,True
Michelin X-Tour Tires,Automotive,76.84,81.06,0.9479,0.0521,0.6267,0.3599,https://www.bhphotovideo.com/dp/6512184,bhphotovideo.com,False
Ray-Ban Aviator Sunglasses,Clothing,335.6,411.78,0.815,0.185,0.726,0.5136,https://www.costco.com/dp/8157670,costco.com,False
Atomic Habits,Books,5.15,50.52,0.1019,0.8981,0.13,0.8743,https://shop-fast-now.biz/product/36152,shop-fast-now.biz,True
Designing Data-Intensive Applications,Books,7.04,42.25,0.1666,0.8334,0.0728,0.8967,https://flashsale-today.ml/product/56937,flashsale-today.ml,True
Dyson V15 Vacuum,Home & Garden,709.76,769.8,0.922,0.078,0.9458,0.4763,https://www.bestbuy.com/dp/2149597,bestbuy.com,False
Sony Headphones WH-1000XM5,Electronics,1522.07,1717.14,0.8864,0.1136,0.6529,0.8062,https://www.adorama.com/dp/9860422,adorama.com,False
Barbie Dreamhouse,Toys,11.2,17.35,0.6455,0.3545,0.803,0.4904,https://www.wayfair.com/dp/7724045,wayfair.com,False
Sony Headphones WH-1000XM5,Electronics,1972.1,2243.83,0.8789,0.1211,0.6712,0.6427,https://www.zappos.com/dp/8433377,zappos.com,False
Wilson Tennis Racket Pro,Sports,2012.8,2184.74,0.9213,0.0787,0.5959,0.8357,https://www.bhphotovideo.com/dp/9861274,bhphotovideo.com,False
Magna-Tiles 100 Piece Set,Toys,278.88,353.51,0.7889,0.2111,0.6581,0.2791,https://www.wayfair.com/dp/1655733,wayfair.com,False
Nike Air Max Sneakers,Clothing,158.2,169.27,0.9346,0.0654,0.728,0.5764,https://www.zappos.com/dp/2460891,zappos.com,False
Michelin X-Tour Tires,Automotive,495.12,608.86,0.8132,0.1868,0.9628,0.3602,https://www.amazon.com/dp/8533390,amazon.com,False
Ray-Ban Aviator Sunglasses,Clothing,69.03,91.83,0.7517,0.2483,0.7821,0.6808,https://www.wayfair.com/dp/2681144,wayfair.com,False
Fenty Beauty Foundation,Beauty,12.85,97.12,0.1323,0.8677,0.0819,0.5119,https://buylow-online.icu/product/40514,buylow-online.icu,True
Sony Headphones WH-1000XM5,Electronics,341.68,485.75,0.7034,0.2966,0.887,0.8343,https://www.bestbuy.com/dp/2860938,bestbuy.com,False
La Mer Moisturizing Cream,Beauty,135.56,163.56,0.8288,0.1712,0.7515,0.5378,https://www.ebay.com/dp/4162177,ebay.com,False
Nintendo Switch OLED,Toys,106.36,124.85,0.8519,0.1481,0.7142,0.271,https://www.wayfair.com/dp/2690500,wayfair.com,False
Garmin DriveSmart 65 GPS,Automotive,184.49,293.22,0.6292,0.3708,0.689,0.3898,https://www.wayfair.com/dp/1190530,wayfair.com,False
Nike Air Max Sneakers,Clothing,91.24,107.39,0.8496,0.1504,0.9231,0.5261,https://www.amazon.com/dp/7146104,amazon.com,False
Apple AirPods Pro,Electronics,488.72,2648.88,0.1845,0.8155,0.1448,0.8511,https://pricedown-shop.cf/product/72195,pricedown-shop.cf,True
Michelin X-Tour Tires,Automotive,96.81,103.43,0.936,0.064,0.7721,0.2851,https://www.newegg.com/dp/6407658,newegg.com,False
Thinkware U1000 Dash Cam,Automotive,118.89,307.85,0.3862,0.6138,0.1109,0.3681,https://ultra-deals99.net/product/90435,ultra-deals99.net,True
Ray-Ban Aviator Sunglasses,Clothing,332.15,355.35,0.9347,0.0653,0.6984,0.5272,https://www.chewy.com/dp/3649663,chewy.com,False
Roomba i7+ Robot Vacuum,Home & Garden,238.71,382.06,0.6248,0.3752,0.6804,0.3329,https://www.chewy.com/dp/2217071,chewy.com,False
Michelin X-Tour Tires,Automotive,258.28,377.44,0.6843,0.3157,0.7977,0.3595,https://www.chewy.com/dp/4767293,chewy.com,False
Olaplex Hair Perfector,Beauty,423.11,582.16,0.7268,0.2732,0.6402,0.5356,https://www.chewy.com/dp/5755579,chewy.com,False
Canon EOS R6 Camera,Electronics,745.03,1045.36,0.7127,0.2873,0.7113,0.9054,https://www.costco.com/dp/7565976,costco.com,False
Nespresso Vertuo Coffee Maker,Home & Garden,455.26,580.61,0.7841,0.2159,0.6756,0.5007,https://www.costco.com/dp/7984404,costco.com,False
Apple AirPods Pro,Electronics,202.13,2438.28,0.0829,0.9171,0.28,0.894,https://topdeal-online.cc/product/45195,topdeal-online.cc,True
Roomba i7+ Robot Vacuum,Home & Garden,479.44,738.96,0.6488,0.3512,0.7812,0.4807,https://www.nordstrom.com/dp/4582959,nordstrom.com,False
Peloton Bike+,Sports,1743.01,2370.48,0.7353,0.2647,0.6794,0.7731,https://www.costco.com/dp/3167873,costco.com,False
Atomic Habits,Books,34.82,40.79,0.8536,0.1463,0.7594,0.9567,https://www.ebay.com/dp/1238286,ebay.com,False
Dyson Airwrap Styler,Beauty,77.69,124.03,0.6264,0.3736,0.7701,0.3879,https://www.nordstrom.com/dp/7907400,nordstrom.com,False
LEGO Technic Bugatti,Toys,278.19,374.26,0.7433,0.2567,0.6782,0.3447,https://www.newegg.com/dp/2483915,newegg.com,False
NOCO Genius5 Battery Charger,Automotive,646.47,769.33,0.8403,0.1597,0.7378,0.2469,https://www.macys.com/dp/4192453,macys.com,False
NOCO Genius5 Battery Charger,Automotive,227.34,354.06,0.6421,0.3579,0.6777,0.4685,https://www.ebay.com/dp/8072684,ebay.com,False
Barbie Dreamhouse,Toys,319.47,354.18,0.902,0.098,0.7171,0.3865,https://www.nordstrom.com/dp/3233823,nordstrom.com,False
Garmin Forerunner 945,Sports,281.02,2051.23,0.137,0.863,0.1394,0.6367,https://bestprice-deals.tk/product/15974,bestprice-deals.tk,True
Hot Wheels Ultimate Garage,Toys,17.34,261.48,0.0663,0.9337,0.0352,0.4471,https://pricedown-shop.cf/product/33027,pricedown-shop.cf,True
Python Crash Course 3rd Ed,Books,33.24,39.09,0.8503,0.1497,0.8144,0.7589,https://www.homedepot.com/dp/8829244,homedepot.com,False
TRX Suspension Trainer,Sports,461.59,501.35,0.9207,0.0793,0.736,0.5965,https://www.zappos.com/dp/8473546,zappos.com,False
The North Face Parka,Clothing,72.32,90.95,0.7952,0.2048,0.6811,0.7666,https://www.newegg.com/dp/2344809,newegg.com,False
Levi's 501 Jeans,Clothing,67.61,97.0,0.697,0.303,0.7471,0.6154,https://www.macys.com/dp/8883139,macys.com,False
Bose SoundBar 700,Electronics,403.59,553.01,0.7298,0.2702,0.6877,0.8282,https://www.wayfair.com/dp/7378535,wayfair.com,False
Roomba i7+ Robot Vacuum,Home & Garden,90.02,465.44,0.1934,0.8066,0.2279,0.4209,https://bestprice-deals.tk/product/80828,bestprice-deals.tk,True
Logitech MX Master Mouse,Electronics,262.34,423.19,0.6199,0.3801,0.8703,0.8007,https://www.bestbuy.com/dp/8241263,bestbuy.com,False
Wilson Tennis Racket Pro,Sports,36.17,57.15,0.6329,0.3671,0.7366,0.8004,https://www.zappos.com/dp/6710639,zappos.com,False
Python Crash Course 3rd Ed,Books,5.66,15.47,0.3659,0.6341,0.1142,0.8727,https://buylow-online.icu/product/69872,buylow-online.icu,True
Olaplex Hair Perfector,Beauty,265.36,379.58,0.6991,0.3009,0.8539,0.4548,https://www.bestbuy.com/dp/9381636,bestbuy.com,False
Fenty Beauty Foundation,Beauty,218.7,295.98,0.7389,0.2611,0.7325,0.3798,https://www.newegg.com/dp/9129112,newegg.com,False
Instant Pot Duo 7-in-1,Home & Garden,521.04,614.87,0.8474,0.1526,0.6686,0.5529,https://www.nordstrom.com/dp/3210308,nordstrom.com,False
Nespresso Vertuo Coffee Maker,Home & Garden,658.98,710.87,0.927,0.073,0.7316,0.6317,https://www.newegg.com/dp/9030667,newegg.com,False
Nespresso Vertuo Coffee Maker,Home & Garden,361.17,427.47,0.8449,0.1551,0.7613,0.4356,https://www.amazon.com/dp/8527850,amazon.com,False
Nike Air Max Sneakers,Clothing,251.78,383.63,0.6563,0.3437,0.6916,0.6483,https://www.zappos.com/dp/5546442,zappos.com,False
Wilson Tennis Racket Pro,Sports,1201.48,1990.19,0.6037,0.3963,0.6353,0.7929,https://www.nordstrom.com/dp/7024901,nordstrom.com,False
Nintendo Switch OLED,Toys,110.74,165.51,0.6691,0.3309,0.7007,0.3951,https://www.macys.com/dp/3274016,macys.com,False
Magna-Tiles 100 Piece Set,Toys,86.44,100.82,0.8574,0.1426,0.704,0.4107,https://www.chewy.com/dp/1649453,chewy.com,False
LEGO Technic Bugatti,Toys,43.08,128.67,0.3348,0.6652,0.0163,0.3153,https://buylow-online.icu/product/5958,buylow-online.icu,True
Adidas Ultraboost,Clothing,245.82,302.33,0.8131,0.1869,0.7156,0.4488,https://www.zappos.com/dp/6237674,zappos.com,False
LEGO Technic Bugatti,Toys,149.97,220.02,0.6816,0.3184,0.6717,0.302,https://www.newegg.com/dp/9702028,newegg.com,False
Dyson Airwrap Styler,Beauty,65.87,95.92,0.6867,0.3133,0.7101,0.6305,https://www.wayfair.com/dp/1908038,wayfair.com,False
Fenty Beauty Foundation,Beauty,122.8,557.94,0.2201,0.7799,0.0749,0.5387,https://deal-xpress.top/product/98081,deal-xpress.top,True
Atomic Habits,Books,19.17,59.8,0.3206,0.6794,0.28,1.0,https://discount-mega.ru/product/39432,discount-mega.ru,True
The Pragmatic Programmer,Books,33.09,38.92,0.8502,0.1498,0.7284,0.9869,https://www.wayfair.com/dp/5523795,wayfair.com,False
LEGO Technic Bugatti,Toys,160.64,226.35,0.7097,0.2903,1.0,0.408,https://www.walmart.com/dp/3964356,walmart.com,False
NARS Blush Orgasm,Beauty,24.7,486.27,0.0508,0.9492,0.0262,0.4905,https://discount-mega.ru/product/53504,discount-mega.ru,True
Magna-Tiles 100 Piece Set,Toys,156.55,238.86,0.6554,0.3446,0.9528,0.4273,https://www.bestbuy.com/dp/8211972,bestbuy.com,False
NARS Blush Orgasm,Beauty,297.72,460.51,0.6465,0.3535,0.7052,0.495,https://www.zappos.com/dp/1942977,zappos.com,False
Designing Data-Intensive Applications,Books,16.63,24.35,0.683,0.3171,0.6619,0.8755,https://www.ebay.com/dp/6041605,ebay.com,False
Patagonia Fleece Jacket,Clothing,133.81,190.48,0.7025,0.2975,0.6861,0.7033,https://www.chewy.com/dp/5228095,chewy.com,False
Garmin DriveSmart 65 GPS,Automotive,49.65,172.76,0.2874,0.7126,0.0632,0.4169,https://pricedown-shop.cf/product/91563,pricedown-shop.cf,True
Garmin Forerunner 945,Sports,525.34,761.69,0.6897,0.3103,0.7297,0.7683,https://www.nordstrom.com/dp/6383277,nordstrom.com,False
Roomba i7+ Robot Vacuum,Home & Garden,473.68,631.83,0.7497,0.2503,0.5911,0.4076,https://www.chewy.com/dp/4840752,chewy.com,False
Roomba i7+ Robot Vacuum,Home & Garden,589.7,682.6,0.8639,0.1361,0.8398,0.3666,https://www.target.com/dp/1360576,target.com,False
Peloton Bike+,Sports,627.44,1590.46,0.3945,0.6055,0.0482,0.6116,https://discount-mega.ru/product/5585,discount-mega.ru,True
Instant Pot Duo 7-in-1,Home & Garden,219.95,643.51,0.3418,0.6582,0.1714,0.5081,https://shop-fast-now.biz/product/82232,shop-fast-now.biz,True
Instant Pot Duo 7-in-1,Home & Garden,191.17,541.4,0.3531,0.6469,0.141,0.4356,https://buylow-online.icu/product/16287,buylow-online.icu,True
Apple AirPods Pro,Electronics,1538.27,2220.37,0.6928,0.3072,0.9347,0.6878,https://www.bestbuy.com/dp/1605920,bestbuy.com,False
Logitech MX Master Mouse,Electronics,325.62,911.34,0.3573,0.6427,0.0477,0.7767,https://bestprice-deals.tk/product/33892,bestprice-deals.tk,True
Michelin X-Tour Tires,Automotive,241.73,368.61,0.6558,0.3442,0.7015,0.3282,https://www.chewy.com/dp/4489742,chewy.com,False
NOCO Genius5 Battery Charger,Automotive,558.47,860.78,0.6488,0.3512,0.805,0.3897,https://www.walmart.com/dp/3868768,walmart.com,False
Thinkware U1000 Dash Cam,Automotive,821.93,925.81,0.8878,0.1122,0.6997,0.4943,https://www.ebay.com/dp/1055991,ebay.com,False
TRX Suspension Trainer,Sports,1438.36,1992.19,0.722,0.278,0.7347,0.6686,https://www.ebay.com/dp/9466446,ebay.com,False
KitchenAid Stand Mixer,Home & Garden,24.23,134.75,0.1798,0.8202,0.1758,0.5588,https://buylow-online.icu/product/27128,buylow-online.icu,True
Clean Code,Books,1.26,15.14,0.0832,0.917,0.2399,0.977,https://buylow-online.icu/product/3429,buylow-online.icu,True
Hot Wheels Ultimate Garage,Toys,151.36,233.79,0.6474,0.3526,0.7397,0.3402,https://www.costco.com/dp/4108891,costco.com,False
Nespresso Vertuo Coffee Maker,Home & Garden,250.35,400.5,0.6251,0.3749,0.93,0.5266,https://www.walmart.com/dp/6267324,walmart.com,False
Atomic Habits,Books,5.04,26.06,0.1934,0.8065,0.2008,0.7966,https://ultra-deals99.net/product/4360,ultra-deals99.net,True
Thinkware U1000 Dash Cam,Automotive,142.81,772.34,0.1849,0.8151,0.0762,0.3188,https://shop-fast-now.biz/product/31608,shop-fast-now.biz,True
Wilson Tennis Racket Pro,Sports,24.98,95.79,0.2608,0.7392,0.0279,0.6666,https://topdeal-online.cc/product/34193,topdeal-online.cc,True
LEGO Technic Bugatti,Toys,5.91,20.67,0.2859,0.7139,0.1806,0.3573,https://bargain-hunt.gq/product/22836,bargain-hunt.gq,True
Atomic Habits,Books,13.49,21.76,0.6199,0.3802,0.7294,0.9496,https://www.nordstrom.com/dp/4630654,nordstrom.com,False
Hot Wheels Ultimate Garage,Toys,30.09,41.94,0.7175,0.2825,0.7114,0.4546,https://www.costco.com/dp/6266630,costco.com,False
Michelin X-Tour Tires,Automotive,12.32,124.3,0.0991,0.9009,0.1172,0.5368,https://pricedown-shop.cf/product/23001,pricedown-shop.cf,True
Bose SoundBar 700,Electronics,762.78,1077.22,0.7081,0.2919,0.8274,0.849,https://www.bestbuy.com/dp/8414487,bestbuy.com,False
La Mer Moisturizing Cream,Beauty,99.86,522.83,0.191,0.809,0.2604,0.3308,https://deal-xpress.top/product/48727,deal-xpress.top,True
Peloton Bike+,Sports,2218.98,2361.12,0.9398,0.0602,0.9614,0.6032,https://www.target.com/dp/5628929,target.com,False
Magna-Tiles 100 Piece Set,Toys,73.51,184.09,0.3993,0.6007,0.2407,0.3701,https://shop-fast-now.biz/product/79694,shop-fast-now.biz,True
Python Crash Course 3rd Ed,Books,45.29,56.02,0.8085,0.1916,0.6201,0.937,https://www.bhphotovideo.com/dp/3439136,bhphotovideo.com,False
Thinkware U1000 Dash Cam,Automotive,23.51,298.35,0.0788,0.9212,0.0916,0.3895,https://pricedown-shop.cf/product/99516,pricedown-shop.cf,True
Nespresso Vertuo Coffee Maker,Home & Garden,84.07,120.36,0.6985,0.3015,0.6234,0.4911,https://www.newegg.com/dp/8611954,newegg.com,False
Roomba i7+ Robot Vacuum,Home & Garden,62.41,287.19,0.2173,0.7827,0.28,0.3815,https://bargain-hunt.gq/product/869,bargain-hunt.gq,True
Apple AirPods Pro,Electronics,401.98,637.05,0.631,0.369,0.6726,0.9167,https://www.newegg.com/dp/5761669,newegg.com,False
Bose SoundBar 700,Electronics,2577.86,2984.32,0.8638,0.1362,0.7934,0.8528,https://www.chewy.com/dp/7400338,chewy.com,False
Roomba i7+ Robot Vacuum,Home & Garden,36.51,237.72,0.1536,0.8464,0.1169,0.4752,https://discount-mega.ru/product/68631,discount-mega.ru,True
KitchenAid Stand Mixer,Home & Garden,212.97,226.88,0.9387,0.0613,0.7122,0.3628,https://www.zappos.com/dp/2318832,zappos.com,False
Barbie Dreamhouse,Toys,185.29,195.64,0.9471,0.0529,0.691,0.6054,https://www.chewy.com/dp/9253243,chewy.com,False
NOCO Genius5 Battery Charger,Automotive,84.42,881.22,0.0958,0.9042,0.0112,0.2783,https://bestprice-deals.tk/product/62516,bestprice-deals.tk,True
NARS Blush Orgasm,Beauty,65.56,165.39,0.3964,0.6036,0.28,0.4466,https://deal-xpress.top/product/49546,deal-xpress.top,True
La Mer Moisturizing Cream,Beauty,137.47,214.13,0.642,0.358,0.7981,0.5003,https://www.nordstrom.com/dp/1425670,nordstrom.com,False
Logitech MX Master Mouse,Electronics,2395.23,2843.0,0.8425,0.1575,0.666,0.6169,https://www.wayfair.com/dp/3908477,wayfair.com,False
The North Face Parka,Clothing,140.9,428.4,0.3289,0.6711,0.0477,0.71,https://shop-fast-now.biz/product/32701,shop-fast-now.biz,True
The Pragmatic Programmer,Books,3.0,42.5,0.0706,0.9293,0.28,0.8939,https://flashsale-today.ml/product/93536,flashsale-today.ml,True
Dyson Airwrap Styler,Beauty,237.6,386.72,0.6144,0.3856,0.9413,0.4306,https://www.walmart.com/dp/7129645,walmart.com,False
Barbie Dreamhouse,Toys,107.87,115.83,0.9313,0.0687,0.6867,0.4596,https://www.adorama.com/dp/4527678,adorama.com,False
La Mer Moisturizing Cream,Beauty,402.58,518.25,0.7768,0.2232,0.5804,0.5676,https://www.bhphotovideo.com/dp/5803038,bhphotovideo.com,False
KitchenAid Stand Mixer,Home & Garden,130.79,159.4,0.8205,0.1795,0.8278,0.2663,https://www.bestbuy.com/dp/8359513,bestbuy.com,False
"iPad Pro 12.9""",Electronics,1137.71,1293.15,0.8798,0.1202,0.7626,0.8141,https://www.chewy.com/dp/1996431,chewy.com,False
Olaplex Hair Perfector,Beauty,536.64,586.43,0.9151,0.0849,0.7038,0.3718,https://www.costco.com/dp/9131281,costco.com,False
Python Crash Course 3rd Ed,Books,1.8,10.1,0.1782,0.8215,0.0434,0.9325,https://shop-fast-now.biz/product/63874,shop-fast-now.biz,True
Fenty Beauty Foundation,Beauty,484.25,520.48,0.9304,0.0696,0.7016,0.4393,https://www.adorama.com/dp/7286506,adorama.com,False
Adidas Ultraboost,Clothing,10.23,45.72,0.2238,0.7762,0.0791,0.7062,https://bestprice-deals.tk/product/81174,bestprice-deals.tk,True
Levi's 501 Jeans,Clothing,31.91,175.26,0.1821,0.8179,0.1235,0.5476,https://bargain-hunt.gq/product/61029,bargain-hunt.gq,True
Garmin Forerunner 945,Sports,860.44,1425.98,0.6034,0.3966,0.67,0.733,https://www.homedepot.com/dp/8167490,homedepot.com,False
Dyson V15 Vacuum,Home & Garden,225.56,312.28,0.7223,0.2777,0.9117,0.3255,https://www.amazon.com/dp/7294684,amazon.com,False
Garmin Forerunner 945,Sports,1825.52,2040.14,0.8948,0.1052,0.8623,0.7306,https://www.target.com/dp/9486798,target.com,False
Callaway Golf Driver,Sports,265.57,1198.95,0.2215,0.7785,0.1524,0.5822,https://bargain-hunt.gq/product/49981,bargain-hunt.gq,True
Peloton Bike+,Sports,196.28,580.7,0.338,0.662,0.28,0.7756,https://pricedown-shop.cf/product/55176,pricedown-shop.cf,True
NARS Blush Orgasm,Beauty,219.66,356.59,0.616,0.384,0.7307,0.5606,https://www.macys.com/dp/1688246,macys.com,False
KitchenAid Stand Mixer,Home & Garden,83.16,228.14,0.3645,0.6355,0.28,0.4088,https://savebig-store.pw/product/3867,savebig-store.pw,True
Thinkware U1000 Dash Cam,Automotive,298.69,400.01,0.7467,0.2533,0.7552,0.438,https://www.newegg.com/dp/9840685,newegg.com,False
Dyson Airwrap Styler,Beauty,154.12,189.27,0.8143,0.1857,0.8328,0.4265,https://www.walmart.com/dp/5072543,walmart.com,False
TRX Suspension Trainer,Sports,104.86,532.82,0.1968,0.8032,0.0769,0.6545,https://buylow-online.icu/product/91812,buylow-online.icu,True
Designing Data-Intensive Applications,Books,17.84,28.47,0.6266,0.3733,0.8976,0.7734,https://www.walmart.com/dp/8916176,walmart.com,False
Garmin Forerunner 945,Sports,232.74,278.13,0.8368,0.1632,0.8635,0.7606,https://www.amazon.com/dp/7746781,amazon.com,False
"Samsung 4K TV 55""",Electronics,1296.25,1583.3,0.8187,0.1813,0.8718,0.8648,https://www.target.com/dp/6299951,target.com,False
Nike Air Max Sneakers,Clothing,388.48,433.33,0.8965,0.1035,0.9411,0.5023,https://www.bestbuy.com/dp/8082668,bestbuy.com,False
Dell XPS 15 Laptop,Electronics,1724.92,2606.01,0.6619,0.3381,0.6639,0.8641,https://www.bhphotovideo.com/dp/8903600,bhphotovideo.com,False
Magna-Tiles 100 Piece Set,Toys,209.87,340.26,0.6168,0.3832,0.8136,0.3176,https://www.costco.com/dp/2400738,costco.com,False
Olaplex Hair Perfector,Beauty,325.72,533.18,0.6109,0.3891,0.7634,0.5393,https://www.newegg.com/dp/7597744,newegg.com,False
TRX Suspension Trainer,Sports,946.42,1526.73,0.6199,0.3801,0.6699,0.7256,https://www.macys.com/dp/5620085,macys.com,False
La Mer Moisturizing Cream,Beauty,52.0,77.41,0.6717,0.3283,0.6451,0.4505,https://www.macys.com/dp/3867507,macys.com,False
Garmin DriveSmart 65 GPS,Automotive,85.1,304.7,0.2793,0.7207,0.0622,0.4449,https://bargain-hunt.gq/product/94870,bargain-hunt.gq,True
Callaway Golf Driver,Sports,333.3,867.74,0.3841,0.6159,0.202,0.7277,https://buylow-online.icu/product/98324,buylow-online.icu,True
Barbie Dreamhouse,Toys,265.5,399.79,0.6641,0.3359,0.6953,0.4561,https://www.costco.com/dp/7685239,costco.com,False
Atomic Habits,Books,27.2,45.28,0.6007,0.3993,0.6974,1.0,https://www.zappos.com/dp/5381125,zappos.com,False
NARS Blush Orgasm,Beauty,149.91,208.73,0.7182,0.2818,0.9336,0.6222,https://www.walmart.com/dp/3956052,walmart.com,False
Nespresso Vertuo Coffee Maker,Home & Garden,690.04,794.98,0.868,0.132,0.6688,0.4521,https://www.chewy.com/dp/6350316,chewy.com,False
Fenty Beauty Foundation,Beauty,445.29,508.61,0.8755,0.1245,0.734,0.4758,https://www.zappos.com/dp/9561890,zappos.com,False
Designing Data-Intensive Applications,Books,41.54,51.22,0.811,0.189,0.899,0.9442,https://www.walmart.com/dp/1123271,walmart.com,False
"iPad Pro 12.9""",Electronics,224.13,244.44,0.9169,0.0831,0.7288,0.8749,https://www.homedepot.com/dp/7485471,homedepot.com,False
NOCO Genius5 Battery Charger,Automotive,667.61,829.22,0.8051,0.1949,0.6526,0.3274,https://www.wayfair.com/dp/4068162,wayfair.com,False
Patagonia Fleece Jacket,Clothing,175.73,254.39,0.6908,0.3092,0.6945,0.5689,https://www.wayfair.com/dp/1451244,wayfair.com,False
Garmin Forerunner 945,Sports,1296.95,1791.62,0.7239,0.2761,0.7057,0.5849,https://www.zappos.com/dp/7347794,zappos.com,False
Barbie Dreamhouse,Toys,57.06,71.96,0.7929,0.207,0.8785,0.3971,https://www.bestbuy.com/dp/9953043,bestbuy.com,False
Peloton Bike+,Sports,70.02,332.15,0.2108,0.7892,0.0889,0.5469,https://cheapbuy-store.xyz/product/3210,cheapbuy-store.xyz,True
Dell XPS 15 Laptop,Electronics,311.98,2175.61,0.1434,0.8566,0.0512,0.9182,https://savebig-store.pw/product/52515,savebig-store.pw,True
Hot Wheels Ultimate Garage,Toys,195.71,291.88,0.6705,0.3295,0.8749,0.4443,https://www.target.com/dp/6186301,target.com,False
NOCO Genius5 Battery Charger,Automotive,488.36,715.54,0.6825,0.3175,0.6966,0.314,https://www.macys.com/dp/1331934,macys.com,False
The North Face Parka,Clothing,243.04,396.34,0.6132,0.3868,0.68,0.6103,https://www.zappos.com/dp/1699652,zappos.com,False
"Samsung 4K TV 55""",Electronics,685.83,1001.36,0.6849,0.3151,0.5903,0.978,https://www.nordstrom.com/dp/2360014,nordstrom.com,False
Instant Pot Duo 7-in-1,Home & Garden,32.94,52.71,0.6249,0.3751,0.6693,0.4657,https://www.macys.com/dp/3004878,macys.com,False
Callaway Golf Driver,Sports,225.99,1228.23,0.184,0.816,0.28,0.5741,https://ultra-deals99.net/product/12392,ultra-deals99.net,True
Barbie Dreamhouse,Toys,269.87,369.69,0.73,0.27,0.9391,0.2771,https://www.walmart.com/dp/4456660,walmart.com,False
La Mer Moisturizing Cream,Beauty,100.9,142.34,0.7089,0.2911,0.7431,0.3644,https://www.adorama.com/dp/5850391,adorama.com,False
Atomic Habits,Books,17.09,57.01,0.2998,0.7003,0.0241,0.8041,https://flashsale-today.ml/product/43160,flashsale-today.ml,True
Thinkware U1000 Dash Cam,Automotive,684.84,970.3,0.7058,0.2942,0.9061,0.53,https://www.bestbuy.com/dp/8659527,bestbuy.com,False
Instant Pot Duo 7-in-1,Home & Garden,31.78,553.64,0.0574,0.9426,0.0179,0.3824,https://shop-fast-now.biz/product/80541,shop-fast-now.biz,True
"Samsung 4K TV 55""",Electronics,1821.33,2659.65,0.6848,0.3152,0.7526,0.8578,https://www.chewy.com/dp/3610334,chewy.com,False
Dyson V15 Vacuum,Home & Garden,480.84,605.82,0.7937,0.2063,0.6591,0.4497,https://www.macys.com/dp/3714471,macys.com,False
Nike Air Max Sneakers,Clothing,51.82,227.68,0.2276,0.7724,0.1557,0.4952,https://deal-xpress.top/product/89846,deal-xpress.top,True
Michelin X-Tour Tires,Automotive,501.0,763.48,0.6562,0.3438,0.6832,0.2927,https://www.wayfair.com/dp/3302963,wayfair.com,False
Hot Wheels Ultimate Garage,Toys,214.69,356.87,0.6016,0.3984,0.6709,0.2688,https://www.costco.com/dp/9223833,costco.com,False
NARS Blush Orgasm,Beauty,382.16,423.92,0.9015,0.0985,0.6996,0.5126,https://www.costco.com/dp/4070056,costco.com,False
Dell XPS 15 Laptop,Electronics,435.8,1223.8,0.3561,0.6439,0.0689,0.7444,https://pricedown-shop.cf/product/22157,pricedown-shop.cf,True
Adidas Ultraboost,Clothing,248.93,281.18,0.8853,0.1147,0.7807,0.6363,https://www.chewy.com/dp/7399588,chewy.com,False
Nintendo Switch OLED,Toys,232.94,344.23,0.6767,0.3233,0.7174,0.311,https://www.wayfair.com/dp/5057108,wayfair.com,False
Dyson V15 Vacuum,Home & Garden,247.15,338.51,0.7301,0.2699,0.7406,0.3581,https://www.costco.com/dp/2379624,costco.com,False
Adidas Ultraboost,Clothing,351.95,416.71,0.8446,0.1554,0.752,0.5939,https://www.newegg.com/dp/1076672,newegg.com,False
Dell XPS 15 Laptop,Electronics,2557.15,2798.68,0.9137,0.0863,0.6829,0.7858,https://www.chewy.com/dp/3253031,chewy.com,False
Adidas Ultraboost,Clothing,224.43,309.98,0.724,0.276,0.6772,0.6271,https://www.macys.com/dp/5347612,macys.com,False
Adidas Ultraboost,Clothing,212.88,332.84,0.6396,0.3604,0.6773,0.7162,https://www.newegg.com/dp/8986164,newegg.com,False
NARS Blush Orgasm,Beauty,326.98,487.52,0.6707,0.3293,0.7138,0.5956,https://www.zappos.com/dp/9865037,zappos.com,False
Bose SoundBar 700,Electronics,487.49,694.33,0.7021,0.2979,1.0,0.67,https://www.bestbuy.com/dp/9551086,bestbuy.com,False
Michelin X-Tour Tires,Automotive,271.04,360.43,0.752,0.248,0.6766,0.4277,https://www.costco.com/dp/7515956,costco.com,False
Sony Headphones WH-1000XM5,Electronics,1371.18,1645.48,0.8333,0.1667,0.659,0.8159,https://www.nordstrom.com/dp/6445086,nordstrom.com,False
Garmin Forerunner 945,Sports,255.34,759.95,0.336,0.664,0.1436,0.705,https://discount-mega.ru/product/37721,discount-mega.ru,True
Clean Code,Books,26.43,36.39,0.7263,0.2737,0.7292,0.8713,https://www.wayfair.com/dp/7520284,wayfair.com,False
Logitech MX Master Mouse,Electronics,728.59,951.16,0.766,0.234,0.8365,0.9424,https://www.walmart.com/dp/7400214,walmart.com,False
Ray-Ban Aviator Sunglasses,Clothing,162.11,261.84,0.6191,0.3809,0.8551,0.6394,https://www.amazon.com/dp/9748499,amazon.com,False
Michelin X-Tour Tires,Automotive,636.47,871.64,0.7302,0.2698,0.6658,0.4633,https://www.bhphotovideo.com/dp/3006281,bhphotovideo.com,False
Michelin X-Tour Tires,Automotive,390.67,574.09,0.6805,0.3195,0.707,0.2585,https://www.nordstrom.com/dp/6698561,nordstrom.com,False
Logitech MX Master Mouse,Electronics,1125.51,1320.09,0.8526,0.1474,0.7346,0.8966,https://www.chewy.com/dp/6274209,chewy.com,False
Garmin Forerunner 945,Sports,1366.85,1923.24,0.7107,0.2893,0.6487,0.7305,https://www.homedepot.com/dp/3716216,homedepot.com,False
Hot Wheels Ultimate Garage,Toys,143.12,178.97,0.7997,0.2003,0.6893,0.417,https://www.ebay.com/dp/9324420,ebay.com,False
KitchenAid Stand Mixer,Home & Garden,64.22,79.26,0.8102,0.1897,0.7204,0.4254,https://www.nordstrom.com/dp/5141290,nordstrom.com,False
KitchenAid Stand Mixer,Home & Garden,149.74,557.69,0.2685,0.7315,0.1752,0.6132,https://shop-fast-now.biz/product/12247,shop-fast-now.biz,True
Wilson Tennis Racket Pro,Sports,707.11,820.88,0.8614,0.1386,0.7541,0.6139,https://www.nordstrom.com/dp/5502245,nordstrom.com,False
Logitech MX Master Mouse,Electronics,1536.78,1918.58,0.801,0.199,0.736,0.8064,https://www.macys.com/dp/4055953,macys.com,False
Michelin X-Tour Tires,Automotive,108.91,135.11,0.8061,0.1939,0.8448,0.2278,https://www.amazon.com/dp/2062602,amazon.com,False
Callaway Golf Driver,Sports,1387.53,1929.27,0.7192,0.2808,0.6223,0.7654,https://www.ebay.com/dp/1890350,ebay.com,False
Barbie Dreamhouse,Toys,299.53,391.8,0.7645,0.2355,0.6868,0.2881,https://www.nordstrom.com/dp/4115736,nordstrom.com,False
Fenty Beauty Foundation,Beauty,35.38,211.72,0.1671,0.8329,0.1144,0.5667,https://flashsale-today.ml/product/52344,flashsale-today.ml,True
Dyson V15 Vacuum,Home & Garden,47.29,130.86,0.3614,0.6386,0.0227,0.5518,https://savebig-store.pw/product/86180,savebig-store.pw,True
Python Crash Course 3rd Ed,Books,41.12,45.4,0.9057,0.0943,0.8604,0.8908,https://www.amazon.com/dp/1914794,amazon.com,False
Barbie Dreamhouse,Toys,58.91,77.66,0.7586,0.2414,0.6969,0.3694,https://www.nordstrom.com/dp/1364903,nordstrom.com,False
KitchenAid Stand Mixer,Home & Garden,11.92,75.38,0.1581,0.8419,0.1106,0.4675,https://ultra-deals99.net/product/12606,ultra-deals99.net,True
Levi's 501 Jeans,Clothing,31.93,184.45,0.1731,0.8269,0.0258,0.4856,https://buylow-online.icu/product/83183,buylow-online.icu,True
Magna-Tiles 100 Piece Set,Toys,36.63,235.28,0.1557,0.8443,0.2296,0.3151,https://ultra-deals99.net/product/71499,ultra-deals99.net,True
Wilson Tennis Racket Pro,Sports,182.41,1696.87,0.1075,0.8925,0.0657,0.7209,https://bestprice-deals.tk/product/40148,bestprice-deals.tk,True
Garmin DriveSmart 65 GPS,Automotive,406.6,481.98,0.8436,0.1564,0.678,0.4105,https://www.newegg.com/dp/5567533,newegg.com,False
Nintendo Switch OLED,Toys,144.72,207.34,0.698,0.302,0.7832,0.3744,https://www.macys.com/dp/6492169,macys.com,False
Patagonia Fleece Jacket,Clothing,79.29,95.23,0.8326,0.1674,0.7293,0.5411,https://www.bhphotovideo.com/dp/9604096,bhphotovideo.com,False
Sony Headphones WH-1000XM5,Electronics,1775.18,2843.02,0.6244,0.3756,0.6776,0.8691,https://www.ebay.com/dp/8466878,ebay.com,False
Ray-Ban Aviator Sunglasses,Clothing,196.03,315.51,0.6213,0.3787,0.7049,0.5382,https://www.ebay.com/dp/1548888,ebay.com,False
Roomba i7+ Robot Vacuum,Home & Garden,689.3,731.2,0.9427,0.0573,0.6756,0.4218,https://www.homedepot.com/dp/3302564,homedepot.com,False
Patagonia Fleece Jacket,Clothing,397.34,499.73,0.7951,0.2049,0.9436,0.5227,https://www.amazon.com/dp/5125577,amazon.com,False
"iPad Pro 12.9""",Electronics,39.1,54.31,0.7199,0.2801,0.6988,1.0,https://www.zappos.com/dp/6159172,zappos.com,False
Peloton Bike+,Sports,332.92,1901.34,0.1751,0.8249,0.2636,0.7089,https://flashsale-today.ml/product/48448,flashsale-today.ml,True
NOCO Genius5 Battery Charger,Automotive,81.04,824.38,0.0983,0.9017,0.2683,0.3877,https://topdeal-online.cc/product/35322,topdeal-online.cc,True
Olaplex Hair Perfector,Beauty,331.7,440.86,0.7524,0.2476,0.6798,0.5068,https://www.newegg.com/dp/3672704,newegg.com,False
Peloton Bike+,Sports,93.19,105.4,0.8842,0.1158,0.6826,0.7617,https://www.wayfair.com/dp/6962982,wayfair.com,False
The North Face Parka,Clothing,74.13,459.57,0.1613,0.8387,0.28,0.569,https://savebig-store.pw/product/54313,savebig-store.pw,True
NARS Blush Orgasm,Beauty,38.21,516.36,0.074,0.926,0.0311,0.4231,https://savebig-store.pw/product/83067,savebig-store.pw,True
Garmin Forerunner 945,Sports,803.22,1152.56,0.6969,0.3031,0.8218,0.6056,https://www.target.com/dp/3939552,target.com,False
Clean Code,Books,28.24,35.15,0.8034,0.1965,0.8301,0.945,https://www.bestbuy.com/dp/4350371,bestbuy.com,False
Dyson Airwrap Styler,Beauty,245.42,317.53,0.7729,0.2271,0.7525,0.526,https://www.chewy.com/dp/3937398,chewy.com,False
Magna-Tiles 100 Piece Set,Toys,209.51,322.08,0.6505,0.3495,0.658,0.405,https://www.macys.com/dp/3063881,macys.com,False
"iPad Pro 12.9""",Electronics,25.93,179.85,0.1442,0.8558,0.1477,0.682,https://deal-xpress.top/product/11598,deal-xpress.top,True
Bose SoundBar 700,Electronics,2119.09,2618.1,0.8094,0.1906,0.6708,0.9331,https://www.zappos.com/dp/3329735,zappos.com,False
Clean Code,Books,28.2,33.94,0.8309,0.1692,0.84,0.8732,https://www.amazon.com/dp/5235884,amazon.com,False
Designing Data-Intensive Applications,Books,4.67,40.68,0.1148,0.8851,0.2016,0.8092,https://flashsale-today.ml/product/93368,flashsale-today.ml,True
Roomba i7+ Robot Vacuum,Home & Garden,76.01,86.43,0.8794,0.1206,0.8373,0.4328,https://www.target.com/dp/8214143,target.com,False
Nespresso Vertuo Coffee Maker,Home & Garden,235.93,259.63,0.9087,0.0913,0.9161,0.4634,https://www.target.com/dp/1863674,target.com,False
KitchenAid Stand Mixer,Home & Garden,144.16,221.79,0.65,0.35,0.6876,0.4751,https://www.newegg.com/dp/4917508,newegg.com,False
Nintendo Switch OLED,Toys,160.08,186.62,0.8578,0.1422,0.6878,0.4271,https://www.bhphotovideo.com/dp/5419132,bhphotovideo.com,False
Adidas Ultraboost,Clothing,43.58,46.78,0.9316,0.0683,0.7022,0.6447,https://www.zappos.com/dp/7399761,zappos.com,False
Nike Air Max Sneakers,Clothing,181.08,256.82,0.7051,0.2949,0.6871,0.585,https://www.macys.com/dp/1462318,macys.com,False
Apple AirPods Pro,Electronics,80.47,738.92,0.1089,0.8911,0.0097,0.9603,https://ultra-deals99.net/product/74840,ultra-deals99.net,True
Patagonia Fleece Jacket,Clothing,112.14,129.34,0.867,0.133,0.702,0.5198,https://www.newegg.com/dp/4354702,newegg.com,False
Nike Air Max Sneakers,Clothing,215.77,240.98,0.8954,0.1046,0.5914,0.6678,https://www.ebay.com/dp/7158628,ebay.com,False
"iPad Pro 12.9""",Electronics,442.27,1319.41,0.3352,0.6648,0.0221,0.7775,https://bargain-hunt.gq/product/37460,bargain-hunt.gq,True
Apple AirPods Pro,Electronics,1243.58,1935.23,0.6426,0.3574,0.6783,0.9878,https://www.chewy.com/dp/9996681,chewy.com,False
Wilson Tennis Racket Pro,Sports,546.37,1483.09,0.3684,0.6316,0.1799,0.6724,https://bargain-hunt.gq/product/96206,bargain-hunt.gq,True
Clean Code,Books,13.06,19.14,0.6823,0.3175,0.6561,0.8338,https://www.adorama.com/dp/5702093,adorama.com,False
KitchenAid Stand Mixer,Home & Garden,114.72,152.6,0.7518,0.2482,0.7331,0.5439,https://www.wayfair.com/dp/3452813,wayfair.com,False
Designing Data-Intensive Applications,Books,34.42,49.97,0.6888,0.3112,0.9017,0.8048,https://www.amazon.com/dp/2056423,amazon.com,False
Levi's 501 Jeans,Clothing,377.85,464.3,0.8138,0.1862,0.6621,0.5217,https://www.macys.com/dp/6512781,macys.com,False
Clean Code,Books,8.94,32.25,0.2772,0.7227,0.28,0.823,https://topdeal-online.cc/product/76429,topdeal-online.cc,True
Fenty Beauty Foundation,Beauty,289.39,414.84,0.6976,0.3024,0.7024,0.5032,https://www.homedepot.com/dp/9344531,homedepot.com,False
NARS Blush Orgasm,Beauty,42.54,387.75,0.1097,0.8903,0.0806,0.5288,https://bestprice-deals.tk/product/27490,bestprice-deals.tk,True
Roomba i7+ Robot Vacuum,Home & Garden,357.37,542.45,0.6588,0.3412,0.7013,0.2964,https://www.adorama.com/dp/4353283,adorama.com,False
KitchenAid Stand Mixer,Home & Garden,49.73,371.7,0.1338,0.8662,0.0579,0.4135,https://buylow-online.icu/product/85547,buylow-online.icu,True
Levi's 501 Jeans,Clothing,63.18,191.56,0.3298,0.6702,0.1112,0.4853,https://bargain-hunt.gq/product/42354,bargain-hunt.gq,True
KitchenAid Stand Mixer,Home & Garden,547.96,792.77,0.6912,0.3088,0.7412,0.4559,https://www.ebay.com/dp/6643410,ebay.com,False
LEGO Technic Bugatti,Toys,27.53,38.01,0.7243,0.2756,0.7084,0.4554,https://www.macys.com/dp/9998515,macys.com,False
Garmin DriveSmart 65 GPS,Automotive,466.06,746.41,0.6244,0.3756,0.883,0.3967,https://www.bestbuy.com/dp/5028244,bestbuy.com,False
Magna-Tiles 100 Piece Set,Toys,108.4,117.69,0.9211,0.0789,0.7186,0.3017,https://www.newegg.com/dp/2324175,newegg.com,False
"Samsung 4K TV 55""",Electronics,2658.84,2976.76,0.8932,0.1068,0.7238,0.7102,https://www.costco.com/dp/3690055,costco.com,False
Instant Pot Duo 7-in-1,Home & Garden,365.3,591.2,0.6179,0.3821,0.7458,0.4777,https://www.wayfair.com/dp/7569981,wayfair.com,False
TRX Suspension Trainer,Sports,1121.89,1863.29,0.6021,0.3979,0.7983,0.6969,https://www.bhphotovideo.com/dp/5014329,bhphotovideo.com,False
The North Face Parka,Clothing,105.59,303.68,0.3477,0.6523,0.1195,0.6395,https://pricedown-shop.cf/product/1291,pricedown-shop.cf,True
Hot Wheels Ultimate Garage,Toys,89.1,302.53,0.2945,0.7055,0.1123,0.4088,https://bargain-hunt.gq/product/47564,bargain-hunt.gq,True
Michelin X-Tour Tires,Automotive,232.63,337.83,0.6886,0.3114,0.6673,0.3691,https://www.costco.com/dp/5456537,costco.com,False
Magna-Tiles 100 Piece Set,Toys,116.28,130.58,0.8905,0.1095,0.6378,0.2946,https://www.homedepot.com/dp/4038955,homedepot.com,False
Wilson Tennis Racket Pro,Sports,419.94,591.97,0.7094,0.2906,0.692,0.7537,https://www.costco.com/dp/2333376,costco.com,False
Dyson V15 Vacuum,Home & Garden,479.54,726.91,0.6597,0.3403,0.6725,0.3963,https://www.costco.com/dp/3055673,costco.com,False
Adidas Ultraboost,Clothing,109.33,470.44,0.2324,0.7676,0.1785,0.663,https://bestprice-deals.tk/product/96867,bestprice-deals.tk,True
Peloton Bike+,Sports,1308.19,1415.64,0.9241,0.0759,0.6905,0.6841,https://www.homedepot.com/dp/8993139,homedepot.com,False
Dyson V15 Vacuum,Home & Garden,51.12,62.79,0.8141,0.1859,0.685,0.3198,https://www.wayfair.com/dp/9430150,wayfair.com,False
"iPad Pro 12.9""",Electronics,190.88,780.36,0.2446,0.7554,0.1173,0.7779,https://shop-fast-now.biz/product/17403,shop-fast-now.biz,True
Designing Data-Intensive Applications,Books,2.1,39.34,0.0534,0.9466,0.2188,0.8967,https://topdeal-online.cc/product/95763,topdeal-online.cc,True
Levi's 501 Jeans,Clothing,3.51,25.26,0.139,0.8612,0.2071,0.585,https://deal-xpress.top/product/86312,deal-xpress.top,True
Nespresso Vertuo Coffee Maker,Home & Garden,676.52,755.04,0.896,0.104,0.6865,0.3717,https://www.homedepot.com/dp/6664316,homedepot.com,False
Wilson Tennis Racket Pro,Sports,1003.36,1161.03,0.8642,0.1358,0.7727,0.6937,https://www.wayfair.com/dp/8443265,wayfair.com,False
The Pragmatic Programmer,Books,28.55,39.89,0.7157,0.2844,0.9305,0.7756,https://www.target.com/dp/3336691,target.com,False
TRX Suspension Trainer,Sports,148.55,1952.03,0.0761,0.9239,0.28,0.689,https://shop-fast-now.biz/product/72101,shop-fast-now.biz,True
Garmin DriveSmart 65 GPS,Automotive,280.97,398.59,0.7049,0.2951,0.6388,0.514,https://www.chewy.com/dp/3566438,chewy.com,False
Garmin Forerunner 945,Sports,558.41,919.49,0.6073,0.3927,0.6771,0.738,https://www.zappos.com/dp/9769144,zappos.com,False
Python Crash Course 3rd Ed,Books,15.36,16.25,0.9452,0.0549,0.9088,1.0,https://www.walmart.com/dp/1266510,walmart.com,False
Roomba i7+ Robot Vacuum,Home & Garden,602.83,689.19,0.8747,0.1253,0.8903,0.3895,https://www.bestbuy.com/dp/4624549,bestbuy.com,False
Michelin X-Tour Tires,Automotive,31.74,52.29,0.607,0.393,0.6742,0.3181,https://www.ebay.com/dp/7204129,ebay.com,False
The Pragmatic Programmer,Books,1.15,12.0,0.0958,0.904,0.1771,0.8907,https://discount-mega.ru/product/42326,discount-mega.ru,True
Designing Data-Intensive Applications,Books,8.74,12.87,0.6791,0.3208,0.8642,0.7507,https://www.bestbuy.com/dp/9294125,bestbuy.com,False
TRX Suspension Trainer,Sports,601.28,640.96,0.9381,0.0619,0.703,0.7222,https://www.wayfair.com/dp/2542518,wayfair.com,False
Python Crash Course 3rd Ed,Books,32.19,36.96,0.8709,0.129,0.7593,1.0,https://www.newegg.com/dp/9890054,newegg.com,False
Levi's 501 Jeans,Clothing,304.01,369.89,0.8219,0.1781,0.7552,0.7154,https://www.chewy.com/dp/4598169,chewy.com,False
Michelin X-Tour Tires,Automotive,408.89,634.83,0.6441,0.3559,0.6643,0.4417,https://www.wayfair.com/dp/2311035,wayfair.com,False
Hot Wheels Ultimate Garage,Toys,160.59,262.28,0.6123,0.3877,0.8224,0.403,https://www.bestbuy.com/dp/2586848,bestbuy.com,False
Barbie Dreamhouse,Toys,27.39,40.9,0.6697,0.3304,0.6761,0.281,https://www.bhphotovideo.com/dp/8165647,bhphotovideo.com,False
Hot Wheels Ultimate Garage,Toys,119.4,194.62,0.6135,0.3865,0.7596,0.2494,https://www.bhphotovideo.com/dp/1464274,bhphotovideo.com,False
Garmin Forerunner 945,Sports,535.38,762.33,0.7023,0.2977,0.6512,0.7843,https://www.nordstrom.com/dp/8768273,nordstrom.com,False
Hot Wheels Ultimate Garage,Toys,33.16,381.14,0.087,0.913,0.05,0.3264,https://ultra-deals99.net/product/55411,ultra-deals99.net,True
Garmin DriveSmart 65 GPS,Automotive,394.78,468.42,0.8428,0.1572,0.7123,0.4581,https://www.newegg.com/dp/1902506,newegg.com,False
Garmin DriveSmart 65 GPS,Automotive,41.13,50.71,0.8111,0.189,0.731,0.5646,https://www.nordstrom.com/dp/2396723,nordstrom.com,False
TRX Suspension Trainer,Sports,376.53,520.29,0.7237,0.2763,0.7247,0.7148,https://www.chewy.com/dp/8546170,chewy.com,False
KitchenAid Stand Mixer,Home & Garden,303.98,361.62,0.8406,0.1594,0.7419,0.4006,https://www.newegg.com/dp/9178136,newegg.com,False
Atomic Habits,Books,6.49,17.67,0.3673,0.6327,0.28,1.0,https://flashsale-today.ml/product/31067,flashsale-today.ml,True
Logitech MX Master Mouse,Electronics,888.12,1205.7,0.7366,0.2634,0.7584,0.7921,https://www.costco.com/dp/3246910,costco.com,False
Patagonia Fleece Jacket,Clothing,257.83,360.0,0.7162,0.2838,0.8403,0.6229,https://www.target.com/dp/2120966,target.com,False
Fenty Beauty Foundation,Beauty,120.95,444.52,0.2721,0.7279,0.28,0.4738,https://cheapbuy-store.xyz/product/89230,cheapbuy-store.xyz,True
Garmin DriveSmart 65 GPS,Automotive,363.24,494.21,0.735,0.265,0.7099,0.3993,https://www.nordstrom.com/dp/2397006,nordstrom.com,False
Fenty Beauty Foundation,Beauty,91.89,505.7,0.1817,0.8183,0.192,0.5234,https://pricedown-shop.cf/product/15918,pricedown-shop.cf,True
Logitech MX Master Mouse,Electronics,61.46,101.14,0.6077,0.3923,0.8883,0.7785,https://www.target.com/dp/7507061,target.com,False
NARS Blush Orgasm,Beauty,1.61,20.45,0.0787,0.9214,0.1746,0.5979,https://shop-fast-now.biz/product/31856,shop-fast-now.biz,True
Fenty Beauty Foundation,Beauty,297.45,490.68,0.6062,0.3938,0.7308,0.5963,https://www.homedepot.com/dp/7744585,homedepot.com,False
KitchenAid Stand Mixer,Home & Garden,115.14,176.13,0.6537,0.3463,0.5648,0.4771,https://www.newegg.com/dp/3259717,newegg.com,False
Clean Code,Books,16.99,23.65,0.7184,0.2818,0.7378,0.949,https://www.costco.com/dp/6731597,costco.com,False
Dyson Airwrap Styler,Beauty,255.61,418.35,0.611,0.389,0.9799,0.5587,https://www.walmart.com/dp/4340730,walmart.com,False
Barbie Dreamhouse,Toys,13.51,21.23,0.6364,0.3638,0.707,0.4771,https://www.adorama.com/dp/3092879,adorama.com,False
Instant Pot Duo 7-in-1,Home & Garden,132.51,342.48,0.3869,0.6131,0.28,0.5196,https://buylow-online.icu/product/71141,buylow-online.icu,True
Atomic Habits,Books,15.11,22.85,0.6613,0.3386,0.7155,1.0,https://www.bhphotovideo.com/dp/5951651,bhphotovideo.com,False
Adidas Ultraboost,Clothing,83.14,216.22,0.3845,0.6155,0.1543,0.4229,https://flashsale-today.ml/product/34505,flashsale-today.ml,True
Patagonia Fleece Jacket,Clothing,245.32,292.85,0.8377,0.1623,0.6801,0.5053,https://www.ebay.com/dp/3999504,ebay.com,False
"Samsung 4K TV 55""",Electronics,959.5,1286.71,0.7457,0.2543,0.7049,0.9275,https://www.adorama.com/dp/6307805,adorama.com,False
Python Crash Course 3rd Ed,Books,31.12,49.9,0.6236,0.3764,0.6999,0.8565,https://www.wayfair.com/dp/3534208,wayfair.com,False
Roomba i7+ Robot Vacuum,Home & Garden,44.9,132.11,0.3399,0.6601,0.28,0.5586,https://discount-mega.ru/product/96434,discount-mega.ru,True
LEGO Technic Bugatti,Toys,47.45,57.72,0.8221,0.178,0.6912,0.4829,https://www.wayfair.com/dp/1685757,wayfair.com,False
Magna-Tiles 100 Piece Set,Toys,219.83,275.47,0.798,0.202,0.7689,0.2963,https://www.ebay.com/dp/2568625,ebay.com,False
Clean Code,Books,28.01,33.66,0.8321,0.168,0.7541,0.8623,https://www.newegg.com/dp/6646375,newegg.com,False
Michelin X-Tour Tires,Automotive,489.15,789.46,0.6196,0.3804,0.6992,0.3915,https://www.homedepot.com/dp/2098296,homedepot.com,False
Nespresso Vertuo Coffee Maker,Home & Garden,469.62,594.6,0.7898,0.2102,0.5956,0.4032,https://www.chewy.com/dp/4077684,chewy.com,False
Designing Data-Intensive Applications,Books,28.54,31.45,0.9075,0.0926,0.8766,0.8393,https://www.bestbuy.com/dp/9885829,bestbuy.com,False
Dyson V15 Vacuum,Home & Garden,57.67,213.68,0.2699,0.7301,0.1998,0.3718,https://flashsale-today.ml/product/72803,flashsale-today.ml,True
Levi's 501 Jeans,Clothing,424.11,473.34,0.896,0.104,0.6285,0.5619,https://www.macys.com/dp/8506955,macys.com,False
Instant Pot Duo 7-in-1,Home & Garden,21.87,105.42,0.2075,0.7925,0.1636,0.3392,https://savebig-store.pw/product/74444,savebig-store.pw,True
Hot Wheels Ultimate Garage,Toys,115.97,136.04,0.8525,0.1475,0.7981,0.2694,https://www.walmart.com/dp/1434753,walmart.com,False
NOCO Genius5 Battery Charger,Automotive,85.78,714.85,0.12,0.88,0.1574,0.3039,https://discount-mega.ru/product/66498,discount-mega.ru,True
Callaway Golf Driver,Sports,1529.79,2322.08,0.6588,0.3412,0.641,0.795,https://www.bhphotovideo.com/dp/2018380,bhphotovideo.com,False
Hot Wheels Ultimate Garage,Toys,233.65,376.55,0.6205,0.3795,0.7095,0.3859,https://www.bhphotovideo.com/dp/2685367,bhphotovideo.com,False
Fenty Beauty Foundation,Beauty,234.87,352.07,0.6671,0.3329,0.925,0.504,https://www.walmart.com/dp/4454568,walmart.com,False
Callaway Golf Driver,Sports,843.16,997.47,0.8453,0.1547,0.661,0.8064,https://www.newegg.com/dp/4056507,newegg.com,False
KitchenAid Stand Mixer,Home & Garden,328.27,380.25,0.8633,0.1367,0.7129,0.3995,https://www.adorama.com/dp/6112064,adorama.com,False
Dyson Airwrap Styler,Beauty,423.95,453.57,0.9347,0.0653,0.7659,0.3913,https://www.costco.com/dp/4815353,costco.com,False
Wilson Tennis Racket Pro,Sports,1331.89,1453.71,0.9162,0.0838,0.7726,0.7011,https://www.chewy.com/dp/9513662,chewy.com,False
Nintendo Switch OLED,Toys,92.76,143.88,0.6447,0.3553,0.7343,0.4093,https://www.homedepot.com/dp/6026673,homedepot.com,False
Bose SoundBar 700,Electronics,218.47,1705.48,0.1281,0.8719,0.0815,1.0,https://ultra-deals99.net/product/63079,ultra-deals99.net,True
KitchenAid Stand Mixer,Home & Garden,368.5,573.9,0.6421,0.3579,0.9034,0.2884,https://www.bestbuy.com/dp/9511563,bestbuy.com,False
The Pragmatic Programmer,Books,24.88,36.61,0.6796,0.3205,0.6946,0.9358,https://www.homedepot.com/dp/2973853,homedepot.com,False
Ray-Ban Aviator Sunglasses,Clothing,5.61,37.76,0.1486,0.8513,0.0476,0.711,https://deal-xpress.top/product/98762,deal-xpress.top,True
Ray-Ban Aviator Sunglasses,Clothing,118.43,179.58,0.6595,0.3405,1.0,0.5311,https://www.amazon.com/dp/3777860,amazon.com,False
Barbie Dreamhouse,Toys,8.41,127.63,0.0659,0.9341,0.0601,0.2925,https://shop-fast-now.biz/product/82927,shop-fast-now.biz,True
Garmin DriveSmart 65 GPS,Automotive,397.38,482.49,0.8236,0.1764,0.6379,0.31,https://www.adorama.com/dp/2793332,adorama.com,False
Dyson V15 Vacuum,Home & Garden,110.01,119.88,0.9177,0.0823,0.7272,0.466,https://www.macys.com/dp/7448284,macys.com,False
Ray-Ban Aviator Sunglasses,Clothing,271.37,367.56,0.7383,0.2617,0.75,0.5464,https://www.nordstrom.com/dp/5818203,nordstrom.com,False
Sony Headphones WH-1000XM5,Electronics,2006.4,2773.18,0.7235,0.2765,0.7195,0.7439,https://www.homedepot.com/dp/4837070,homedepot.com,False
TRX Suspension Trainer,Sports,189.66,2466.32,0.0769,0.9231,0.0635,0.7376,https://ultra-deals99.net/product/90779,ultra-deals99.net,True
Ray-Ban Aviator Sunglasses,Clothing,22.47,26.91,0.835,0.1649,0.6762,0.7342,https://www.wayfair.com/dp/9877175,wayfair.com,False
Apple AirPods Pro,Electronics,125.86,496.11,0.2537,0.7463,0.2082,0.8264,https://deal-xpress.top/product/76782,deal-xpress.top,True
Designing Data-Intensive Applications,Books,9.49,11.56,0.8209,0.1789,0.7489,0.7903,https://www.ebay.com/dp/3517643,ebay.com,False
Python Crash Course 3rd Ed,Books,26.04,41.94,0.6209,0.3792,0.6648,0.7873,https://www.costco.com/dp/4705235,costco.com,False
Python Crash Course 3rd Ed,Books,5.68,37.8,0.1503,0.8498,0.0648,0.8984,https://pricedown-shop.cf/product/44670,pricedown-shop.cf,True
Peloton Bike+,Sports,323.75,446.3,0.7254,0.2746,0.9488,0.6094,https://www.target.com/dp/1940363,target.com,False
Dell XPS 15 Laptop,Electronics,62.91,84.51,0.7444,0.2556,0.8575,0.8067,https://www.walmart.com/dp/5704514,walmart.com,False
KitchenAid Stand Mixer,Home & Garden,17.92,82.11,0.2182,0.7818,0.088,0.4181,https://savebig-store.pw/product/71909,savebig-store.pw,True
KitchenAid Stand Mixer,Home & Garden,381.88,415.86,0.9183,0.0817,0.6876,0.5786,https://www.costco.com/dp/9424968,costco.com,False
Python Crash Course 3rd Ed,Books,28.32,31.66,0.8945,0.1055,0.6574,0.9005,https://www.nordstrom.com/dp/1999793,nordstrom.com,False
Thinkware U1000 Dash Cam,Automotive,72.8,116.15,0.6268,0.3732,0.7378,0.3822,https://www.wayfair.com/dp/2992782,wayfair.com,False
TRX Suspension Trainer,Sports,57.84,248.01,0.2332,0.7668,0.1636,0.7331,https://shop-fast-now.biz/product/45191,shop-fast-now.biz,True
Garmin Forerunner 945,Sports,964.71,1253.19,0.7698,0.2302,0.7055,0.7581,https://www.bhphotovideo.com/dp/6176450,bhphotovideo.com,False
Designing Data-Intensive Applications,Books,24.62,35.09,0.7016,0.2983,0.674,0.8727,https://www.newegg.com/dp/3630678,newegg.com,False
Designing Data-Intensive Applications,Books,42.12,55.72,0.7559,0.2441,0.85,0.8596,https://www.walmart.com/dp/9911007,walmart.com,False
Sony Headphones WH-1000XM5,Electronics,2313.71,2936.55,0.7879,0.2121,0.7204,0.7138,https://www.macys.com/dp/8115687,macys.com,False
NARS Blush Orgasm,Beauty,50.36,318.54,0.1581,0.8419,0.1759,0.5661,https://ultra-deals99.net/product/74794,ultra-deals99.net,True
KitchenAid Stand Mixer,Home & Garden,358.48,439.42,0.8158,0.1842,0.7263,0.4118,https://www.homedepot.com/dp/2342330,homedepot.com,False
Fenty Beauty Foundation,Beauty,132.2,511.62,0.2584,0.7416,0.1488,0.5237,https://bestprice-deals.tk/product/56419,bestprice-deals.tk,True
The North Face Parka,Clothing,79.73,317.03,0.2515,0.7485,0.0604,0.5712,https://topdeal-online.cc/product/29462,topdeal-online.cc,True
Clean Code,Books,11.36,36.94,0.3075,0.6924,0.28,0.9199,https://pricedown-shop.cf/product/21916,pricedown-shop.cf,True
Nike Air Max Sneakers,Clothing,211.84,257.24,0.8235,0.1765,0.7248,0.5572,https://www.zappos.com/dp/4489198,zappos.com,False
"Samsung 4K TV 55""",Electronics,1570.73,2061.05,0.7621,0.2379,0.6336,0.8657,https://www.ebay.com/dp/6707197,ebay.com,False
Adidas Ultraboost,Clothing,254.65,288.49,0.8827,0.1173,0.6455,0.5372,https://www.wayfair.com/dp/1887084,wayfair.com,False
Adidas Ultraboost,Clothing,147.08,180.47,0.815,0.185,0.6805,0.6413,https://www.newegg.com/dp/5016612,newegg.com,False
Levi's 501 Jeans,Clothing,221.06,340.2,0.6498,0.3502,0.8915,0.535,https://www.bestbuy.com/dp/2140750,bestbuy.com,False
Atomic Habits,Books,33.01,48.37,0.6824,0.3175,0.7814,0.7896,https://www.ebay.com/dp/6504979,ebay.com,False
"iPad Pro 12.9""",Electronics,1363.34,1911.31,0.7133,0.2867,0.7456,0.8585,https://www.macys.com/dp/3481086,macys.com,False
Wilson Tennis Racket Pro,Sports,400.98,448.52,0.894,0.106,0.6741,0.7179,https://www.adorama.com/dp/8153291,adorama.com,False
Barbie Dreamhouse,Toys,43.48,221.95,0.1959,0.8041,0.0428,0.4082,https://savebig-store.pw/product/3241,savebig-store.pw,True
Adidas Ultraboost,Clothing,68.67,111.4,0.6164,0.3836,0.9352,0.6427,https://www.walmart.com/dp/8364846,walmart.com,False
KitchenAid Stand Mixer,Home & Garden,552.51,714.67,0.7731,0.2269,0.6696,0.3694,https://www.bhphotovideo.com/dp/5358076,bhphotovideo.com,False
Sony Headphones WH-1000XM5,Electronics,651.67,854.2,0.7629,0.2371,0.7547,0.7855,https://www.zappos.com/dp/4765638,zappos.com,False
NARS Blush Orgasm,Beauty,240.36,371.73,0.6466,0.3534,0.7365,0.5281,https://www.macys.com/dp/3136181,macys.com,False
Canon EOS R6 Camera,Electronics,110.28,1614.68,0.0683,0.9317,0.273,0.8085,https://buylow-online.icu/product/6307,buylow-online.icu,True
Levi's 501 Jeans,Clothing,41.54,61.7,0.6733,0.3267,0.7232,0.6487,https://www.newegg.com/dp/5240908,newegg.com,False
LEGO Technic Bugatti,Toys,211.62,312.36,0.6775,0.3225,0.7559,0.351,https://www.zappos.com/dp/9821826,zappos.com,False
Hot Wheels Ultimate Garage,Toys,125.73,194.87,0.6452,0.3548,0.6759,0.2737,https://www.chewy.com/dp/5570355,chewy.com,False
LEGO Technic Bugatti,Toys,170.53,193.43,0.8816,0.1184,0.9432,0.3637,https://www.amazon.com/dp/7854949,amazon.com,False
Adidas Ultraboost,Clothing,294.32,430.98,0.6829,0.3171,0.6421,0.4933,https://www.ebay.com/dp/2058940,ebay.com,False
La Mer Moisturizing Cream,Beauty,26.17,170.29,0.1537,0.8463,0.0887,0.5592,https://discount-mega.ru/product/40962,discount-mega.ru,True
Hot Wheels Ultimate Garage,Toys,189.24,289.13,0.6545,0.3455,0.7495,0.3326,https://www.costco.com/dp/2873547,costco.com,False
NOCO Genius5 Battery Charger,Automotive,848.24,899.61,0.9429,0.0571,0.7511,0.5952,https://www.zappos.com/dp/6084418,zappos.com,False
Nintendo Switch OLED,Toys,219.07,279.43,0.784,0.216,0.8466,0.3386,https://www.walmart.com/dp/2432176,walmart.com,False
Python Crash Course 3rd Ed,Books,11.65,32.72,0.3561,0.6441,0.0607,0.9978,https://cheapbuy-store.xyz/product/94491,cheapbuy-store.xyz,True
NARS Blush Orgasm,Beauty,30.85,32.52,0.9486,0.0513,0.7047,0.6445,https://www.nordstrom.com/dp/8671957,nordstrom.com,False
Peloton Bike+,Sports,242.59,328.84,0.7377,0.2623,0.685,0.6495,https://www.chewy.com/dp/1118854,chewy.com,False
Python Crash Course 3rd Ed,Books,9.23,14.62,0.6313,0.3688,0.6558,0.9106,https://www.zappos.com/dp/9444987,zappos.com,False
KitchenAid Stand Mixer,Home & Garden,86.34,113.49,0.7608,0.2392,0.7196,0.4093,https://www.newegg.com/dp/4663917,newegg.com,False
Garmin Forerunner 945,Sports,132.34,201.68,0.6562,0.3438,0.6805,0.7126,https://www.adorama.com/dp/6927248,adorama.com,False
Dyson Airwrap Styler,Beauty,102.97,142.77,0.7212,0.2788,0.7133,0.4534,https://www.adorama.com/dp/8690178,adorama.com,False
Bose SoundBar 700,Electronics,1841.33,2832.81,0.65,0.35,0.7287,0.7479,https://www.homedepot.com/dp/8538483,homedepot.com,False
Bose SoundBar 700,Electronics,1475.74,2407.01,0.6131,0.3869,0.6537,0.8704,https://www.nordstrom.com/dp/2861110,nordstrom.com,False
NOCO Genius5 Battery Charger,Automotive,511.28,555.14,0.921,0.079,0.7356,0.649,https://www.macys.com/dp/2577152,macys.com,False
Designing Data-Intensive Applications,Books,27.72,31.33,0.8848,0.1153,0.7596,0.8883,https://www.bhphotovideo.com/dp/8405118,bhphotovideo.com,False
Barbie Dreamhouse,Toys,164.36,189.31,0.8682,0.1318,0.8758,0.4759,https://www.target.com/dp/3283577,target.com,False
Dyson Airwrap Styler,Beauty,287.21,304.8,0.9423,0.0577,0.9256,0.6548,https://www.walmart.com/dp/9162405,walmart.com,False
NOCO Genius5 Battery Charger,Automotive,33.6,208.81,0.1609,0.8391,0.0124,0.508,https://discount-mega.ru/product/15162,discount-mega.ru,True
TRX Suspension Trainer,Sports,1267.37,1381.63,0.9173,0.0827,0.8056,0.6312,https://www.costco.com/dp/1286487,costco.com,False
Magna-Tiles 100 Piece Set,Toys,227.44,258.54,0.8797,0.1203,0.6693,0.3258,https://www.wayfair.com/dp/5875114,wayfair.com,False
Instant Pot Duo 7-in-1,Home & Garden,96.79,409.43,0.2364,0.7636,0.0745,0.4282,https://bestprice-deals.tk/product/26806,bestprice-deals.tk,True
Designing Data-Intensive Applications,Books,7.64,11.53,0.6626,0.3371,0.8818,0.9684,https://www.walmart.com/dp/7694136,walmart.com,False
Levi's 501 Jeans,Clothing,48.94,232.6,0.2104,0.7896,0.0483,0.65,https://savebig-store.pw/product/1596,savebig-store.pw,True
Dyson V15 Vacuum,Home & Garden,63.3,91.14,0.6945,0.3055,0.8072,0.4124,https://www.bhphotovideo.com/dp/2549847,bhphotovideo.com,False
Logitech MX Master Mouse,Electronics,2266.16,2858.43,0.7928,0.2072,0.6896,0.825,https://www.newegg.com/dp/1037755,newegg.com,False
Michelin X-Tour Tires,Automotive,37.68,482.41,0.0781,0.9219,0.116,0.4701,https://cheapbuy-store.xyz/product/15942,cheapbuy-store.xyz,True
Sony Headphones WH-1000XM5,Electronics,414.62,515.83,0.8038,0.1962,0.722,0.9514,https://www.nordstrom.com/dp/1851844,nordstrom.com,False
Bose SoundBar 700,Electronics,1021.85,1468.38,0.6959,0.3041,0.7246,0.8454,https://www.ebay.com/dp/7683988,ebay.com,False
The Pragmatic Programmer,Books,26.03,29.83,0.8726,0.1275,0.9447,0.8387,https://www.walmart.com/dp/4738337,walmart.com,False
KitchenAid Stand Mixer,Home & Garden,413.74,499.45,0.8284,0.1716,0.7342,0.4163,https://www.zappos.com/dp/6287988,zappos.com,False
Dyson Airwrap Styler,Beauty,186.47,209.47,0.8902,0.1098,0.6467,0.4959,https://www.zappos.com/dp/1526788,zappos.com,False
Dyson V15 Vacuum,Home & Garden,221.25,307.0,0.7207,0.2793,0.8488,0.5983,https://www.bestbuy.com/dp/2456980,bestbuy.com,False
Nike Air Max Sneakers,Clothing,118.17,164.6,0.7179,0.2821,0.8032,0.6126,https://www.macys.com/dp/7974040,macys.com,False
The Pragmatic Programmer,Books,15.88,42.18,0.3765,0.6234,0.28,0.8997,https://topdeal-online.cc/product/55410,topdeal-online.cc,True
Michelin X-Tour Tires,Automotive,448.99,654.89,0.6856,0.3144,0.9171,0.3783,https://www.bestbuy.com/dp/5049023,bestbuy.com,False
TRX Suspension Trainer,Sports,428.93,1989.48,0.2156,0.7844,0.2391,0.7103,https://savebig-store.pw/product/97993,savebig-store.pw,True
KitchenAid Stand Mixer,Home & Garden,529.8,669.02,0.7919,0.2081,0.6866,0.3787,https://www.macys.com/dp/9399643,macys.com,False
Clean Code,Books,12.21,14.65,0.8334,0.1666,0.7682,0.8757,https://www.macys.com/dp/1873312,macys.com,False
"Samsung 4K TV 55""",Electronics,612.49,852.7,0.7183,0.2817,0.7529,0.7093,https://www.bhphotovideo.com/dp/8416270,bhphotovideo.com,False
Dell XPS 15 Laptop,Electronics,333.2,547.75,0.6083,0.3917,0.7432,0.6334,https://www.homedepot.com/dp/1250130,homedepot.com,False
"iPad Pro 12.9""",Electronics,514.6,2229.64,0.2308,0.7692,0.0496,0.7837,https://buylow-online.icu/product/86897,buylow-online.icu,True
Levi's 501 Jeans,Clothing,195.8,278.12,0.704,0.296,0.7651,0.7249,https://www.macys.com/dp/8302077,macys.com,False
Levi's 501 Jeans,Clothing,256.51,270.72,0.9475,0.0525,0.7243,0.4762,https://www.wayfair.com/dp/9725395,wayfair.com,False
Callaway Golf Driver,Sports,1180.75,1522.96,0.7753,0.2247,0.7462,0.616,https://www.newegg.com/dp/3681345,newegg.com,False
Thinkware U1000 Dash Cam,Automotive,287.86,339.66,0.8475,0.1525,0.7718,0.3722,https://www.chewy.com/dp/1518244,chewy.com,False
Callaway Golf Driver,Sports,101.34,779.52,0.13,0.87,0.09,0.6698,https://cheapbuy-store.xyz/product/65139,cheapbuy-store.xyz,True
Atomic Habits,Books,12.67,13.88,0.9128,0.0875,0.9224,0.8599,https://www.amazon.com/dp/1523448,amazon.com,False
Nintendo Switch OLED,Toys,104.63,122.26,0.8558,0.1442,0.6141,0.3689,https://www.newegg.com/dp/5536878,newegg.com,False
LEGO Technic Bugatti,Toys,31.77,223.11,0.1424,0.8576,0.2438,0.2967,https://bestprice-deals.tk/product/4084,bestprice-deals.tk,True
KitchenAid Stand Mixer,Home & Garden,124.15,355.93,0.3488,0.6512,0.1996,0.4333,https://flashsale-today.ml/product/18710,flashsale-today.ml,True
Clean Code,Books,39.6,42.17,0.9391,0.0609,0.634,1.0,https://www.bhphotovideo.com/dp/7738019,bhphotovideo.com,False
Olaplex Hair Perfector,Beauty,113.75,403.66,0.2818,0.7182,0.0598,0.4998,https://pricedown-shop.cf/product/6147,pricedown-shop.cf,True
Callaway Golf Driver,Sports,871.78,1229.24,0.7092,0.2908,0.8972,0.7975,https://www.bestbuy.com/dp/7297691,bestbuy.com,False
Dell XPS 15 Laptop,Electronics,1005.87,1200.32,0.838,0.162,0.6412,0.7784,https://www.newegg.com/dp/6439471,newegg.com,False
Garmin DriveSmart 65 GPS,Automotive,64.65,89.93,0.7189,0.2811,0.7806,0.5052,https://www.homedepot.com/dp/7043474,homedepot.com,False
Garmin DriveSmart 65 GPS,Automotive,121.16,521.36,0.2324,0.7676,0.0793,0.4131,https://discount-mega.ru/product/86371,discount-mega.ru,True
Canon EOS R6 Camera,Electronics,1059.77,1477.65,0.7172,0.2828,0.7357,0.8313,https://www.newegg.com/dp/7725470,newegg.com,False
The North Face Parka,Clothing,14.48,93.88,0.1542,0.8458,0.2123,0.6546,https://bestprice-deals.tk/product/30689,bestprice-deals.tk,True
Dyson Airwrap Styler,Beauty,54.83,476.75,0.115,0.885,0.0487,0.5608,https://ultra-deals99.net/product/49625,ultra-deals99.net,True
Adidas Ultraboost,Clothing,124.88,203.46,0.6138,0.3862,0.6629,0.4944,https://www.wayfair.com/dp/4815608,wayfair.com,False
Callaway Golf Driver,Sports,2002.41,2398.1,0.835,0.165,0.6492,0.6805,https://www.chewy.com/dp/3243545,chewy.com,False
Olaplex Hair Perfector,Beauty,537.39,590.86,0.9095,0.0905,0.6608,0.4742,https://www.chewy.com/dp/4188992,chewy.com,False
Python Crash Course 3rd Ed,Books,11.75,39.16,0.3001,0.6999,0.0279,0.8682,https://bargain-hunt.gq/product/65052,bargain-hunt.gq,True
Thinkware U1000 Dash Cam,Automotive,202.07,283.68,0.7123,0.2877,0.7298,0.3493,https://www.chewy.com/dp/6556541,chewy.com,False
TRX Suspension Trainer,Sports,1271.33,1417.15,0.8971,0.1029,0.7595,0.6018,https://www.macys.com/dp/2622400,macys.com,False
NOCO Genius5 Battery Charger,Automotive,30.95,43.99,0.7036,0.2965,0.9237,0.3484,https://www.target.com/dp/5293781,target.com,False
Python Crash Course 3rd Ed,Books,23.06,33.52,0.6879,0.3122,0.9107,0.8003,https://www.amazon.com/dp/6871360,amazon.com,False
TRX Suspension Trainer,Sports,348.71,2096.88,0.1663,0.8337,0.1637,0.7458,https://savebig-store.pw/product/91725,savebig-store.pw,True
Apple AirPods Pro,Electronics,1035.12,1135.62,0.9115,0.0885,0.6793,0.8526,https://www.adorama.com/dp/3702847,adorama.com,False
Ray-Ban Aviator Sunglasses,Clothing,155.84,187.02,0.8333,0.1667,0.7035,0.5692,https://www.homedepot.com/dp/2754894,homedepot.com,False
Fenty Beauty Foundation,Beauty,25.25,280.21,0.0901,0.9099,0.1411,0.4883,https://topdeal-online.cc/product/11170,topdeal-online.cc,True
Olaplex Hair Perfector,Beauty,210.92,349.55,0.6034,0.3966,1.0,0.5662,https://www.target.com/dp/1009512,target.com,False
TRX Suspension Trainer,Sports,231.06,2217.49,0.1042,0.8958,0.0459,0.6296,https://topdeal-online.cc/product/52284,topdeal-online.cc,True
Instant Pot Duo 7-in-1,Home & Garden,146.66,632.98,0.2317,0.7683,0.0487,0.5429,https://bestprice-deals.tk/product/46938,bestprice-deals.tk,True
Peloton Bike+,Sports,321.97,343.76,0.9366,0.0634,0.9834,0.8219,https://www.target.com/dp/3452982,target.com,False
Logitech MX Master Mouse,Electronics,661.43,910.94,0.7261,0.2739,0.7593,0.9649,https://www.chewy.com/dp/5659980,chewy.com,False
Magna-Tiles 100 Piece Set,Toys,36.62,54.25,0.675,0.3249,0.7117,0.3301,https://www.zappos.com/dp/3476408,zappos.com,False
Garmin DriveSmart 65 GPS,Automotive,417.19,468.44,0.8906,0.1094,0.7431,0.4111,https://www.ebay.com/dp/3709058,ebay.com,False
Patagonia Fleece Jacket,Clothing,360.71,400.57,0.9005,0.0995,0.6773,0.5168,https://www.costco.com/dp/8695935,costco.com,False
Thinkware U1000 Dash Cam,Automotive,503.26,587.99,0.8559,0.1441,0.6721,0.4302,https://www.newegg.com/dp/7294347,newegg.com,False
Thinkware U1000 Dash Cam,Automotive,585.45,671.39,0.872,0.128,0.7741,0.3773,https://www.homedepot.com/dp/2918984,homedepot.com,False
Garmin DriveSmart 65 GPS,Automotive,144.82,174.13,0.8317,0.1683,0.6845,0.2762,https://www.newegg.com/dp/3388063,newegg.com,False
Garmin Forerunner 945,Sports,103.37,275.8,0.3748,0.6252,0.2175,0.8125,https://discount-mega.ru/product/25813,discount-mega.ru,True
Garmin Forerunner 945,Sports,1454.06,1699.07,0.8558,0.1442,0.7275,0.6225,https://www.newegg.com/dp/9611430,newegg.com,False
Logitech MX Master Mouse,Electronics,196.09,540.34,0.3629,0.6371,0.1385,0.9811,https://topdeal-online.cc/product/90681,topdeal-online.cc,True
Designing Data-Intensive Applications,Books,30.54,41.16,0.742,0.2579,0.9165,0.9667,https://www.amazon.com/dp/2813842,amazon.com,False
Instant Pot Duo 7-in-1,Home & Garden,402.99,657.72,0.6127,0.3873,0.7184,0.4185,https://www.adorama.com/dp/9304216,adorama.com,False
Clean Code,Books,20.2,32.04,0.6305,0.3695,0.9167,0.8876,https://www.walmart.com/dp/3787134,walmart.com,False
La Mer Moisturizing Cream,Beauty,118.98,127.2,0.9354,0.0646,0.7414,0.5126,https://www.nordstrom.com/dp/2790625,nordstrom.com,False
LEGO Technic Bugatti,Toys,63.22,392.43,0.1611,0.8389,0.0296,0.3485,https://bestprice-deals.tk/product/70736,bestprice-deals.tk,True
Garmin DriveSmart 65 GPS,Automotive,288.78,445.44,0.6483,0.3517,0.9169,0.3526,https://www.amazon.com/dp/7917936,amazon.com,False
The North Face Parka,Clothing,140.55,187.47,0.7497,0.2503,0.7237,0.5786,https://www.ebay.com/dp/5547530,ebay.com,False
Garmin DriveSmart 65 GPS,Automotive,304.57,484.44,0.6287,0.3713,0.9711,0.4741,https://www.amazon.com/dp/5071537,amazon.com,False
Sony Headphones WH-1000XM5,Electronics,830.25,1121.65,0.7402,0.2598,0.6214,0.7754,https://www.ebay.com/dp/8520166,ebay.com,False
Peloton Bike+,Sports,1552.43,1661.6,0.9343,0.0657,0.9194,0.7201,https://www.amazon.com/dp/4155352,amazon.com,False
Roomba i7+ Robot Vacuum,Home & Garden,501.96,759.97,0.6605,0.3395,0.6041,0.3323,https://www.costco.com/dp/6884702,costco.com,False
La Mer Moisturizing Cream,Beauty,108.45,351.44,0.3086,0.6914,0.28,0.5571,https://shop-fast-now.biz/product/12901,shop-fast-now.biz,True
Python Crash Course 3rd Ed,Books,20.41,24.14,0.8455,0.1545,0.6586,0.8552,https://www.wayfair.com/dp/9214801,wayfair.com,False
The Pragmatic Programmer,Books,29.56,39.35,0.7512,0.2487,0.9148,0.7787,https://www.amazon.com/dp/3334293,amazon.com,False
Designing Data-Intensive Applications,Books,10.15,15.12,0.6713,0.3289,0.6074,0.9627,https://www.wayfair.com/dp/7424776,wayfair.com,False
Atomic Habits,Books,29.8,39.54,0.7537,0.2464,0.6452,0.8946,https://www.nordstrom.com/dp/5153632,nordstrom.com,False
Michelin X-Tour Tires,Automotive,190.19,208.22,0.9134,0.0866,0.916,0.4155,https://www.target.com/dp/9852408,target.com,False
Fenty Beauty Foundation,Beauty,269.27,334.71,0.8045,0.1955,0.9007,0.6163,https://www.target.com/dp/8048838,target.com,False
Garmin DriveSmart 65 GPS,Automotive,677.41,781.24,0.8671,0.1329,0.6952,0.4223,https://www.nordstrom.com/dp/6882609,nordstrom.com,False
Hot Wheels Ultimate Garage,Toys,36.96,52.73,0.7009,0.2991,0.7326,0.259,https://www.zappos.com/dp/7913101,zappos.com,False
Callaway Golf Driver,Sports,821.96,1130.78,0.7269,0.2731,0.7122,0.6624,https://www.bhphotovideo.com/dp/5910157,bhphotovideo.com,False
Michelin X-Tour Tires,Automotive,691.15,918.23,0.7527,0.2473,0.714,0.186,https://www.ebay.com/dp/9378197,ebay.com,False
Patagonia Fleece Jacket,Clothing,348.95,455.31,0.7664,0.2336,0.8247,0.5197,https://www.walmart.com/dp/9761967,walmart.com,False
Bose SoundBar 700,Electronics,1355.11,2196.29,0.617,0.383,0.7253,0.9658,https://www.nordstrom.com/dp/2817044,nordstrom.com,False
Garmin DriveSmart 65 GPS,Automotive,69.47,421.28,0.1649,0.8351,0.28,0.3942,https://ultra-deals99.net/product/34604,ultra-deals99.net,True
Garmin DriveSmart 65 GPS,Automotive,306.82,403.5,0.7604,0.2396,0.6687,0.3217,https://www.macys.com/dp/6651210,macys.com,False
Python Crash Course 3rd Ed,Books,27.31,34.27,0.7969,0.2031,0.5939,0.8514,https://www.ebay.com/dp/9222379,ebay.com,False
The Pragmatic Programmer,Books,33.27,46.19,0.7203,0.2798,0.8539,0.9896,https://www.chewy.com/dp/3522845,chewy.com,False
Dyson Airwrap Styler,Beauty,149.55,588.33,0.2542,0.7458,0.1432,0.4428,https://shop-fast-now.biz/product/1157,shop-fast-now.biz,True
Nike Air Max Sneakers,Clothing,142.37,217.16,0.6556,0.3444,0.7055,0.5667,https://www.homedepot.com/dp/1460189,homedepot.com,False
The North Face Parka,Clothing,225.65,343.03,0.6578,0.3422,0.6535,0.5093,https://www.adorama.com/dp/3426881,adorama.com,False
Patagonia Fleece Jacket,Clothing,142.36,156.7,0.9085,0.0915,0.66,0.4474,https://www.ebay.com/dp/9164392,ebay.com,False
Barbie Dreamhouse,Toys,198.36,224.24,0.8846,0.1154,0.8514,0.3825,https://www.target.com/dp/1390306,target.com,False
Dyson V15 Vacuum,Home & Garden,507.21,539.01,0.941,0.059,0.862,0.462,https://www.amazon.com/dp/7010308,amazon.com,False
La Mer Moisturizing Cream,Beauty,223.43,562.51,0.3972,0.6028,0.0947,0.4707,https://ultra-deals99.net/product/74250,ultra-deals99.net,True
Dell XPS 15 Laptop,Electronics,93.22,353.79,0.2635,0.7365,0.2229,0.8093,https://pricedown-shop.cf/product/29246,pricedown-shop.cf,True
Wilson Tennis Racket Pro,Sports,697.83,766.26,0.9107,0.0893,0.6763,0.6988,https://www.nordstrom.com/dp/1627384,nordstrom.com,False
Peloton Bike+,Sports,1065.33,1327.85,0.8023,0.1977,0.7488,0.7735,https://www.costco.com/dp/2065530,costco.com,False
Garmin Forerunner 945,Sports,438.97,1609.73,0.2727,0.7273,0.2553,0.6033,https://flashsale-today.ml/product/49754,flashsale-today.ml,True
The Pragmatic Programmer,Books,10.94,15.39,0.7109,0.2891,0.7028,0.8752,https://www.wayfair.com/dp/9698799,wayfair.com,False
Sony Headphones WH-1000XM5,Electronics,149.32,689.37,0.2166,0.7834,0.0893,0.7189,https://flashsale-today.ml/product/75738,flashsale-today.ml,True
Nike Air Max Sneakers,Clothing,4.39,32.63,0.1345,0.8656,0.2189,0.4877,https://flashsale-today.ml/product/34271,flashsale-today.ml,True
Olaplex Hair Perfector,Beauty,334.53,393.06,0.8511,0.1489,0.8666,0.4414,https://www.bestbuy.com/dp/8514591,bestbuy.com,False
Garmin Forerunner 945,Sports,507.1,779.67,0.6504,0.3496,0.9676,0.6627,https://www.walmart.com/dp/1255573,walmart.com,False
KitchenAid Stand Mixer,Home & Garden,285.81,321.13,0.89,0.11,0.8016,0.4483,https://www.amazon.com/dp/9942753,amazon.com,False
Michelin X-Tour Tires,Automotive,294.51,334.02,0.8817,0.1183,0.7648,0.3114,https://www.wayfair.com/dp/5916819,wayfair.com,False
Sony Headphones WH-1000XM5,Electronics,948.14,2974.08,0.3188,0.6812,0.0296,0.8685,https://pricedown-shop.cf/product/17203,pricedown-shop.cf,True
Canon EOS R6 Camera,Electronics,639.76,2037.44,0.314,0.686,0.2681,0.8443,https://buylow-online.icu/product/30861,buylow-online.icu,True
Atomic Habits,Books,19.03,22.37,0.8507,0.1495,0.6909,1.0,https://www.homedepot.com/dp/3120836,homedepot.com,False
Patagonia Fleece Jacket,Clothing,59.19,62.99,0.9397,0.0603,0.7426,0.5272,https://www.chewy.com/dp/5437438,chewy.com,False
Michelin X-Tour Tires,Automotive,178.06,623.91,0.2854,0.7146,0.1079,0.3871,https://deal-xpress.top/product/40002,deal-xpress.top,True
"Samsung 4K TV 55""",Electronics,1757.11,1871.65,0.9388,0.0612,0.9614,0.7236,https://www.bestbuy.com/dp/6753560,bestbuy.com,False
Canon EOS R6 Camera,Electronics,231.42,1113.66,0.2078,0.7922,0.0685,0.9047,https://deal-xpress.top/product/41107,deal-xpress.top,True
Peloton Bike+,Sports,92.13,724.85,0.1271,0.8729,0.1408,0.7684,https://buylow-online.icu/product/28568,buylow-online.icu,True
Ray-Ban Aviator Sunglasses,Clothing,162.1,201.09,0.8061,0.1939,0.6914,0.6511,https://www.ebay.com/dp/5875471,ebay.com,False
Dell XPS 15 Laptop,Electronics,1387.91,1737.06,0.799,0.201,0.634,0.9117,https://www.costco.com/dp/4496403,costco.com,False
Callaway Golf Driver,Sports,413.59,1341.07,0.3084,0.6916,0.1887,0.6619,https://savebig-store.pw/product/6641,savebig-store.pw,True
Callaway Golf Driver,Sports,1387.83,1929.42,0.7193,0.2807,0.7765,0.7532,https://www.ebay.com/dp/2391894,ebay.com,False
Michelin X-Tour Tires,Automotive,30.95,168.12,0.1841,0.8159,0.0652,0.3769,https://buylow-online.icu/product/8926,buylow-online.icu,True
Python Crash Course 3rd Ed,Books,3.56,18.08,0.1969,0.8029,0.2298,0.9254,https://bargain-hunt.gq/product/43791,bargain-hunt.gq,True
Patagonia Fleece Jacket,Clothing,355.72,459.59,0.774,0.226,0.8948,0.6315,https://www.amazon.com/dp/5580646,amazon.com,False
Atomic Habits,Books,34.96,45.79,0.7635,0.2365,0.7205,0.8815,https://www.newegg.com/dp/3231911,newegg.com,False
Garmin DriveSmart 65 GPS,Automotive,502.26,574.87,0.8737,0.1263,0.7029,0.3086,https://www.macys.com/dp/5299055,macys.com,False
Roomba i7+ Robot Vacuum,Home & Garden,82.43,697.39,0.1182,0.8818,0.1469,0.4509,https://cheapbuy-store.xyz/product/14282,cheapbuy-store.xyz,True
Garmin DriveSmart 65 GPS,Automotive,211.16,254.81,0.8287,0.1713,0.6288,0.4143,https://www.macys.com/dp/7978124,macys.com,False
NOCO Genius5 Battery Charger,Automotive,242.72,925.71,0.2622,0.7378,0.156,0.3882,https://buylow-online.icu/product/41752,buylow-online.icu,True
KitchenAid Stand Mixer,Home & Garden,59.4,215.2,0.276,0.724,0.1077,0.2973,https://cheapbuy-store.xyz/product/17725,cheapbuy-store.xyz,True
Fenty Beauty Foundation,Beauty,119.55,345.22,0.3463,0.6537,0.2033,0.565,https://ultra-deals99.net/product/67427,ultra-deals99.net,True
Dell XPS 15 Laptop,Electronics,2322.52,2582.3,0.8994,0.1006,0.7938,0.8079,https://www.bestbuy.com/dp/5205279,bestbuy.com,False
NARS Blush Orgasm,Beauty,169.02,543.47,0.311,0.689,0.0108,0.5283,https://ultra-deals99.net/product/66649,ultra-deals99.net,True
Python Crash Course 3rd Ed,Books,18.18,27.65,0.6575,0.3424,0.9112,0.9723,https://www.target.com/dp/4454281,target.com,False
Instant Pot Duo 7-in-1,Home & Garden,425.45,683.01,0.6229,0.3771,0.8243,0.4757,https://www.target.com/dp/1881916,target.com,False
Designing Data-Intensive Applications,Books,15.0,23.6,0.6356,0.3646,0.6135,1.0,https://www.zappos.com/dp/1494157,zappos.com,False
NOCO Genius5 Battery Charger,Automotive,214.93,570.57,0.3767,0.6233,0.28,0.3754,https://topdeal-online.cc/product/70803,topdeal-online.cc,True
Bose SoundBar 700,Electronics,652.03,2036.96,0.3201,0.6799,0.1501,0.8317,https://topdeal-online.cc/product/82529,topdeal-online.cc,True
Hot Wheels Ultimate Garage,Toys,130.51,208.22,0.6268,0.3732,0.7356,0.1993,https://www.zappos.com/dp/7523795,zappos.com,False
Python Crash Course 3rd Ed,Books,16.45,23.19,0.7094,0.2908,0.6943,0.7961,https://www.nordstrom.com/dp/7367900,nordstrom.com,False
"Samsung 4K TV 55""",Electronics,470.27,1411.36,0.3332,0.6668,0.2438,0.8372,https://savebig-store.pw/product/13308,savebig-store.pw,True
NOCO Genius5 Battery Charger,Automotive,654.56,730.13,0.8965,0.1035,0.7373,0.426,https://www.chewy.com/dp/4134096,chewy.com,False
Python Crash Course 3rd Ed,Books,50.24,54.05,0.9295,0.0705,0.777,1.0,https://www.zappos.com/dp/7938840,zappos.com,False
Garmin DriveSmart 65 GPS,Automotive,155.7,978.02,0.1592,0.8408,0.2004,0.4868,https://topdeal-online.cc/product/11873,topdeal-online.cc,True
KitchenAid Stand Mixer,Home & Garden,44.26,796.07,0.0556,0.9444,0.28,0.5295,https://flashsale-today.ml/product/1923,flashsale-today.ml,True
NOCO Genius5 Battery Charger,Automotive,835.12,987.96,0.8453,0.1547,0.7038,0.3458,https://www.newegg.com/dp/5195951,newegg.com,False
Nespresso Vertuo Coffee Maker,Home & Garden,376.11,601.11,0.6257,0.3743,0.9023,0.4541,https://www.target.com/dp/1495854,target.com,False
NARS Blush Orgasm,Beauty,167.96,197.39,0.8509,0.1491,0.7568,0.4115,https://www.adorama.com/dp/9067229,adorama.com,False
The North Face Parka,Clothing,166.97,276.95,0.6029,0.3971,0.6836,0.6124,https://www.costco.com/dp/6080612,costco.com,False
Levi's 501 Jeans,Clothing,102.85,125.02,0.8227,0.1773,0.6584,0.5489,https://www.bhphotovideo.com/dp/9614497,bhphotovideo.com,False
Barbie Dreamhouse,Toys,92.21,150.67,0.612,0.388,0.6973,0.3059,https://www.ebay.com/dp/8482755,ebay.com,False
Patagonia Fleece Jacket,Clothing,251.95,360.75,0.6984,0.3016,0.863,0.4932,https://www.target.com/dp/5484288,target.com,False
Python Crash Course 3rd Ed,Books,22.66,31.52,0.7189,0.2811,0.8594,0.8109,https://www.amazon.com/dp/1837217,amazon.com,False
Magna-Tiles 100 Piece Set,Toys,230.32,376.64,0.6115,0.3885,0.7875,0.4605,https://www.wayfair.com/dp/1763562,wayfair.com,False
Clean Code,Books,11.21,17.21,0.6514,0.3487,0.7795,0.9459,https://www.chewy.com/dp/8064499,chewy.com,False
Apple AirPods Pro,Electronics,1735.19,1946.59,0.8914,0.1086,0.7626,0.8629,https://www.chewy.com/dp/6842624,chewy.com,False
NOCO Genius5 Battery Charger,Automotive,529.56,872.86,0.6067,0.3933,0.899,0.4094,https://www.target.com/dp/7425184,target.com,False
TRX Suspension Trainer,Sports,1939.13,2318.15,0.8365,0.1635,0.899,0.7231,https://www.target.com/dp/4208920,target.com,False
NARS Blush Orgasm,Beauty,25.86,358.19,0.0722,0.9278,0.1445,0.6112,https://savebig-store.pw/product/78736,savebig-store.pw,True
NARS Blush Orgasm,Beauty,37.89,44.53,0.8509,0.1491,0.8954,0.4808,https://www.amazon.com/dp/4858847,amazon.com,False
Nintendo Switch OLED,Toys,87.75,94.24,0.9311,0.0689,0.618,0.3186,https://www.chewy.com/dp/5166421,chewy.com,False
Michelin X-Tour Tires,Automotive,330.68,438.86,0.7535,0.2465,0.6745,0.1957,https://www.chewy.com/dp/3392360,chewy.com,False
Dyson Airwrap Styler,Beauty,49.59,57.8,0.858,0.142,0.8139,0.4012,https://www.homedepot.com/dp/7000246,homedepot.com,False
Roomba i7+ Robot Vacuum,Home & Garden,375.33,533.06,0.7041,0.2959,0.8631,0.3833,https://www.target.com/dp/4408903,target.com,False
Fenty Beauty Foundation,Beauty,418.1,462.29,0.9044,0.0956,0.6594,0.6684,https://www.zappos.com/dp/1453692,zappos.com,False
Instant Pot Duo 7-in-1,Home & Garden,266.25,679.38,0.3919,0.6081,0.0235,0.4088,https://cheapbuy-store.xyz/product/12904,cheapbuy-store.xyz,True
NOCO Genius5 Battery Charger,Automotive,176.03,267.04,0.6592,0.3408,0.6287,0.4055,https://www.nordstrom.com/dp/6407624,nordstrom.com,False
Barbie Dreamhouse,Toys,282.73,314.56,0.8988,0.1012,0.6134,0.4696,https://www.nordstrom.com/dp/4787716,nordstrom.com,False
Wilson Tennis Racket Pro,Sports,214.04,343.79,0.6226,0.3774,0.6447,0.6043,https://www.wayfair.com/dp/8930103,wayfair.com,False
Apple AirPods Pro,Electronics,1074.13,1470.41,0.7305,0.2695,0.7655,0.9617,https://www.chewy.com/dp/6622207,chewy.com,False
Atomic Habits,Books,24.95,30.92,0.8069,0.193,0.9282,0.8184,https://www.bestbuy.com/dp/1482732,bestbuy.com,False
Nintendo Switch OLED,Toys,128.28,169.89,0.7551,0.2449,0.663,0.4454,https://www.macys.com/dp/5922299,macys.com,False
Instant Pot Duo 7-in-1,Home & Garden,120.17,130.27,0.9225,0.0775,0.5698,0.4659,https://www.macys.com/dp/2874387,macys.com,False
Garmin DriveSmart 65 GPS,Automotive,91.64,112.8,0.8124,0.1876,0.7241,0.4179,https://www.bhphotovideo.com/dp/5038756,bhphotovideo.com,False
"Samsung 4K TV 55""",Electronics,259.66,1407.35,0.1845,0.8155,0.187,0.8632,https://ultra-deals99.net/product/86483,ultra-deals99.net,True
The Pragmatic Programmer,Books,8.95,11.18,0.8005,0.1996,0.6169,0.9403,https://www.newegg.com/dp/6464089,newegg.com,False
Nespresso Vertuo Coffee Maker,Home & Garden,46.33,76.91,0.6024,0.3976,0.6287,0.4815,https://www.costco.com/dp/9073881,costco.com,False
Ray-Ban Aviator Sunglasses,Clothing,55.67,75.67,0.7357,0.2643,0.9104,0.4367,https://www.amazon.com/dp/6189026,amazon.com,False
"iPad Pro 12.9""",Electronics,1633.8,2026.54,0.8062,0.1938,0.7356,0.76,https://www.zappos.com/dp/8095702,zappos.com,False
The North Face Parka,Clothing,276.13,409.2,0.6748,0.3252,0.6863,0.4239,https://www.homedepot.com/dp/6319500,homedepot.com,False
The Pragmatic Programmer,Books,30.71,47.69,0.644,0.3561,0.6018,0.9369,https://www.chewy.com/dp/5901629,chewy.com,False
LEGO Technic Bugatti,Toys,83.47,317.51,0.2629,0.7371,0.2164,0.2545,https://flashsale-today.ml/product/20943,flashsale-today.ml,True
Nintendo Switch OLED,Toys,166.65,194.59,0.8564,0.1436,0.9327,0.3456,https://www.target.com/dp/3363534,target.com,False
Garmin Forerunner 945,Sports,625.06,2248.4,0.278,0.722,0.0945,0.6416,https://bestprice-deals.tk/product/32509,bestprice-deals.tk,True
Hot Wheels Ultimate Garage,Toys,103.18,113.28,0.9108,0.0892,0.656,0.3779,https://www.bhphotovideo.com/dp/1270875,bhphotovideo.com,False
Ray-Ban Aviator Sunglasses,Clothing,213.73,240.12,0.8901,0.1099,0.699,0.579,https://www.costco.com/dp/4688530,costco.com,False
Magna-Tiles 100 Piece Set,Toys,192.28,301.24,0.6383,0.3617,0.6768,0.3661,https://www.zappos.com/dp/7191944,zappos.com,False
KitchenAid Stand Mixer,Home & Garden,158.1,611.36,0.2586,0.7414,0.1335,0.5567,https://cheapbuy-store.xyz/product/48300,cheapbuy-store.xyz,True
Atomic Habits,Books,33.21,36.14,0.9189,0.081,0.6208,0.933,https://www.macys.com/dp/7082569,macys.com,False
Levi's 501 Jeans,Clothing,229.12,375.67,0.6099,0.3901,0.8876,0.6777,https://www.walmart.com/dp/9900022,walmart.com,False
Dyson Airwrap Styler,Beauty,16.07,75.82,0.2119,0.788,0.28,0.3904,https://flashsale-today.ml/product/44468,flashsale-today.ml,True
TRX Suspension Trainer,Sports,684.74,1130.31,0.6058,0.3942,0.8261,0.7147,https://www.walmart.com/dp/4136946,walmart.com,False
Garmin DriveSmart 65 GPS,Automotive,264.06,325.64,0.8109,0.1891,0.7161,0.4338,https://www.bhphotovideo.com/dp/5446036,bhphotovideo.com,False
Canon EOS R6 Camera,Electronics,1544.69,2400.07,0.6436,0.3564,0.6856,0.8696,https://www.zappos.com/dp/3476114,zappos.com,False
NARS Blush Orgasm,Beauty,11.57,126.62,0.0914,0.9086,0.2412,0.5555,https://pricedown-shop.cf/product/78755,pricedown-shop.cf,True
Nespresso Vertuo Coffee Maker,Home & Garden,114.07,121.9,0.9358,0.0642,0.6992,0.4963,https://www.ebay.com/dp/5433204,ebay.com,False
Peloton Bike+,Sports,1255.26,1593.98,0.7875,0.2125,0.726,0.8226,https://www.macys.com/dp/6069909,macys.com,False
Nespresso Vertuo Coffee Maker,Home & Garden,42.28,462.6,0.0914,0.9086,0.0891,0.5397,https://savebig-store.pw/product/15706,savebig-store.pw,True
Garmin DriveSmart 65 GPS,Automotive,423.83,512.49,0.827,0.173,0.595,0.4547,https://www.ebay.com/dp/8945647,ebay.com,False
Fenty Beauty Foundation,Beauty,208.26,308.62,0.6748,0.3252,0.7193,0.567,https://www.ebay.com/dp/1924685,ebay.com,False
Michelin X-Tour Tires,Automotive,142.44,837.4,0.1701,0.8299,0.2384,0.5018,https://bestprice-deals.tk/product/89969,bestprice-deals.tk,True
Fenty Beauty Foundation,Beauty,263.07,390.89,0.673,0.327,0.8756,0.4654,https://www.amazon.com/dp/2258981,amazon.com,False
Michelin X-Tour Tires,Automotive,599.06,834.12,0.7182,0.2818,0.7864,0.3625,https://www.wayfair.com/dp/2008134,wayfair.com,False
Nintendo Switch OLED,Toys,43.95,157.01,0.2799,0.7201,0.1301,0.3079,https://pricedown-shop.cf/product/76930,pricedown-shop.cf,True
NOCO Genius5 Battery Charger,Automotive,276.2,406.36,0.6797,0.3203,0.6694,0.369,https://www.wayfair.com/dp/9396422,wayfair.com,False
Roomba i7+ Robot Vacuum,Home & Garden,382.73,421.74,0.9075,0.0925,0.8261,0.5415,https://www.target.com/dp/3329967,target.com,False
Nespresso Vertuo Coffee Maker,Home & Garden,49.17,60.29,0.8156,0.1845,0.8327,0.3845,https://www.target.com/dp/6014212,target.com,False
Atomic Habits,Books,8.37,11.3,0.7407,0.259,0.8977,0.9382,https://www.amazon.com/dp/5713268,amazon.com,False
Garmin DriveSmart 65 GPS,Automotive,891.0,977.3,0.9117,0.0883,0.9193,0.5087,https://www.amazon.com/dp/9232507,amazon.com,False
Adidas Ultraboost,Clothing,88.46,121.81,0.7262,0.2738,0.9436,0.6147,https://www.amazon.com/dp/1848566,amazon.com,False
Dyson V15 Vacuum,Home & Garden,189.97,279.9,0.6787,0.3213,0.653,0.4051,https://www.newegg.com/dp/3546321,newegg.com,False
Nike Air Max Sneakers,Clothing,88.26,221.1,0.3992,0.6008,0.28,0.4233,https://pricedown-shop.cf/product/89939,pricedown-shop.cf,True
NOCO Genius5 Battery Charger,Automotive,404.22,616.37,0.6558,0.3442,0.6689,0.4466,https://www.chewy.com/dp/3920363,chewy.com,False
Barbie Dreamhouse,Toys,128.86,213.42,0.6038,0.3962,0.7418,0.2596,https://www.adorama.com/dp/8942330,adorama.com,False
Clean Code,Books,13.96,20.59,0.678,0.3219,0.7544,0.8699,https://www.adorama.com/dp/7393458,adorama.com,False
NARS Blush Orgasm,Beauty,68.25,192.03,0.3554,0.6446,0.0506,0.4364,https://buylow-online.icu/product/29254,buylow-online.icu,True
Dyson V15 Vacuum,Home & Garden,439.8,615.54,0.7145,0.2855,0.8795,0.5305,https://www.walmart.com/dp/8435634,walmart.com,False
Logitech MX Master Mouse,Electronics,290.33,2627.43,0.1105,0.8895,0.2484,0.9903,https://shop-fast-now.biz/product/66949,shop-fast-now.biz,True
Barbie Dreamhouse,Toys,93.74,146.03,0.6419,0.3581,0.7343,0.221,https://www.macys.com/dp/5635017,macys.com,False
NARS Blush Orgasm,Beauty,388.79,430.22,0.9037,0.0963,0.7515,0.5637,https://www.costco.com/dp/5388717,costco.com,False
Wilson Tennis Racket Pro,Sports,1005.14,1403.43,0.7162,0.2838,0.7192,0.6974,https://www.costco.com/dp/2209226,costco.com,False
Clean Code,Books,39.59,45.09,0.878,0.1219,0.7614,0.8032,https://www.homedepot.com/dp/1156104,homedepot.com,False
Fenty Beauty Foundation,Beauty,360.32,497.75,0.7239,0.2761,0.6239,0.589,https://www.ebay.com/dp/4961601,ebay.com,False
Nespresso Vertuo Coffee Maker,Home & Garden,565.4,692.47,0.8165,0.1835,0.7149,0.5834,https://www.wayfair.com/dp/1840925,wayfair.com,False
NOCO Genius5 Battery Charger,Automotive,423.46,566.12,0.748,0.252,0.7583,0.4425,https://www.costco.com/dp/4261117,costco.com,False
The Pragmatic Programmer,Books,9.97,10.99,0.9072,0.0924,0.71,0.9919,https://www.zappos.com/dp/4337963,zappos.com,False
Python Crash Course 3rd Ed,Books,3.05,46.42,0.0657,0.9343,0.0115,0.8211,https://savebig-store.pw/product/64800,savebig-store.pw,True
KitchenAid Stand Mixer,Home & Garden,444.39,737.45,0.6026,0.3974,0.7066,0.394,https://www.zappos.com/dp/3128830,zappos.com,False
Bose SoundBar 700,Electronics,575.75,1773.71,0.3246,0.6754,0.0986,1.0,https://deal-xpress.top/product/35396,deal-xpress.top,True
Ray-Ban Aviator Sunglasses,Clothing,60.3,87.51,0.6891,0.3109,1.0,0.5888,https://www.target.com/dp/6818508,target.com,False
La Mer Moisturizing Cream,Beauty,14.63,22.03,0.6641,0.3361,0.6498,0.4735,https://www.ebay.com/dp/6526817,ebay.com,False
Michelin X-Tour Tires,Automotive,69.39,91.53,0.7581,0.2419,0.8807,0.4306,https://www.target.com/dp/8343784,target.com,False
Magna-Tiles 100 Piece Set,Toys,65.32,72.11,0.9058,0.0942,0.6143,0.4583,https://www.wayfair.com/dp/6455706,wayfair.com,False
Thinkware U1000 Dash Cam,Automotive,401.14,430.41,0.932,0.068,0.8938,0.4013,https://www.bestbuy.com/dp/2699277,bestbuy.com,False
The North Face Parka,Clothing,401.05,461.19,0.8696,0.1304,0.6783,0.5753,https://www.chewy.com/dp/8977571,chewy.com,False
NOCO Genius5 Battery Charger,Automotive,19.25,264.85,0.0727,0.9273,0.0913,0.5675,https://bargain-hunt.gq/product/80799,bargain-hunt.gq,True
TRX Suspension Trainer,Sports,30.18,447.13,0.0675,0.9325,0.187,0.6645,https://ultra-deals99.net/product/17719,ultra-deals99.net,True
LEGO Technic Bugatti,Toys,39.94,217.8,0.1834,0.8166,0.0216,0.2792,https://shop-fast-now.biz/product/94252,shop-fast-now.biz,True
Roomba i7+ Robot Vacuum,Home & Garden,174.44,235.63,0.7403,0.2597,0.7198,0.4711,https://www.homedepot.com/dp/6337828,homedepot.com,False
The Pragmatic Programmer,Books,18.71,21.21,0.8821,0.118,0.7148,0.8809,https://www.homedepot.com/dp/3012893,homedepot.com,False
Fenty Beauty Foundation,Beauty,8.14,43.6,0.1867,0.8133,0.1261,0.5256,https://deal-xpress.top/product/49596,deal-xpress.top,True
Python Crash Course 3rd Ed,Books,26.77,35.35,0.7573,0.2427,0.6666,0.9794,https://www.newegg.com/dp/7765865,newegg.com,False
Instant Pot Duo 7-in-1,Home & Garden,78.47,107.03,0.7332,0.2668,0.7029,0.4715,https://www.chewy.com/dp/4246367,chewy.com,False
Patagonia Fleece Jacket,Clothing,67.26,85.6,0.7857,0.2142,0.8588,0.5513,https://www.bestbuy.com/dp/4181393,bestbuy.com,False
Designing Data-Intensive Applications,Books,19.89,55.91,0.3558,0.6443,0.1684,0.8365,https://shop-fast-now.biz/product/71290,shop-fast-now.biz,True
Nike Air Max Sneakers,Clothing,219.32,314.57,0.6972,0.3028,0.7151,0.5562,https://www.homedepot.com/dp/4029653,homedepot.com,False
Thinkware U1000 Dash Cam,Automotive,479.44,519.89,0.9222,0.0778,0.8867,0.368,https://www.target.com/dp/5416796,target.com,False
Dell XPS 15 Laptop,Electronics,1171.92,1292.65,0.9066,0.0934,0.8975,0.8372,https://www.bestbuy.com/dp/6484048,bestbuy.com,False
Levi's 501 Jeans,Clothing,396.34,488.04,0.8121,0.1879,0.7028,0.6875,https://www.nordstrom.com/dp/6688907,nordstrom.com,False
The North Face Parka,Clothing,139.78,358.14,0.3903,0.6097,0.28,0.478,https://flashsale-today.ml/product/34135,flashsale-today.ml,True
TRX Suspension Trainer,Sports,119.99,1951.04,0.0615,0.9385,0.1261,0.6051,https://bestprice-deals.tk/product/45373,bestprice-deals.tk,True
Michelin X-Tour Tires,Automotive,436.1,461.97,0.944,0.056,0.7032,0.3138,https://www.ebay.com/dp/4717770,ebay.com,False
Ray-Ban Aviator Sunglasses,Clothing,122.43,168.99,0.7245,0.2755,0.601,0.6598,https://www.nordstrom.com/dp/8808058,nordstrom.com,False
Garmin DriveSmart 65 GPS,Automotive,404.51,614.94,0.6578,0.3422,0.7017,0.4215,https://www.nordstrom.com/dp/9019741,nordstrom.com,False
Instant Pot Duo 7-in-1,Home & Garden,294.98,403.81,0.7305,0.2695,0.7221,0.3353,https://www.bhphotovideo.com/dp/2280254,bhphotovideo.com,False
Nespresso Vertuo Coffee Maker,Home & Garden,147.4,241.09,0.6114,0.3886,0.7221,0.3913,https://www.ebay.com/dp/1762444,ebay.com,False
Nintendo Switch OLED,Toys,14.54,20.22,0.7191,0.281,0.8511,0.4939,https://www.target.com/dp/7465381,target.com,False
Barbie Dreamhouse,Toys,75.03,323.28,0.2321,0.7679,0.0897,0.2503,https://savebig-store.pw/product/72274,savebig-store.pw,True
Barbie Dreamhouse,Toys,54.38,57.42,0.9471,0.0529,0.683,0.3796,https://www.chewy.com/dp/3468450,chewy.com,False
Magna-Tiles 100 Piece Set,Toys,83.71,114.96,0.7282,0.2718,0.7421,0.4104,https://www.wayfair.com/dp/6700634,wayfair.com,False
Clean Code,Books,28.12,30.74,0.9148,0.0851,0.724,0.8311,https://www.costco.com/dp/1418312,costco.com,False
Barbie Dreamhouse,Toys,66.12,72.62,0.9105,0.0895,0.8914,0.3151,https://www.bestbuy.com/dp/7323067,bestbuy.com,False
NOCO Genius5 Battery Charger,Automotive,17.87,258.24,0.0692,0.9308,0.28,0.391,https://buylow-online.icu/product/83338,buylow-online.icu,True
Bose SoundBar 700,Electronics,2153.18,2517.16,0.8554,0.1446,0.7004,0.824,https://www.wayfair.com/dp/7445414,wayfair.com,False
Levi's 501 Jeans,Clothing,88.5,117.94,0.7504,0.2496,0.7619,0.6304,https://www.zappos.com/dp/7978813,zappos.com,False
Michelin X-Tour Tires,Automotive,38.46,45.29,0.8492,0.1508,0.8645,0.2993,https://www.target.com/dp/8872548,target.com,False
Clean Code,Books,6.73,18.83,0.3574,0.6428,0.0826,0.9793,https://buylow-online.icu/product/82962,buylow-online.icu,True
Python Crash Course 3rd Ed,Books,1.34,16.48,0.0813,0.9185,0.0182,0.9703,https://buylow-online.icu/product/50167,buylow-online.icu,True
Nintendo Switch OLED,Toys,36.51,153.58,0.2377,0.7623,0.1265,0.3631,https://cheapbuy-store.xyz/product/6778,cheapbuy-store.xyz,True
Barbie Dreamhouse,Toys,83.55,304.37,0.2745,0.7255,0.1436,0.5111,https://bargain-hunt.gq/product/46245,bargain-hunt.gq,True
Python Crash Course 3rd Ed,Books,10.08,12.92,0.7802,0.2199,0.7479,0.8915,https://www.homedepot.com/dp/9668957,homedepot.com,False
Wilson Tennis Racket Pro,Sports,1131.12,1856.42,0.6093,0.3907,0.6583,0.7611,https://www.costco.com/dp/4461265,costco.com,False
Michelin X-Tour Tires,Automotive,390.92,612.53,0.6382,0.3618,0.7266,0.4119,https://www.macys.com/dp/5462862,macys.com,False
Levi's 501 Jeans,Clothing,64.75,164.25,0.3942,0.6058,0.1107,0.5811,https://flashsale-today.ml/product/75454,flashsale-today.ml,True
Patagonia Fleece Jacket,Clothing,86.58,267.22,0.324,0.676,0.28,0.5663,https://shop-fast-now.biz/product/60141,shop-fast-now.biz,True
Garmin Forerunner 945,Sports,861.97,918.45,0.9385,0.0615,0.661,0.7163,https://www.homedepot.com/dp/2658260,homedepot.com,False
Olaplex Hair Perfector,Beauty,157.17,177.47,0.8856,0.1144,0.9319,0.5846,https://www.bestbuy.com/dp/4654207,bestbuy.com,False
Garmin DriveSmart 65 GPS,Automotive,386.14,463.61,0.8329,0.1671,0.6633,0.3352,https://www.costco.com/dp/7044941,costco.com,False
Wilson Tennis Racket Pro,Sports,223.76,1230.79,0.1818,0.8182,0.0624,0.6768,https://deal-xpress.top/product/76958,deal-xpress.top,True
TRX Suspension Trainer,Sports,880.09,1235.39,0.7124,0.2876,0.84,0.5147,https://www.target.com/dp/4375454,target.com,False
"iPad Pro 12.9""",Electronics,498.56,725.28,0.6874,0.3126,0.6928,0.8534,https://www.macys.com/dp/1384511,macys.com,False
Thinkware U1000 Dash Cam,Automotive,284.71,454.45,0.6265,0.3735,0.9035,0.493,https://www.target.com/dp/4350161,target.com,False
Hot Wheels Ultimate Garage,Toys,118.81,169.53,0.7008,0.2992,0.6125,0.3358,https://www.macys.com/dp/5500507,macys.com,False
Roomba i7+ Robot Vacuum,Home & Garden,77.34,374.36,0.2066,0.7934,0.1208,0.4087,https://bestprice-deals.tk/product/77299,bestprice-deals.tk,True
La Mer Moisturizing Cream,Beauty,318.45,377.0,0.8447,0.1553,0.6382,0.3944,https://www.adorama.com/dp/1006810,adorama.com,False
Apple AirPods Pro,Electronics,565.82,688.1,0.8223,0.1777,0.6749,0.7402,https://www.chewy.com/dp/4639947,chewy.com,False
Roomba i7+ Robot Vacuum,Home & Garden,313.37,467.51,0.6703,0.3297,0.7738,0.3566,https://www.chewy.com/dp/7557976,chewy.com,False
Apple AirPods Pro,Electronics,716.55,2878.87,0.2489,0.7511,0.2395,0.8164,https://topdeal-online.cc/product/84907,topdeal-online.cc,True
NARS Blush Orgasm,Beauty,90.61,410.54,0.2207,0.7793,0.2043,0.563,https://bestprice-deals.tk/product/35510,bestprice-deals.tk,True
Instant Pot Duo 7-in-1,Home & Garden,24.87,93.79,0.2652,0.7348,0.1422,0.4663,https://deal-xpress.top/product/61536,deal-xpress.top,True
LEGO Technic Bugatti,Toys,46.23,268.16,0.1724,0.8276,0.1118,0.2478,https://ultra-deals99.net/product/19138,ultra-deals99.net,True
NOCO Genius5 Battery Charger,Automotive,65.27,251.32,0.2597,0.7403,0.1002,0.4175,https://savebig-store.pw/product/36022,savebig-store.pw,True
Adidas Ultraboost,Clothing,232.33,375.03,0.6195,0.3805,0.9441,0.6001,https://www.bestbuy.com/dp/4453272,bestbuy.com,False
La Mer Moisturizing Cream,Beauty,479.97,591.31,0.8117,0.1883,0.9036,0.5591,https://www.bestbuy.com/dp/9845104,bestbuy.com,False
Nespresso Vertuo Coffee Maker,Home & Garden,441.29,663.59,0.665,0.335,0.6589,0.3525,https://www.bhphotovideo.com/dp/3668591,bhphotovideo.com,False
Clean Code,Books,30.4,46.5,0.6538,0.3463,0.889,0.9022,https://www.amazon.com/dp/5101689,amazon.com,False
NARS Blush Orgasm,Beauty,420.14,503.77,0.834,0.166,0.7708,0.5619,https://www.chewy.com/dp/1773047,chewy.com,False
Hot Wheels Ultimate Garage,Toys,127.38,372.14,0.3423,0.6577,0.0676,0.5005,https://deal-xpress.top/product/69648,deal-xpress.top,True
LEGO Technic Bugatti,Toys,6.01,23.35,0.2574,0.7424,0.0371,0.444,https://discount-mega.ru/product/41374,discount-mega.ru,True
Logitech MX Master Mouse,Electronics,564.43,780.46,0.7232,0.2768,0.7348,0.9179,https://www.wayfair.com/dp/2425085,wayfair.com,False
Michelin X-Tour Tires,Automotive,779.4,859.13,0.9072,0.0928,0.6789,0.4497,https://www.bhphotovideo.com/dp/5140313,bhphotovideo.com,False
NARS Blush Orgasm,Beauty,19.99,24.41,0.8189,0.1811,0.9848,0.6518,https://www.target.com/dp/9515457,target.com,False
Nespresso Vertuo Coffee Maker,Home & Garden,39.8,337.56,0.1179,0.8821,0.216,0.4346,https://ultra-deals99.net/product/37853,ultra-deals99.net,True
Adidas Ultraboost,Clothing,270.62,386.93,0.6994,0.3006,0.8869,0.4723,https://www.amazon.com/dp/2480282,amazon.com,False
Instant Pot Duo 7-in-1,Home & Garden,256.3,273.83,0.936,0.064,0.6545,0.5056,https://www.wayfair.com/dp/6758647,wayfair.com,False
Peloton Bike+,Sports,1239.79,1696.72,0.7307,0.2693,0.9839,0.6557,https://www.target.com/dp/4796108,target.com,False
Dyson V15 Vacuum,Home & Garden,606.29,778.19,0.7791,0.2209,0.7986,0.3391,https://www.costco.com/dp/5808770,costco.com,False
Dyson V15 Vacuum,Home & Garden,686.71,741.35,0.9263,0.0737,0.5967,0.6197,https://www.zappos.com/dp/3858597,zappos.com,False
Logitech MX Master Mouse,Electronics,371.33,453.78,0.8183,0.1817,0.825,0.8427,https://www.target.com/dp/4282937,target.com,False
Dell XPS 15 Laptop,Electronics,1256.41,1538.4,0.8167,0.1833,0.6354,0.9052,https://www.newegg.com/dp/7222689,newegg.com,False
Ray-Ban Aviator Sunglasses,Clothing,337.31,406.99,0.8288,0.1712,0.7194,0.5924,https://www.macys.com/dp/2701295,macys.com,False
LEGO Technic Bugatti,Toys,176.91,241.29,0.7332,0.2668,0.7996,0.4967,https://www.ebay.com/dp/6955234,ebay.com,False
Adidas Ultraboost,Clothing,179.67,218.52,0.8222,0.1778,0.9475,0.7368,https://www.target.com/dp/6381096,target.com,False
Nike Air Max Sneakers,Clothing,262.76,291.28,0.9021,0.0979,0.6971,0.6947,https://www.newegg.com/dp/1736129,newegg.com,False
Wilson Tennis Racket Pro,Sports,106.27,116.14,0.915,0.085,0.6725,0.6023,https://www.zappos.com/dp/7310431,zappos.com,False
Dell XPS 15 Laptop,Electronics,2107.24,2759.25,0.7637,0.2363,0.6471,0.9685,https://www.costco.com/dp/1086558,costco.com,False
Wilson Tennis Racket Pro,Sports,1203.49,1348.6,0.8924,0.1076,0.6728,0.7319,https://www.zappos.com/dp/9729882,zappos.com,False
Barbie Dreamhouse,Toys,243.57,326.68,0.7456,0.2544,0.6997,0.4035,https://www.nordstrom.com/dp/6725334,nordstrom.com,False
Fenty Beauty Foundation,Beauty,457.09,504.24,0.9065,0.0935,0.7646,0.4401,https://www.adorama.com/dp/9880006,adorama.com,False
Peloton Bike+,Sports,1000.1,1058.2,0.9451,0.0549,0.9533,0.6794,https://www.amazon.com/dp/7155434,amazon.com,False
Designing Data-Intensive Applications,Books,15.47,24.59,0.6291,0.3707,0.6532,0.8466,https://www.macys.com/dp/4644931,macys.com,False
KitchenAid Stand Mixer,Home & Garden,81.48,106.75,0.7633,0.2367,0.7141,0.5692,https://www.wayfair.com/dp/1866001,wayfair.com,False
Logitech MX Master Mouse,Electronics,439.53,2663.84,0.165,0.835,0.1049,0.7293,https://savebig-store.pw/product/39077,savebig-store.pw,True
Sony Headphones WH-1000XM5,Electronics,822.93,2436.15,0.3378,0.6622,0.1195,0.7925,https://discount-mega.ru/product/84798,discount-mega.ru,True
Dyson V15 Vacuum,Home & Garden,256.02,306.65,0.8349,0.1651,0.6959,0.5116,https://www.chewy.com/dp/4491964,chewy.com,False
"Samsung 4K TV 55""",Electronics,1760.8,2234.52,0.788,0.212,0.8475,0.9496,https://www.nordstrom.com/dp/4056945,nordstrom.com,False
Dyson V15 Vacuum,Home & Garden,511.51,562.28,0.9097,0.0903,0.7841,0.3793,https://www.bhphotovideo.com/dp/1727321,bhphotovideo.com,False
Nintendo Switch OLED,Toys,107.71,126.82,0.8493,0.1507,0.6644,0.3585,https://www.macys.com/dp/2325893,macys.com,False
Dyson V15 Vacuum,Home & Garden,372.54,436.74,0.853,0.147,0.722,0.5167,https://www.nordstrom.com/dp/8042663,nordstrom.com,False
Thinkware U1000 Dash Cam,Automotive,251.35,373.14,0.6736,0.3264,0.8674,0.3511,https://www.walmart.com/dp/2698894,walmart.com,False
Atomic Habits,Books,16.65,18.6,0.8952,0.1049,0.6686,0.8778,https://www.macys.com/dp/1758400,macys.com,False
Nike Air Max Sneakers,Clothing,36.38,49.2,0.7394,0.2606,0.9121,0.6241,https://www.target.com/dp/1929145,target.com,False
Roomba i7+ Robot Vacuum,Home & Garden,654.73,702.5,0.932,0.068,0.8881,0.4537,https://www.target.com/dp/4522752,target.com,False
Magna-Tiles 100 Piece Set,Toys,280.52,297.19,0.9439,0.0561,0.6015,0.4214,https://www.ebay.com/dp/3732123,ebay.com,False
La Mer Moisturizing Cream,Beauty,28.61,36.22,0.7899,0.21,0.7467,0.4822,https://www.wayfair.com/dp/7533541,wayfair.com,False
Bose SoundBar 700,Electronics,2729.11,2885.5,0.9458,0.0542,0.5816,0.8783,https://www.zappos.com/dp/6342149,zappos.com,False
The Pragmatic Programmer,Books,22.57,34.31,0.6578,0.3423,0.6595,0.9686,https://www.costco.com/dp/8300062,costco.com,False
Garmin Forerunner 945,Sports,939.54,1405.87,0.6683,0.3317,0.7289,0.7368,https://www.chewy.com/dp/3247776,chewy.com,False
Barbie Dreamhouse,Toys,220.99,341.77,0.6466,0.3534,0.7457,0.2263,https://www.zappos.com/dp/3337892,zappos.com,False
Designing Data-Intensive Applications,Books,28.24,39.51,0.7148,0.2852,0.741,0.9406,https://www.costco.com/dp/2977390,costco.com,False
Thinkware U1000 Dash Cam,Automotive,465.28,680.43,0.6838,0.3162,0.9198,0.3234,https://www.amazon.com/dp/2967833,amazon.com,False
The North Face Parka,Clothing,23.8,34.81,0.6837,0.3164,0.7096,0.6037,https://www.ebay.com/dp/1548532,ebay.com,False
Peloton Bike+,Sports,343.46,463.95,0.7403,0.2597,0.9825,0.7856,https://www.bestbuy.com/dp/1089321,bestbuy.com,False
Callaway Golf Driver,Sports,435.12,1758.79,0.2474,0.7526,0.28,0.5818,https://cheapbuy-store.xyz/product/48047,cheapbuy-store.xyz,True
Dyson V15 Vacuum,Home & Garden,608.71,710.2,0.8571,0.1429,0.7836,0.3779,https://www.adorama.com/dp/9203143,adorama.com,False
Callaway Golf Driver,Sports,628.73,998.15,0.6299,0.3701,0.67,0.6767,https://www.bhphotovideo.com/dp/3396987,bhphotovideo.com,False
Clean Code,Books,25.44,37.8,0.673,0.3269,0.6958,0.9519,https://www.chewy.com/dp/9618374,chewy.com,False
Peloton Bike+,Sports,1052.17,1117.78,0.9413,0.0587,0.7273,0.7005,https://www.bhphotovideo.com/dp/9389519,bhphotovideo.com,False
Instant Pot Duo 7-in-1,Home & Garden,119.74,169.25,0.7075,0.2925,0.7762,0.4931,https://www.wayfair.com/dp/3777286,wayfair.com,False
Fenty Beauty Foundation,Beauty,166.18,490.92,0.3385,0.6615,0.0421,0.5853,https://bestprice-deals.tk/product/95449,bestprice-deals.tk,True
Wilson Tennis Racket Pro,Sports,157.52,196.48,0.8017,0.1983,0.7154,0.5632,https://www.macys.com/dp/2069713,macys.com,False
Thinkware U1000 Dash Cam,Automotive,84.12,611.34,0.1376,0.8624,0.1906,0.5287,https://topdeal-online.cc/product/67718,topdeal-online.cc,True
Nike Air Max Sneakers,Clothing,242.51,341.09,0.711,0.289,0.739,0.5969,https://www.nordstrom.com/dp/3186206,nordstrom.com,False
Levi's 501 Jeans,Clothing,80.94,110.47,0.7327,0.2673,0.8827,0.6391,https://www.bestbuy.com/dp/9979400,bestbuy.com,False
Michelin X-Tour Tires,Automotive,88.29,225.23,0.392,0.608,0.2016,0.4743,https://discount-mega.ru/product/2314,discount-mega.ru,True
Bose SoundBar 700,Electronics,568.39,806.46,0.7048,0.2952,0.7345,0.8144,https://www.homedepot.com/dp/2453304,homedepot.com,False
Barbie Dreamhouse,Toys,128.24,171.7,0.7469,0.2531,0.6902,0.4348,https://www.costco.com/dp/8843082,costco.com,False
Nike Air Max Sneakers,Clothing,34.8,140.08,0.2484,0.7516,0.2732,0.6357,https://flashsale-today.ml/product/54174,flashsale-today.ml,True
Olaplex Hair Perfector,Beauty,59.2,340.05,0.1741,0.8259,0.1412,0.4049,https://shop-fast-now.biz/product/13060,shop-fast-now.biz,True
"Samsung 4K TV 55""",Electronics,117.06,413.05,0.2834,0.7166,0.0416,0.9228,https://shop-fast-now.biz/product/60700,shop-fast-now.biz,True
Nike Air Max Sneakers,Clothing,180.02,295.69,0.6088,0.3912,0.6742,0.6495,https://www.wayfair.com/dp/3986348,wayfair.com,False
Olaplex Hair Perfector,Beauty,130.42,186.16,0.7006,0.2994,0.7393,0.534,https://www.nordstrom.com/dp/7969792,nordstrom.com,False
Dyson Airwrap Styler,Beauty,184.1,196.77,0.9356,0.0644,0.6532,0.5869,https://www.adorama.com/dp/3509536,adorama.com,False
Dyson V15 Vacuum,Home & Garden,384.36,505.94,0.7597,0.2403,0.8849,0.2417,https://www.walmart.com/dp/7415688,walmart.com,False
Python Crash Course 3rd Ed,Books,9.4,48.49,0.1939,0.8061,0.1344,0.9355,https://bargain-hunt.gq/product/38911,bargain-hunt.gq,True
Instant Pot Duo 7-in-1,Home & Garden,213.91,571.34,0.3744,0.6256,0.0997,0.3324,https://discount-mega.ru/product/34133,discount-mega.ru,True
Logitech MX Master Mouse,Electronics,1367.4,1462.15,0.9352,0.0648,0.6468,0.8492,https://www.nordstrom.com/dp/4903481,nordstrom.com,False
TRX Suspension Trainer,Sports,438.71,1342.45,0.3268,0.6732,0.169,0.6634,https://pricedown-shop.cf/product/13342,pricedown-shop.cf,True
Instant Pot Duo 7-in-1,Home & Garden,393.82,649.34,0.6065,0.3935,0.8038,0.3949,https://www.newegg.com/dp/2156393,newegg.com,False
LEGO Technic Bugatti,Toys,143.03,206.84,0.6915,0.3085,0.673,0.4216,https://www.newegg.com/dp/1381383,newegg.com,False
KitchenAid Stand Mixer,Home & Garden,324.72,427.54,0.7595,0.2405,0.7269,0.4745,https://www.adorama.com/dp/2634576,adorama.com,False
Fenty Beauty Foundation,Beauty,211.82,274.38,0.772,0.228,0.6968,0.5429,https://www.wayfair.com/dp/5685869,wayfair.com,False
Nespresso Vertuo Coffee Maker,Home & Garden,54.71,61.67,0.8871,0.1128,0.8749,0.4711,https://www.bestbuy.com/dp/9451467,bestbuy.com,False
Adidas Ultraboost,Clothing,288.46,339.64,0.8493,0.1507,0.971,0.552,https://www.bestbuy.com/dp/9252486,bestbuy.com,False
KitchenAid Stand Mixer,Home & Garden,234.92,389.85,0.6026,0.3974,0.8503,0.4836,https://www.target.com/dp/3212456,target.com,False
TRX Suspension Trainer,Sports,297.92,474.69,0.6276,0.3724,0.7046,0.7381,https://www.bhphotovideo.com/dp/6350367,bhphotovideo.com,False
Instant Pot Duo 7-in-1,Home & Garden,312.77,451.26,0.6931,0.3069,0.6654,0.2925,https://www.chewy.com/dp/2045698,chewy.com,False
Thinkware U1000 Dash Cam,Automotive,226.03,935.95,0.2415,0.7585,0.28,0.4153,https://bargain-hunt.gq/product/90855,bargain-hunt.gq,True
Roomba i7+ Robot Vacuum,Home & Garden,623.42,798.23,0.781,0.219,0.7143,0.4768,https://www.ebay.com/dp/7978909,ebay.com,False
Magna-Tiles 100 Piece Set,Toys,275.31,374.21,0.7357,0.2643,0.7796,0.3515,https://www.macys.com/dp/1592263,macys.com,False
Dyson V15 Vacuum,Home & Garden,612.87,680.59,0.9005,0.0995,0.6966,0.4523,https://www.zappos.com/dp/7160071,zappos.com,False
KitchenAid Stand Mixer,Home & Garden,578.65,609.3,0.9497,0.0503,0.8249,0.4537,https://www.homedepot.com/dp/9621787,homedepot.com,False
Peloton Bike+,Sports,741.34,944.98,0.7845,0.2155,0.6761,0.7288,https://www.nordstrom.com/dp/8330731,nordstrom.com,False
Adidas Ultraboost,Clothing,204.59,290.2,0.705,0.295,0.7125,0.6319,https://www.macys.com/dp/5522403,macys.com,False
Bose SoundBar 700,Electronics,164.95,244.44,0.6748,0.3252,0.6754,0.737,https://www.adorama.com/dp/1989886,adorama.com,False
Michelin X-Tour Tires,Automotive,159.03,238.39,0.6671,0.3329,0.6886,0.4572,https://www.ebay.com/dp/5146242,ebay.com,False
Adidas Ultraboost,Clothing,26.79,307.92,0.087,0.913,0.0349,0.5493,https://cheapbuy-store.xyz/product/22577,cheapbuy-store.xyz,True
Magna-Tiles 100 Piece Set,Toys,146.0,177.46,0.8227,0.1773,0.6448,0.4156,https://www.zappos.com/dp/6323868,zappos.com,False
The North Face Parka,Clothing,162.91,209.32,0.7783,0.2217,0.6522,0.6378,https://www.wayfair.com/dp/9582482,wayfair.com,False
Nintendo Switch OLED,Toys,92.31,98.42,0.9379,0.0621,0.5958,0.488,https://www.homedepot.com/dp/9930492,homedepot.com,False
La Mer Moisturizing Cream,Beauty,136.84,221.89,0.6167,0.3833,0.7073,0.4509,https://www.homedepot.com/dp/1241105,homedepot.com,False
Sony Headphones WH-1000XM5,Electronics,718.33,2625.46,0.2736,0.7264,0.1204,0.844,https://ultra-deals99.net/product/671,ultra-deals99.net,True
Callaway Golf Driver,Sports,334.4,2132.66,0.1568,0.8432,0.28,0.5845,https://savebig-store.pw/product/2887,savebig-store.pw,True
La Mer Moisturizing Cream,Beauty,42.89,63.4,0.6765,0.3235,0.7413,0.5651,https://www.ebay.com/dp/6680114,ebay.com,False
"Samsung 4K TV 55""",Electronics,573.74,725.15,0.7912,0.2088,0.8938,0.8982,https://www.bestbuy.com/dp/5621484,bestbuy.com,False
The Pragmatic Programmer,Books,21.44,25.86,0.8291,0.171,0.9344,1.0,https://www.walmart.com/dp/6254198,walmart.com,False
KitchenAid Stand Mixer,Home & Garden,429.69,634.61,0.6771,0.3229,0.8721,0.3404,https://www.bestbuy.com/dp/8276470,bestbuy.com,False
Nespresso Vertuo Coffee Maker,Home & Garden,265.83,322.41,0.8245,0.1755,0.8082,0.4906,https://www.amazon.com/dp/3192032,amazon.com,False
Levi's 501 Jeans,Clothing,287.81,437.34,0.6581,0.3419,0.8305,0.6126,https://www.amazon.com/dp/3800715,amazon.com,False
Ray-Ban Aviator Sunglasses,Clothing,7.53,25.0,0.3012,0.699,0.0627,0.5821,https://deal-xpress.top/product/93210,deal-xpress.top,True
Michelin X-Tour Tires,Automotive,195.79,259.5,0.7545,0.2455,0.9051,0.5239,https://www.amazon.com/dp/7821919,amazon.com,False
Atomic Habits,Books,4.08,25.95,0.1572,0.8427,0.0495,0.8108,https://bargain-hunt.gq/product/85620,bargain-hunt.gq,True
Levi's 501 Jeans,Clothing,71.76,423.13,0.1696,0.8304,0.0761,0.7444,https://bestprice-deals.tk/product/13226,bestprice-deals.tk,True
Nespresso Vertuo Coffee Maker,Home & Garden,125.4,393.36,0.3188,0.6812,0.1059,0.4203,https://savebig-store.pw/product/12173,savebig-store.pw,True
La Mer Moisturizing Cream,Beauty,84.78,261.74,0.3239,0.6761,0.28,0.488,https://pricedown-shop.cf/product/48698,pricedown-shop.cf,True
Callaway Golf Driver,Sports,664.68,802.85,0.8279,0.1721,0.6713,0.6563,https://www.chewy.com/dp/5587856,chewy.com,False
Apple AirPods Pro,Electronics,979.06,1561.0,0.6272,0.3728,0.7815,0.8202,https://www.chewy.com/dp/9792694,chewy.com,False
Garmin DriveSmart 65 GPS,Automotive,285.35,302.37,0.9437,0.0563,0.6252,0.3265,https://www.wayfair.com/dp/2053583,wayfair.com,False
Magna-Tiles 100 Piece Set,Toys,50.11,73.75,0.6795,0.3205,0.8667,0.3658,https://www.target.com/dp/6175463,target.com,False
Nintendo Switch OLED,Toys,49.65,78.48,0.6326,0.3674,0.6675,0.2521,https://www.nordstrom.com/dp/7767788,nordstrom.com,False
Levi's 501 Jeans,Clothing,141.58,156.75,0.9032,0.0968,0.6795,0.657,https://www.newegg.com/dp/6556840,newegg.com,False
KitchenAid Stand Mixer,Home & Garden,442.55,573.7,0.7714,0.2286,0.6882,0.4404,https://www.macys.com/dp/5691140,macys.com,False
Peloton Bike+,Sports,89.21,526.92,0.1693,0.8307,0.1579,0.6437,https://ultra-deals99.net/product/54716,ultra-deals99.net,True
Peloton Bike+,Sports,535.98,1691.31,0.3169,0.6831,0.1081,0.749,https://topdeal-online.cc/product/39747,topdeal-online.cc,True
Adidas Ultraboost,Clothing,191.21,224.71,0.8509,0.1491,0.8516,0.5752,https://www.amazon.com/dp/6478441,amazon.com,False
Ray-Ban Aviator Sunglasses,Clothing,61.21,430.18,0.1423,0.8577,0.28,0.5601,https://cheapbuy-store.xyz/product/72188,cheapbuy-store.xyz,True
Logitech MX Master Mouse,Electronics,16.59,320.28,0.0518,0.9482,0.0802,0.7058,https://bargain-hunt.gq/product/90890,bargain-hunt.gq,True
Canon EOS R6 Camera,Electronics,2263.81,2795.52,0.8098,0.1902,0.6429,0.8345,https://www.homedepot.com/dp/9741022,homedepot.com,False
Levi's 501 Jeans,Clothing,56.06,70.72,0.7927,0.2073,0.6387,0.4829,https://www.costco.com/dp/7820148,costco.com,False
Fenty Beauty Foundation,Beauty,101.59,546.45,0.1859,0.8141,0.0651,0.5638,https://pricedown-shop.cf/product/17650,pricedown-shop.cf,True
Callaway Golf Driver,Sports,1785.91,2021.63,0.8834,0.1166,0.9406,0.8085,https://www.walmart.com/dp/8231838,walmart.com,False
Olaplex Hair Perfector,Beauty,146.12,159.83,0.9142,0.0858,0.9636,0.4216,https://www.amazon.com/dp/4047623,amazon.com,False
NARS Blush Orgasm,Beauty,268.97,286.6,0.9385,0.0615,0.7333,0.5337,https://www.adorama.com/dp/6084244,adorama.com,False
La Mer Moisturizing Cream,Beauty,114.3,167.62,0.6819,0.3181,0.6237,0.601,https://www.chewy.com/dp/2406225,chewy.com,False
Instant Pot Duo 7-in-1,Home & Garden,313.19,404.58,0.7741,0.2259,0.8524,0.4562,https://www.walmart.com/dp/8560833,walmart.com,False
LEGO Technic Bugatti,Toys,217.58,355.06,0.6128,0.3872,0.7875,0.3475,https://www.chewy.com/dp/7752669,chewy.com,False
Olaplex Hair Perfector,Beauty,140.08,414.07,0.3383,0.6617,0.0657,0.5471,https://buylow-online.icu/product/43957,buylow-online.icu,True
The North Face Parka,Clothing,106.74,161.1,0.6626,0.3374,0.69,0.6294,https://www.adorama.com/dp/9004545,adorama.com,False
Hot Wheels Ultimate Garage,Toys,108.8,122.66,0.887,0.113,0.9033,0.3913,https://www.bestbuy.com/dp/4834713,bestbuy.com,False
Sony Headphones WH-1000XM5,Electronics,482.75,677.92,0.7121,0.2879,0.6299,1.0,https://www.macys.com/dp/7549444,macys.com,False
Nintendo Switch OLED,Toys,201.43,271.69,0.7414,0.2586,0.7019,0.4373,https://www.nordstrom.com/dp/9841593,nordstrom.com,False
Levi's 501 Jeans,Clothing,348.03,476.62,0.7302,0.2698,0.6723,0.5042,https://www.bhphotovideo.com/dp/8531380,bhphotovideo.com,False
Garmin Forerunner 945,Sports,550.68,651.77,0.8449,0.1551,0.6732,0.6928,https://www.wayfair.com/dp/7707501,wayfair.com,False
Wilson Tennis Racket Pro,Sports,1464.25,1930.46,0.7585,0.2415,0.725,0.6297,https://www.costco.com/dp/7733046,costco.com,False
Designing Data-Intensive Applications,Books,14.99,49.73,0.3014,0.6985,0.28,0.819,https://pricedown-shop.cf/product/71599,pricedown-shop.cf,True
Fenty Beauty Foundation,Beauty,31.76,37.18,0.8542,0.1457,0.7134,0.5712,https://www.bhphotovideo.com/dp/9230960,bhphotovideo.com,False
NOCO Genius5 Battery Charger,Automotive,679.38,781.35,0.8695,0.1305,0.6589,0.4195,https://www.nordstrom.com/dp/6910964,nordstrom.com,False
"iPad Pro 12.9""",Electronics,2141.66,2845.3,0.7527,0.2473,0.6826,0.8221,https://www.wayfair.com/dp/4158036,wayfair.com,False
Bose SoundBar 700,Electronics,527.3,652.03,0.8087,0.1913,0.7685,0.7631,https://www.costco.com/dp/5449004,costco.com,False
TRX Suspension Trainer,Sports,181.96,255.96,0.7109,0.2891,0.9343,0.6329,https://www.bestbuy.com/dp/7277502,bestbuy.com,False
Adidas Ultraboost,Clothing,421.78,459.61,0.9177,0.0823,0.6209,0.604,https://www.macys.com/dp/1839952,macys.com,False
Nintendo Switch OLED,Toys,245.39,314.89,0.7793,0.2207,0.7022,0.3382,https://www.homedepot.com/dp/3966618,homedepot.com,False
NOCO Genius5 Battery Charger,Automotive,72.96,106.01,0.6882,0.3118,0.6507,0.3224,https://www.adorama.com/dp/7194004,adorama.com,False
Patagonia Fleece Jacket,Clothing,337.89,405.87,0.8325,0.1675,0.6507,0.5773,https://www.bhphotovideo.com/dp/6885129,bhphotovideo.com,False
Barbie Dreamhouse,Toys,213.0,229.16,0.9295,0.0705,0.7276,0.2913,https://www.ebay.com/dp/6127028,ebay.com,False
Barbie Dreamhouse,Toys,130.1,138.39,0.9401,0.0599,0.9229,0.484,https://www.amazon.com/dp/3150806,amazon.com,False
Dyson V15 Vacuum,Home & Garden,10.25,103.5,0.099,0.901,0.28,0.4605,https://savebig-store.pw/product/32848,savebig-store.pw,True
La Mer Moisturizing Cream,Beauty,426.48,567.35,0.7517,0.2483,0.8622,0.5288,https://www.bestbuy.com/dp/9675181,bestbuy.com,False
Magna-Tiles 100 Piece Set,Toys,52.07,69.49,0.7493,0.2507,0.7228,0.1064,https://www.nordstrom.com/dp/6184930,nordstrom.com,False
Python Crash Course 3rd Ed,Books,19.98,23.46,0.8517,0.1482,0.6475,0.9606,https://www.costco.com/dp/8014121,costco.com,False
The Pragmatic Programmer,Books,23.67,25.69,0.9214,0.0785,0.6814,0.8417,https://www.newegg.com/dp/9472929,newegg.com,False
The Pragmatic Programmer,Books,32.85,36.76,0.8936,0.1063,0.9171,1.0,https://www.walmart.com/dp/8571412,walmart.com,False
Peloton Bike+,Sports,70.28,78.95,0.8902,0.1098,0.6968,0.7263,https://www.ebay.com/dp/2374659,ebay.com,False
Apple AirPods Pro,Electronics,1329.47,1656.87,0.8024,0.1976,0.7017,0.7155,https://www.nordstrom.com/dp/7345316,nordstrom.com,False
La Mer Moisturizing Cream,Beauty,42.4,461.9,0.0918,0.9082,0.1307,0.5197,https://pricedown-shop.cf/product/72378,pricedown-shop.cf,True
Nike Air Max Sneakers,Clothing,23.28,24.63,0.9452,0.0547,0.6988,0.6962,https://www.nordstrom.com/dp/6723292,nordstrom.com,False
"Samsung 4K TV 55""",Electronics,2421.21,2616.11,0.9255,0.0745,0.932,0.8348,https://www.target.com/dp/1874208,target.com,False
The Pragmatic Programmer,Books,16.19,20.53,0.7886,0.2115,0.7626,0.8377,https://www.macys.com/dp/3604144,macys.com,False
Canon EOS R6 Camera,Electronics,301.59,421.51,0.7155,0.2845,0.7515,0.9198,https://www.bhphotovideo.com/dp/9690736,bhphotovideo.com,False
Adidas Ultraboost,Clothing,74.47,304.69,0.2444,0.7556,0.1446,0.6366,https://buylow-online.icu/product/56308,buylow-online.icu,True
NOCO Genius5 Battery Charger,Automotive,664.58,889.43,0.7472,0.2528,0.6334,0.4937,https://www.wayfair.com/dp/1377064,wayfair.com,False
KitchenAid Stand Mixer,Home & Garden,498.8,590.09,0.8453,0.1547,0.7877,0.4515,https://www.zappos.com/dp/3670819,zappos.com,False
Adidas Ultraboost,Clothing,34.43,146.07,0.2357,0.7643,0.28,0.5211,https://savebig-store.pw/product/59624,savebig-store.pw,True
Callaway Golf Driver,Sports,175.25,218.13,0.8034,0.1966,0.8853,0.8162,https://www.walmart.com/dp/9411821,walmart.com,False
Hot Wheels Ultimate Garage,Toys,14.0,127.58,0.1097,0.8903,0.1545,0.3283,https://discount-mega.ru/product/46971,discount-mega.ru,True
Wilson Tennis Racket Pro,Sports,1708.1,1861.08,0.9178,0.0822,0.5923,0.7878,https://www.zappos.com/dp/2589366,zappos.com,False
Magna-Tiles 100 Piece Set,Toys,16.09,19.25,0.8358,0.1644,0.7609,0.3089,https://www.chewy.com/dp/7893107,chewy.com,False
Olaplex Hair Perfector,Beauty,294.74,469.48,0.6278,0.3722,0.7924,0.5901,https://www.zappos.com/dp/2044906,zappos.com,False
Thinkware U1000 Dash Cam,Automotive,113.36,180.77,0.6271,0.3729,0.8565,0.49,https://www.amazon.com/dp/7110145,amazon.com,False
Peloton Bike+,Sports,1946.86,2139.88,0.9098,0.0902,0.8801,0.6967,https://www.amazon.com/dp/5555954,amazon.com,False
Roomba i7+ Robot Vacuum,Home & Garden,230.72,647.18,0.3565,0.6435,0.172,0.4735,https://ultra-deals99.net/product/17146,ultra-deals99.net,True
Sony Headphones WH-1000XM5,Electronics,579.17,1807.08,0.3205,0.6795,0.0361,0.8338,https://topdeal-online.cc/product/82127,topdeal-online.cc,True
Levi's 501 Jeans,Clothing,370.47,432.24,0.8571,0.1429,0.758,0.5595,https://www.bhphotovideo.com/dp/2108790,bhphotovideo.com,False
Adidas Ultraboost,Clothing,241.34,296.93,0.8128,0.1872,0.7489,0.4315,https://www.nordstrom.com/dp/5365936,nordstrom.com,False
Fenty Beauty Foundation,Beauty,275.29,390.59,0.7048,0.2952,0.6252,0.448,https://www.chewy.com/dp/3047722,chewy.com,False
Dyson V15 Vacuum,Home & Garden,561.78,664.36,0.8456,0.1544,0.681,0.4337,https://www.ebay.com/dp/8649174,ebay.com,False
LEGO Technic Bugatti,Toys,158.52,189.82,0.8351,0.1649,0.9193,0.3336,https://www.target.com/dp/2812049,target.com,False
Garmin DriveSmart 65 GPS,Automotive,559.16,702.9,0.7955,0.2045,0.6741,0.4683,https://www.costco.com/dp/4003831,costco.com,False
Clean Code,Books,47.0,54.23,0.8667,0.1333,0.8793,0.9208,https://www.walmart.com/dp/6258152,walmart.com,False
Barbie Dreamhouse,Toys,220.57,249.88,0.8827,0.1173,0.9007,0.3481,https://www.target.com/dp/5680950,target.com,False
Sony Headphones WH-1000XM5,Electronics,1743.68,1948.03,0.8951,0.1049,0.746,0.8268,https://www.zappos.com/dp/8873361,zappos.com,False
Thinkware U1000 Dash Cam,Automotive,380.11,514.77,0.7384,0.2616,0.7107,0.3398,https://www.macys.com/dp/7273997,macys.com,False
Python Crash Course 3rd Ed,Books,5.3,40.72,0.1302,0.8699,0.075,0.9703,https://bargain-hunt.gq/product/66695,bargain-hunt.gq,True
Fenty Beauty Foundation,Beauty,494.78,554.13,0.8929,0.1071,0.8551,0.3936,https://www.target.com/dp/3593001,target.com,False
Callaway Golf Driver,Sports,1175.96,1767.56,0.6653,0.3347,0.6479,0.6062,https://www.chewy.com/dp/4695807,chewy.com,False
Magna-Tiles 100 Piece Set,Toys,61.75,299.04,0.2065,0.7935,0.2031,0.2912,https://flashsale-today.ml/product/86988,flashsale-today.ml,True
Patagonia Fleece Jacket,Clothing,42.45,127.26,0.3336,0.6664,0.28,0.5873,https://shop-fast-now.biz/product/39006,shop-fast-now.biz,True
Python Crash Course 3rd Ed,Books,12.82,44.86,0.2858,0.7143,0.0789,0.9818,https://buylow-online.icu/product/12161,buylow-online.icu,True
Fenty Beauty Foundation,Beauty,138.41,468.06,0.2957,0.7043,0.1127,0.5747,https://bargain-hunt.gq/product/56224,bargain-hunt.gq,True
Python Crash Course 3rd Ed,Books,42.84,59.47,0.7204,0.2797,0.6402,0.9715,https://www.bhphotovideo.com/dp/3715129,bhphotovideo.com,False
Designing Data-Intensive Applications,Books,35.88,52.98,0.6772,0.3228,0.6673,0.736,https://www.bhphotovideo.com/dp/4360545,bhphotovideo.com,False
Adidas Ultraboost,Clothing,307.08,349.63,0.8783,0.1217,0.6942,0.5723,https://www.chewy.com/dp/2004617,chewy.com,False
LEGO Technic Bugatti,Toys,56.37,61.2,0.9211,0.0789,0.6091,0.4108,https://www.bhphotovideo.com/dp/9552160,bhphotovideo.com,False
Olaplex Hair Perfector,Beauty,61.87,389.83,0.1587,0.8413,0.2103,0.4659,https://topdeal-online.cc/product/20183,topdeal-online.cc,True
Peloton Bike+,Sports,687.74,970.29,0.7088,0.2912,0.7,0.6993,https://www.nordstrom.com/dp/9087731,nordstrom.com,False
LEGO Technic Bugatti,Toys,107.91,133.78,0.8066,0.1934,0.6702,0.1588,https://www.wayfair.com/dp/3793996,wayfair.com,False
Atomic Habits,Books,6.05,18.2,0.3324,0.6674,0.1743,0.9964,https://bestprice-deals.tk/product/6900,bestprice-deals.tk,True
KitchenAid Stand Mixer,Home & Garden,214.45,303.11,0.7075,0.2925,0.7222,0.5381,https://www.newegg.com/dp/1166623,newegg.com,False
LEGO Technic Bugatti,Toys,228.46,319.93,0.7141,0.2859,0.8136,0.4211,https://www.ebay.com/dp/9735757,ebay.com,False
KitchenAid Stand Mixer,Home & Garden,36.95,45.25,0.8166,0.1835,0.6526,0.5898,https://www.zappos.com/dp/2396415,zappos.com,False
"iPad Pro 12.9""",Electronics,388.75,606.28,0.6412,0.3588,0.6787,0.9419,https://www.newegg.com/dp/7622840,newegg.com,False
Ray-Ban Aviator Sunglasses,Clothing,259.58,281.45,0.9223,0.0777,0.8987,0.5826,https://www.amazon.com/dp/4437937,amazon.com,False
Olaplex Hair Perfector,Beauty,208.57,248.68,0.8387,0.1613,0.5932,0.751,https://www.newegg.com/dp/7812097,newegg.com,False
Dyson V15 Vacuum,Home & Garden,175.66,518.31,0.3389,0.6611,0.0127,0.5173,https://bargain-hunt.gq/product/50199,bargain-hunt.gq,True
Clean Code,Books,3.97,10.09,0.3935,0.6064,0.28,0.8179,https://cheapbuy-store.xyz/product/33080,cheapbuy-store.xyz,True
Sony Headphones WH-1000XM5,Electronics,606.17,978.01,0.6198,0.3802,0.92,0.8605,https://www.amazon.com/dp/6983579,amazon.com,False
NOCO Genius5 Battery Charger,Automotive,17.66,93.0,0.1899,0.8101,0.28,0.4256,https://buylow-online.icu/product/24250,buylow-online.icu,True
Fenty Beauty Foundation,Beauty,260.81,372.16,0.7008,0.2992,0.6745,0.5028,https://www.zappos.com/dp/9725065,zappos.com,False
The Pragmatic Programmer,Books,22.46,32.54,0.6902,0.3098,0.7714,0.8664,https://www.bhphotovideo.com/dp/7215008,bhphotovideo.com,False
Hot Wheels Ultimate Garage,Toys,258.4,311.74,0.8289,0.1711,0.6192,0.374,https://www.newegg.com/dp/4586632,newegg.com,False
Callaway Golf Driver,Sports,169.07,1556.79,0.1086,0.8914,0.0994,0.8314,https://topdeal-online.cc/product/24753,topdeal-online.cc,True
The North Face Parka,Clothing,359.86,448.48,0.8024,0.1976,0.8048,0.7276,https://www.nordstrom.com/dp/8301537,nordstrom.com,False
Instant Pot Duo 7-in-1,Home & Garden,100.3,131.76,0.7612,0.2388,0.6641,0.4329,https://www.costco.com/dp/9906224,costco.com,False
The Pragmatic Programmer,Books,51.89,58.31,0.8899,0.1101,0.7225,0.7504,https://www.homedepot.com/dp/1001435,homedepot.com,False
Dyson V15 Vacuum,Home & Garden,299.21,757.87,0.3948,0.6052,0.1501,0.5405,https://flashsale-today.ml/product/10273,flashsale-today.ml,True
NARS Blush Orgasm,Beauty,345.05,565.37,0.6103,0.3897,0.7612,0.4793,https://www.costco.com/dp/7443078,costco.com,False
Magna-Tiles 100 Piece Set,Toys,23.66,182.28,0.1298,0.8702,0.0509,0.4221,https://savebig-store.pw/product/59771,savebig-store.pw,True
Logitech MX Master Mouse,Electronics,900.11,1216.03,0.7402,0.2598,0.9751,0.8559,https://www.amazon.com/dp/4429650,amazon.com,False
Magna-Tiles 100 Piece Set,Toys,14.89,85.78,0.1736,0.8264,0.28,0.2809,https://deal-xpress.top/product/36224,deal-xpress.top,True
Olaplex Hair Perfector,Beauty,332.98,407.96,0.8162,0.1838,0.7882,0.7234,https://www.costco.com/dp/8648613,costco.com,False
Michelin X-Tour Tires,Automotive,43.07,67.76,0.6356,0.3644,0.9339,0.361,https://www.target.com/dp/6373956,target.com,False
Instant Pot Duo 7-in-1,Home & Garden,456.32,693.5,0.658,0.342,0.6565,0.4491,https://www.wayfair.com/dp/5685491,wayfair.com,False
Instant Pot Duo 7-in-1,Home & Garden,552.47,627.45,0.8805,0.1195,0.7425,0.4834,https://www.macys.com/dp/6938069,macys.com,False
Python Crash Course 3rd Ed,Books,35.81,57.95,0.6179,0.3821,0.6769,0.9605,https://www.ebay.com/dp/7539295,ebay.com,False
Atomic Habits,Books,30.69,50.28,0.6104,0.3896,0.7441,0.8638,https://www.newegg.com/dp/7949018,newegg.com,False
Callaway Golf Driver,Sports,411.1,482.06,0.8528,0.1472,0.8592,0.6147,https://www.bestbuy.com/dp/6153067,bestbuy.com,False
Clean Code,Books,41.06,44.1,0.9311,0.0689,0.7179,0.9052,https://www.macys.com/dp/3972043,macys.com,False
Patagonia Fleece Jacket,Clothing,210.38,238.85,0.8808,0.1192,0.6378,0.6186,https://www.wayfair.com/dp/8605673,wayfair.com,False
Clean Code,Books,8.27,12.7,0.6512,0.349,0.9317,0.9331,https://www.bestbuy.com/dp/4360419,bestbuy.com,False
Apple AirPods Pro,Electronics,2345.69,2884.87,0.8131,0.1869,0.9318,0.8406,https://www.amazon.com/dp/9906662,amazon.com,False
Bose SoundBar 700,Electronics,358.45,455.93,0.7862,0.2138,0.6433,0.9323,https://www.nordstrom.com/dp/1943518,nordstrom.com,False
Garmin DriveSmart 65 GPS,Automotive,579.58,791.89,0.7319,0.2681,0.6681,0.2942,https://www.adorama.com/dp/8039616,adorama.com,False
Bose SoundBar 700,Electronics,475.82,520.02,0.915,0.085,0.656,0.9939,https://www.adorama.com/dp/7611016,adorama.com,False
NARS Blush Orgasm,Beauty,128.92,588.95,0.2189,0.7811,0.0875,0.4897,https://savebig-store.pw/product/14887,savebig-store.pw,True
NARS Blush Orgasm,Beauty,135.06,204.82,0.6594,0.3406,0.8485,0.3918,https://www.walmart.com/dp/4415137,walmart.com,False
La Mer Moisturizing Cream,Beauty,282.07,352.28,0.8007,0.1993,0.6694,0.497,https://www.ebay.com/dp/6524481,ebay.com,False
Nike Air Max Sneakers,Clothing,15.08,21.75,0.6933,0.3067,0.9695,0.4924,https://www.amazon.com/dp/8667926,amazon.com,False
Peloton Bike+,Sports,1812.61,2251.97,0.8049,0.1951,0.9088,0.5931,https://www.amazon.com/dp/1440348,amazon.com,False
LEGO Technic Bugatti,Toys,122.94,151.0,0.8142,0.1858,0.8741,0.3674,https://www.target.com/dp/5198933,target.com,False
Fenty Beauty Foundation,Beauty,368.97,475.72,0.7756,0.2244,0.6833,0.4677,https://www.costco.com/dp/8779334,costco.com,False
KitchenAid Stand Mixer,Home & Garden,409.14,488.88,0.8369,0.1631,0.686,0.3378,https://www.costco.com/dp/7396931,costco.com,False
Adidas Ultraboost,Clothing,44.23,70.99,0.623,0.377,0.6909,0.5915,https://www.bhphotovideo.com/dp/6430103,bhphotovideo.com,False
LEGO Technic Bugatti,Toys,231.17,308.6,0.7491,0.2509,0.7776,0.3593,https://www.nordstrom.com/dp/8199311,nordstrom.com,False
Michelin X-Tour Tires,Automotive,570.72,688.11,0.8294,0.1706,0.677,0.332,https://www.chewy.com/dp/4052834,chewy.com,False
Dell XPS 15 Laptop,Electronics,661.32,910.41,0.7264,0.2736,0.8796,0.9049,https://www.walmart.com/dp/9621249,walmart.com,False
Instant Pot Duo 7-in-1,Home & Garden,88.67,107.09,0.828,0.172,0.9175,0.3825,https://www.target.com/dp/2545582,target.com,False
Hot Wheels Ultimate Garage,Toys,153.91,199.49,0.7715,0.2285,0.6632,0.4077,https://www.homedepot.com/dp/1866635,homedepot.com,False
Michelin X-Tour Tires,Automotive,34.99,44.14,0.7927,0.2073,1.0,0.3095,https://www.target.com/dp/4377898,target.com,False
Adidas Ultraboost,Clothing,217.42,324.17,0.6707,0.3293,0.6514,0.4896,https://www.ebay.com/dp/1885405,ebay.com,False
The North Face Parka,Clothing,46.68,204.19,0.2286,0.7714,0.0125,0.5598,https://discount-mega.ru/product/49856,discount-mega.ru,True
Nintendo Switch OLED,Toys,232.58,265.35,0.8765,0.1235,0.6465,0.5029,https://www.newegg.com/dp/2463496,newegg.com,False
Olaplex Hair Perfector,Beauty,376.3,549.42,0.6849,0.3151,0.636,0.6404,https://www.nordstrom.com/dp/4664338,nordstrom.com,False
NARS Blush Orgasm,Beauty,64.32,545.54,0.1179,0.8821,0.0903,0.343,https://topdeal-online.cc/product/14650,topdeal-online.cc,True
Callaway Golf Driver,Sports,589.05,944.9,0.6234,0.3766,0.9466,0.6668,https://www.amazon.com/dp/4285584,amazon.com,False
Fenty Beauty Foundation,Beauty,351.33,484.6,0.725,0.275,0.9466,0.5316,https://www.walmart.com/dp/3075757,walmart.com,False
Thinkware U1000 Dash Cam,Automotive,164.28,251.38,0.6535,0.3465,0.676,0.6032,https://www.newegg.com/dp/8451316,newegg.com,False
Garmin DriveSmart 65 GPS,Automotive,321.52,439.29,0.7319,0.2681,0.8428,0.407,https://www.walmart.com/dp/2496223,walmart.com,False
Logitech MX Master Mouse,Electronics,424.69,488.43,0.8695,0.1305,0.871,0.8692,https://www.amazon.com/dp/8889444,amazon.com,False
Atomic Habits,Books,39.22,51.75,0.7579,0.2421,0.705,0.9601,https://www.macys.com/dp/9854536,macys.com,False
Fenty Beauty Foundation,Beauty,127.1,147.82,0.8598,0.1402,0.6519,0.4835,https://www.bhphotovideo.com/dp/3065243,bhphotovideo.com,False
Garmin Forerunner 945,Sports,162.81,233.72,0.6966,0.3034,0.608,0.6974,https://www.nordstrom.com/dp/7188771,nordstrom.com,False
LEGO Technic Bugatti,Toys,17.82,211.13,0.0844,0.9156,0.28,0.3585,https://flashsale-today.ml/product/79458,flashsale-today.ml,True
La Mer Moisturizing Cream,Beauty,301.24,354.32,0.8502,0.1498,0.7165,0.6161,https://www.homedepot.com/dp/1077963,homedepot.com,False
Nespresso Vertuo Coffee Maker,Home & Garden,125.88,327.89,0.3839,0.6161,0.1124,0.5755,https://ultra-deals99.net/product/18426,ultra-deals99.net,True
Python Crash Course 3rd Ed,Books,37.61,54.49,0.6902,0.3098,0.8919,0.9323,https://www.bestbuy.com/dp/5569244,bestbuy.com,False
Roomba i7+ Robot Vacuum,Home & Garden,315.93,375.13,0.8422,0.1578,0.6081,0.5218,https://www.adorama.com/dp/3726425,adorama.com,False
Levi's 501 Jeans,Clothing,70.38,244.38,0.288,0.712,0.0374,0.5006,https://deal-xpress.top/product/17694,deal-xpress.top,True
Garmin DriveSmart 65 GPS,Automotive,105.76,410.54,0.2576,0.7424,0.2631,0.4714,https://bestprice-deals.tk/product/88036,bestprice-deals.tk,True
Apple AirPods Pro,Electronics,1939.5,2375.38,0.8165,0.1835,0.7314,0.8276,https://www.zappos.com/dp/3506246,zappos.com,False
NOCO Genius5 Battery Charger,Automotive,908.94,991.64,0.9166,0.0834,0.651,0.2434,https://www.adorama.com/dp/7831640,adorama.com,False
Adidas Ultraboost,Clothing,39.4,51.26,0.7686,0.2313,0.8278,0.5614,https://www.amazon.com/dp/3850704,amazon.com,False
Nespresso Vertuo Coffee Maker,Home & Garden,193.65,209.4,0.9248,0.0752,0.5781,0.4393,https://www.macys.com/dp/3375493,macys.com,False
Barbie Dreamhouse,Toys,167.56,197.46,0.8486,0.1514,0.7095,0.297,https://www.nordstrom.com/dp/3467651,nordstrom.com,False
Roomba i7+ Robot Vacuum,Home & Garden,365.75,582.04,0.6284,0.3716,0.7515,0.4691,https://www.zappos.com/dp/6428919,zappos.com,False
Garmin Forerunner 945,Sports,1435.36,1532.19,0.9368,0.0632,0.9311,0.6089,https://www.bestbuy.com/dp/9386722,bestbuy.com,False
Olaplex Hair Perfector,Beauty,278.59,302.0,0.9225,0.0775,0.7091,0.6043,https://www.chewy.com/dp/3300684,chewy.com,False
Hot Wheels Ultimate Garage,Toys,58.16,225.76,0.2576,0.7424,0.0577,0.3156,https://cheapbuy-store.xyz/product/94650,cheapbuy-store.xyz,True
"iPad Pro 12.9""",Electronics,224.5,259.03,0.8667,0.1333,0.676,0.8351,https://www.homedepot.com/dp/9143903,homedepot.com,False
KitchenAid Stand Mixer,Home & Garden,438.45,533.33,0.8221,0.1779,0.7154,0.5862,https://www.homedepot.com/dp/2305896,homedepot.com,False
Logitech MX Master Mouse,Electronics,37.49,146.34,0.2562,0.7438,0.0742,0.7697,https://bargain-hunt.gq/product/7568,bargain-hunt.gq,True
"iPad Pro 12.9""",Electronics,605.37,2355.54,0.257,0.743,0.1051,0.7552,https://buylow-online.icu/product/75677,buylow-online.icu,True
Peloton Bike+,Sports,220.25,1747.98,0.126,0.874,0.0937,0.7199,https://buylow-online.icu/product/89005,buylow-online.icu,True
Garmin Forerunner 945,Sports,565.98,738.4,0.7665,0.2335,0.6448,0.7176,https://www.bhphotovideo.com/dp/1963904,bhphotovideo.com,False
Garmin DriveSmart 65 GPS,Automotive,242.42,395.47,0.613,0.387,0.6671,0.3961,https://www.nordstrom.com/dp/2456742,nordstrom.com,False
Ray-Ban Aviator Sunglasses,Clothing,290.17,366.56,0.7916,0.2084,0.831,0.5415,https://www.walmart.com/dp/6037595,walmart.com,False
Python Crash Course 3rd Ed,Books,35.3,45.14,0.782,0.2179,0.7294,0.8835,https://www.macys.com/dp/3571860,macys.com,False
Olaplex Hair Perfector,Beauty,335.25,375.0,0.894,0.106,0.7084,0.5354,https://www.adorama.com/dp/7385526,adorama.com,False
LEGO Technic Bugatti,Toys,21.89,274.98,0.0796,0.9204,0.28,0.3103,https://discount-mega.ru/product/22146,discount-mega.ru,True
Nintendo Switch OLED,Toys,38.5,373.4,0.1031,0.8969,0.1817,0.3994,https://topdeal-online.cc/product/83990,topdeal-online.cc,True
Python Crash Course 3rd Ed,Books,12.52,37.45,0.3343,0.6658,0.0229,0.9432,https://flashsale-today.ml/product/48512,flashsale-today.ml,True
Atomic Habits,Books,4.97,29.39,0.1691,0.8308,0.28,0.9244,https://cheapbuy-store.xyz/product/61458,cheapbuy-store.xyz,True
Michelin X-Tour Tires,Automotive,52.96,88.04,0.6015,0.3985,0.8625,0.3823,https://www.amazon.com/dp/8524049,amazon.com,False
Dell XPS 15 Laptop,Electronics,9.52,75.1,0.1268,0.8733,0.28,0.8781,https://bestprice-deals.tk/product/35901,bestprice-deals.tk,True
Designing Data-Intensive Applications,Books,35.81,42.9,0.8347,0.1653,0.8885,1.0,https://www.amazon.com/dp/8601790,amazon.com,False
"Samsung 4K TV 55""",Electronics,912.98,1382.25,0.6605,0.3395,0.9134,0.8907,https://www.amazon.com/dp/5122525,amazon.com,False
Dyson V15 Vacuum,Home & Garden,404.04,479.17,0.8432,0.1568,0.7344,0.4145,https://www.zappos.com/dp/8483940,zappos.com,False
Ray-Ban Aviator Sunglasses,Clothing,268.07,286.89,0.9344,0.0656,0.8916,0.6479,https://www.amazon.com/dp/6698706,amazon.com,False
Michelin X-Tour Tires,Automotive,601.55,675.59,0.8904,0.1096,0.9278,0.2476,https://www.bestbuy.com/dp/2261287,bestbuy.com,False
NOCO Genius5 Battery Charger,Automotive,655.53,779.19,0.8413,0.1587,0.9868,0.4158,https://www.walmart.com/dp/8662929,walmart.com,False
Fenty Beauty Foundation,Beauty,109.39,117.14,0.9338,0.0662,0.6308,0.5721,https://www.zappos.com/dp/5031051,zappos.com,False
Magna-Tiles 100 Piece Set,Toys,121.72,176.36,0.6902,0.3098,0.9112,0.351,https://www.bestbuy.com/dp/7960607,bestbuy.com,False
Dyson Airwrap Styler,Beauty,500.02,579.13,0.8634,0.1366,0.7036,0.4671,https://www.ebay.com/dp/3090797,ebay.com,False
The Pragmatic Programmer,Books,12.83,18.85,0.6806,0.3192,0.6897,0.9895,https://www.bhphotovideo.com/dp/9885085,bhphotovideo.com,False
NOCO Genius5 Battery Charger,Automotive,654.29,967.89,0.676,0.324,0.687,0.2797,https://www.nordstrom.com/dp/4817541,nordstrom.com,False
Levi's 501 Jeans,Clothing,271.06,351.3,0.7716,0.2284,0.7012,0.65,https://www.wayfair.com/dp/7726711,wayfair.com,False
Atomic Habits,Books,13.7,20.49,0.6686,0.3315,0.9388,0.9442,https://www.target.com/dp/1153218,target.com,False
Magna-Tiles 100 Piece Set,Toys,44.54,52.5,0.8484,0.1517,0.6968,0.3558,https://www.bhphotovideo.com/dp/6558419,bhphotovideo.com,False
The Pragmatic Programmer,Books,25.91,32.45,0.7985,0.2015,0.8365,0.9535,https://www.amazon.com/dp/5577437,amazon.com,False
LEGO Technic Bugatti,Toys,158.67,184.57,0.8597,0.1403,0.6665,0.4437,https://www.nordstrom.com/dp/5632933,nordstrom.com,False
Garmin Forerunner 945,Sports,641.6,762.72,0.8412,0.1588,0.644,0.6685,https://www.chewy.com/dp/1108226,chewy.com,False
"iPad Pro 12.9""",Electronics,1648.71,1848.95,0.8917,0.1083,0.6215,0.9584,https://www.homedepot.com/dp/8917395,homedepot.com,False
Magna-Tiles 100 Piece Set,Toys,64.88,298.3,0.2175,0.7825,0.28,0.3474,https://deal-xpress.top/product/26210,deal-xpress.top,True
Garmin DriveSmart 65 GPS,Automotive,114.66,141.24,0.8118,0.1882,0.7043,0.3353,https://www.macys.com/dp/2706614,macys.com,False
TRX Suspension Trainer,Sports,1028.91,1230.61,0.8361,0.1639,0.6496,0.5331,https://www.zappos.com/dp/7263305,zappos.com,False
Adidas Ultraboost,Clothing,350.71,433.67,0.8087,0.1913,0.6735,0.6411,https://www.chewy.com/dp/5130808,chewy.com,False
Designing Data-Intensive Applications,Books,19.16,22.45,0.8535,0.1464,0.6902,0.8628,https://www.adorama.com/dp/9439984,adorama.com,False
Logitech MX Master Mouse,Electronics,1547.5,2549.0,0.6071,0.3929,0.6856,0.7873,https://www.costco.com/dp/7124083,costco.com,False
Clean Code,Books,16.36,42.75,0.3827,0.6173,0.1341,0.9104,https://cheapbuy-store.xyz/product/83169,cheapbuy-store.xyz,True
Olaplex Hair Perfector,Beauty,395.58,576.65,0.686,0.314,0.7098,0.4393,https://www.ebay.com/dp/3443176,ebay.com,False
Callaway Golf Driver,Sports,1193.57,1425.16,0.8375,0.1625,0.9749,0.8486,https://www.target.com/dp/2111241,target.com,False
Dyson V15 Vacuum,Home & Garden,167.09,226.75,0.7369,0.2631,0.8841,0.4593,https://www.amazon.com/dp/5993383,amazon.com,False
Barbie Dreamhouse,Toys,49.98,54.36,0.9194,0.0806,0.779,0.3082,https://www.newegg.com/dp/8530347,newegg.com,False
Ray-Ban Aviator Sunglasses,Clothing,31.73,421.92,0.0752,0.9248,0.28,0.6196,https://cheapbuy-store.xyz/product/27023,cheapbuy-store.xyz,True
NARS Blush Orgasm,Beauty,234.95,291.18,0.8069,0.1931,0.7916,0.5651,https://www.nordstrom.com/dp/9347387,nordstrom.com,False
Nike Air Max Sneakers,Clothing,182.61,297.36,0.6141,0.3859,0.6973,0.5214,https://www.ebay.com/dp/3427123,ebay.com,False
Nespresso Vertuo Coffee Maker,Home & Garden,635.12,675.66,0.94,0.06,0.6677,0.3861,https://www.homedepot.com/dp/6986802,homedepot.com,False
Nintendo Switch OLED,Toys,50.35,73.37,0.6862,0.3137,0.7732,0.4297,https://www.newegg.com/dp/4828258,newegg.com,False
"iPad Pro 12.9""",Electronics,77.94,97.79,0.797,0.203,0.8702,1.0,https://www.amazon.com/dp/9459266,amazon.com,False
Clean Code,Books,20.99,29.96,0.7006,0.2995,0.6349,0.7518,https://www.costco.com/dp/4434168,costco.com,False
Canon EOS R6 Camera,Electronics,996.36,1247.48,0.7987,0.2013,0.7904,0.8905,https://www.newegg.com/dp/8938544,newegg.com,False
LEGO Technic Bugatti,Toys,206.02,220.7,0.9335,0.0665,0.7262,0.2524,https://www.ebay.com/dp/7457573,ebay.com,False
Dyson Airwrap Styler,Beauty,223.23,237.45,0.9401,0.0599,0.6881,0.4274,https://www.chewy.com/dp/2662338,chewy.com,False
TRX Suspension Trainer,Sports,72.5,762.4,0.0951,0.9049,0.1459,0.6244,https://buylow-online.icu/product/56542,buylow-online.icu,True
Levi's 501 Jeans,Clothing,266.08,431.04,0.6173,0.3827,0.7009,0.5063,https://www.costco.com/dp/8783741,costco.com,False
Thinkware U1000 Dash Cam,Automotive,575.74,637.66,0.9029,0.0971,0.8808,0.42,https://www.walmart.com/dp/1886716,walmart.com,False
"iPad Pro 12.9""",Electronics,464.49,2227.77,0.2085,0.7915,0.0891,0.8747,https://flashsale-today.ml/product/13176,flashsale-today.ml,True
Callaway Golf Driver,Sports,623.56,874.19,0.7133,0.2867,0.7041,0.6921,https://www.newegg.com/dp/3494007,newegg.com,False
Dyson V15 Vacuum,Home & Garden,168.98,248.28,0.6806,0.3194,0.8593,0.4641,https://www.walmart.com/dp/1590426,walmart.com,False
Clean Code,Books,14.51,17.91,0.8102,0.1897,0.9218,0.6974,https://www.walmart.com/dp/4742179,walmart.com,False
TRX Suspension Trainer,Sports,917.48,1087.32,0.8438,0.1562,0.6593,0.7659,https://www.zappos.com/dp/4821097,zappos.com,False
Peloton Bike+,Sports,67.19,946.37,0.071,0.929,0.0347,0.7317,https://savebig-store.pw/product/75936,savebig-store.pw,True
Dell XPS 15 Laptop,Electronics,2337.29,2672.72,0.8745,0.1255,0.7148,0.8871,https://www.zappos.com/dp/9200596,zappos.com,False
Fenty Beauty Foundation,Beauty,276.42,380.64,0.7262,0.2738,0.6891,0.5613,https://www.nordstrom.com/dp/7420579,nordstrom.com,False
NOCO Genius5 Battery Charger,Automotive,554.22,669.1,0.8283,0.1717,0.7444,0.4609,https://www.newegg.com/dp/3148454,newegg.com,False
Callaway Golf Driver,Sports,1523.03,1858.49,0.8195,0.1805,0.7548,0.5247,https://www.ebay.com/dp/8004270,ebay.com,False
Dyson Airwrap Styler,Beauty,29.34,294.56,0.0996,0.9004,0.28,0.6542,https://cheapbuy-store.xyz/product/67156,cheapbuy-store.xyz,True
Ray-Ban Aviator Sunglasses,Clothing,174.58,197.83,0.8825,0.1175,0.9193,0.6873,https://www.amazon.com/dp/4716501,amazon.com,False
Dyson V15 Vacuum,Home & Garden,224.68,268.08,0.8381,0.1619,0.7735,0.4002,https://www.homedepot.com/dp/4269335,homedepot.com,False
Logitech MX Master Mouse,Electronics,211.19,302.56,0.698,0.302,0.6764,0.9371,https://www.bhphotovideo.com/dp/5031966,bhphotovideo.com,False
Python Crash Course 3rd Ed,Books,31.98,45.45,0.7036,0.2964,0.7037,0.9775,https://www.chewy.com/dp/4771441,chewy.com,False
Clean Code,Books,8.33,10.08,0.8264,0.1735,0.6186,0.9038,https://www.wayfair.com/dp/7988844,wayfair.com,False
Dyson Airwrap Styler,Beauty,189.53,216.26,0.8764,0.1236,0.6615,0.3963,https://www.bhphotovideo.com/dp/5029047,bhphotovideo.com,False
Callaway Golf Driver,Sports,121.28,196.19,0.6182,0.3818,0.7052,0.8634,https://www.chewy.com/dp/1593277,chewy.com,False
Patagonia Fleece Jacket,Clothing,199.62,308.77,0.6465,0.3535,0.708,0.6401,https://www.chewy.com/dp/7828441,chewy.com,False
NARS Blush Orgasm,Beauty,23.01,24.45,0.9411,0.0587,0.6992,0.5547,https://www.homedepot.com/dp/6052169,homedepot.com,False
KitchenAid Stand Mixer,Home & Garden,363.97,454.79,0.8003,0.1997,0.903,0.6471,https://www.amazon.com/dp/2876932,amazon.com,False
La Mer Moisturizing Cream,Beauty,93.92,103.72,0.9055,0.0945,0.7229,0.6165,https://www.macys.com/dp/8679146,macys.com,False
"Samsung 4K TV 55""",Electronics,236.2,266.08,0.8877,0.1123,0.723,0.7958,https://www.ebay.com/dp/2181822,ebay.com,False
Instant Pot Duo 7-in-1,Home & Garden,36.84,51.62,0.7137,0.2863,0.8553,0.419,https://www.walmart.com/dp/3260164,walmart.com,False
Nike Air Max Sneakers,Clothing,243.66,331.82,0.7343,0.2657,0.6936,0.5552,https://www.newegg.com/dp/2739382,newegg.com,False
Dyson Airwrap Styler,Beauty,360.33,480.31,0.7502,0.2498,0.6577,0.4532,https://www.ebay.com/dp/9624152,ebay.com,False
Atomic Habits,Books,2.14,32.78,0.0653,0.9347,0.0403,1.0,https://flashsale-today.ml/product/34430,flashsale-today.ml,True
NOCO Genius5 Battery Charger,Automotive,460.79,488.02,0.9442,0.0558,0.6355,0.2964,https://www.costco.com/dp/2838859,costco.com,False
Levi's 501 Jeans,Clothing,72.69,186.57,0.3896,0.6104,0.0867,0.5331,https://topdeal-online.cc/product/25559,topdeal-online.cc,True
Dyson V15 Vacuum,Home & Garden,124.18,148.35,0.8371,0.1629,0.9598,0.4373,https://www.amazon.com/dp/6052539,amazon.com,False
Instant Pot Duo 7-in-1,Home & Garden,16.47,153.45,0.1073,0.8927,0.2553,0.2503,https://cheapbuy-store.xyz/product/11482,cheapbuy-store.xyz,True
Apple AirPods Pro,Electronics,1500.25,2001.4,0.7496,0.2504,0.6593,0.9701,https://www.nordstrom.com/dp/3507382,nordstrom.com,False
Roomba i7+ Robot Vacuum,Home & Garden,380.26,432.9,0.8784,0.1216,0.6317,0.4974,https://www.wayfair.com/dp/7228596,wayfair.com,False
NOCO Genius5 Battery Charger,Automotive,258.06,763.95,0.3378,0.6622,0.1056,0.5056,https://flashsale-today.ml/product/27039,flashsale-today.ml,True
Fenty Beauty Foundation,Beauty,89.77,372.33,0.2411,0.7589,0.2619,0.6397,https://ultra-deals99.net/product/31899,ultra-deals99.net,True
Peloton Bike+,Sports,325.55,352.29,0.9241,0.0759,0.9163,0.6825,https://www.bestbuy.com/dp/8467726,bestbuy.com,False
"Samsung 4K TV 55""",Electronics,172.94,217.13,0.7965,0.2035,0.6084,0.7517,https://www.ebay.com/dp/1733490,ebay.com,False
Callaway Golf Driver,Sports,1230.16,1544.07,0.7967,0.2033,0.9411,0.623,https://www.bestbuy.com/dp/8415929,bestbuy.com,False
Callaway Golf Driver,Sports,1053.19,1203.51,0.8751,0.1249,0.925,0.5646,https://www.bestbuy.com/dp/7507169,bestbuy.com,False
Roomba i7+ Robot Vacuum,Home & Garden,43.83,50.3,0.8714,0.1286,0.696,0.426,https://www.macys.com/dp/4673793,macys.com,False
Roomba i7+ Robot Vacuum,Home & Garden,289.16,347.93,0.8311,0.1689,0.7117,0.5328,https://www.chewy.com/dp/5078015,chewy.com,False
"Samsung 4K TV 55""",Electronics,1679.46,1911.52,0.8786,0.1214,0.6997,0.8819,https://www.costco.com/dp/3061504,costco.com,False
NARS Blush Orgasm,Beauty,24.89,74.96,0.332,0.668,0.0215,0.561,https://buylow-online.icu/product/69350,buylow-online.icu,True
Barbie Dreamhouse,Toys,292.17,310.23,0.9418,0.0582,0.6851,0.3303,https://www.ebay.com/dp/3998561,ebay.com,False
Instant Pot Duo 7-in-1,Home & Garden,495.14,669.38,0.7397,0.2603,0.6933,0.4512,https://www.nordstrom.com/dp/4051509,nordstrom.com,False
Olaplex Hair Perfector,Beauty,11.37,102.01,0.1115,0.8885,0.0979,0.5538,https://discount-mega.ru/product/20015,discount-mega.ru,True
"Samsung 4K TV 55""",Electronics,887.07,1269.24,0.6989,0.3011,0.8829,0.8203,https://www.walmart.com/dp/3306314,walmart.com,False
The Pragmatic Programmer,Books,9.65,12.55,0.7689,0.2309,0.9278,0.8527,https://www.walmart.com/dp/8355095,walmart.com,False
Roomba i7+ Robot Vacuum,Home & Garden,383.45,586.13,0.6542,0.3458,0.7612,0.4342,https://www.newegg.com/dp/4588215,newegg.com,False
The North Face Parka,Clothing,283.48,414.87,0.6833,0.3167,0.6062,0.6944,https://www.adorama.com/dp/7961552,adorama.com,False
LEGO Technic Bugatti,Toys,10.78,86.63,0.1244,0.8756,0.0266,0.3204,https://shop-fast-now.biz/product/64774,shop-fast-now.biz,True
Michelin X-Tour Tires,Automotive,500.74,777.54,0.644,0.356,0.7087,0.4195,https://www.newegg.com/dp/4102874,newegg.com,False
Michelin X-Tour Tires,Automotive,441.2,711.61,0.62,0.38,0.7105,0.3212,https://www.newegg.com/dp/4610526,newegg.com,False
Clean Code,Books,25.44,30.58,0.8319,0.1681,0.6518,1.0,https://www.nordstrom.com/dp/1221617,nordstrom.com,False
Instant Pot Duo 7-in-1,Home & Garden,40.56,187.87,0.2159,0.7841,0.28,0.3956,https://flashsale-today.ml/product/85156,flashsale-today.ml,True
Garmin DriveSmart 65 GPS,Automotive,42.62,177.74,0.2398,0.7602,0.206,0.4255,https://deal-xpress.top/product/91567,deal-xpress.top,True
"iPad Pro 12.9""",Electronics,319.71,1774.21,0.1802,0.8198,0.1472,0.6991,https://flashsale-today.ml/product/6018,flashsale-today.ml,True
Dyson V15 Vacuum,Home & Garden,52.49,255.31,0.2056,0.7944,0.1484,0.4413,https://discount-mega.ru/product/31952,discount-mega.ru,True
NOCO Genius5 Battery Charger,Automotive,207.84,318.82,0.6519,0.3481,0.7074,0.3456,https://www.costco.com/dp/4233244,costco.com,False
Designing Data-Intensive Applications,Books,23.32,32.77,0.7116,0.2884,0.7632,0.8323,https://www.ebay.com/dp/5150931,ebay.com,False
Roomba i7+ Robot Vacuum,Home & Garden,86.43,127.74,0.6766,0.3234,0.7899,0.5013,https://www.ebay.com/dp/2980663,ebay.com,False
Callaway Golf Driver,Sports,66.94,223.21,0.2999,0.7001,0.0243,0.6806,https://discount-mega.ru/product/79565,discount-mega.ru,True
Clean Code,Books,18.81,22.75,0.8268,0.1732,0.8333,0.9078,https://www.wayfair.com/dp/5768531,wayfair.com,False
Olaplex Hair Perfector,Beauty,210.25,290.64,0.7234,0.2766,0.6954,0.5013,https://www.adorama.com/dp/6938052,adorama.com,False
Michelin X-Tour Tires,Automotive,108.94,143.66,0.7583,0.2417,0.7269,0.4514,https://www.zappos.com/dp/5957192,zappos.com,False
Barbie Dreamhouse,Toys,39.5,41.66,0.9482,0.0519,0.6253,0.1801,https://www.costco.com/dp/9061942,costco.com,False
Apple AirPods Pro,Electronics,165.18,439.53,0.3758,0.6242,0.28,0.7955,https://cheapbuy-store.xyz/product/51321,cheapbuy-store.xyz,True
Designing Data-Intensive Applications,Books,22.59,29.53,0.765,0.2351,0.6697,0.9728,https://www.wayfair.com/dp/4299424,wayfair.com,False
Ray-Ban Aviator Sunglasses,Clothing,7.05,75.68,0.0932,0.9069,0.1784,0.6403,https://buylow-online.icu/product/12913,buylow-online.icu,True
NOCO Genius5 Battery Charger,Automotive,129.98,636.52,0.2042,0.7958,0.212,0.4846,https://savebig-store.pw/product/71788,savebig-store.pw,True
Levi's 501 Jeans,Clothing,198.74,232.83,0.8536,0.1464,0.8405,0.6843,https://www.target.com/dp/9480309,target.com,False
Bose SoundBar 700,Electronics,1180.97,1460.51,0.8086,0.1914,0.6589,0.9397,https://www.macys.com/dp/2176077,macys.com,False
Barbie Dreamhouse,Toys,148.9,181.06,0.8224,0.1776,0.7396,0.3043,https://www.chewy.com/dp/4937710,chewy.com,False
Adidas Ultraboost,Clothing,30.97,145.96,0.2122,0.7878,0.0895,0.6544,https://discount-mega.ru/product/22768,discount-mega.ru,True
Garmin Forerunner 945,Sports,341.08,2312.38,0.1475,0.8525,0.2672,0.6903,https://topdeal-online.cc/product/34608,topdeal-online.cc,True
Olaplex Hair Perfector,Beauty,284.85,338.74,0.8409,0.1591,0.7586,0.6198,https://www.adorama.com/dp/7394844,adorama.com,False
Ray-Ban Aviator Sunglasses,Clothing,9.51,90.19,0.1054,0.8946,0.0554,0.6015,https://savebig-store.pw/product/93887,savebig-store.pw,True
Magna-Tiles 100 Piece Set,Toys,284.71,354.34,0.8035,0.1965,0.7765,0.4475,https://www.wayfair.com/dp/5164755,wayfair.com,False
Dyson V15 Vacuum,Home & Garden,44.92,301.25,0.1491,0.8509,0.1448,0.4455,https://bargain-hunt.gq/product/65427,bargain-hunt.gq,True
Magna-Tiles 100 Piece Set,Toys,309.28,349.23,0.8856,0.1144,0.6265,0.249,https://www.zappos.com/dp/3754468,zappos.com,False
NOCO Genius5 Battery Charger,Automotive,343.79,535.92,0.6415,0.3585,0.8323,0.4588,https://www.target.com/dp/6660550,target.com,False
Python Crash Course 3rd Ed,Books,2.34,20.76,0.1127,0.8872,0.2194,1.0,https://shop-fast-now.biz/product/66373,shop-fast-now.biz,True
Apple AirPods Pro,Electronics,465.48,728.56,0.6389,0.3611,0.9666,0.9243,https://www.amazon.com/dp/2057480,amazon.com,False
KitchenAid Stand Mixer,Home & Garden,50.66,83.44,0.6071,0.3928,0.953,0.6708,https://www.target.com/dp/7587312,target.com,False
KitchenAid Stand Mixer,Home & Garden,56.74,86.76,0.654,0.346,0.7075,0.4792,https://www.ebay.com/dp/1336852,ebay.com,False
Callaway Golf Driver,Sports,529.6,638.61,0.8293,0.1707,0.7975,0.7591,https://www.target.com/dp/9901166,target.com,False
Nespresso Vertuo Coffee Maker,Home & Garden,446.76,666.61,0.6702,0.3298,0.9509,0.4717,https://www.target.com/dp/2415979,target.com,False
Instant Pot Duo 7-in-1,Home & Garden,236.27,392.28,0.6023,0.3977,0.9011,0.3376,https://www.amazon.com/dp/6231815,amazon.com,False
Nintendo Switch OLED,Toys,357.73,379.43,0.9428,0.0572,0.8597,0.3651,https://www.bestbuy.com/dp/5331763,bestbuy.com,False
Logitech MX Master Mouse,Electronics,1590.11,1770.53,0.8981,0.1019,0.8934,0.8081,https://www.amazon.com/dp/5352365,amazon.com,False
La Mer Moisturizing Cream,Beauty,15.85,21.81,0.7267,0.2733,0.76,0.4629,https://www.zappos.com/dp/6405343,zappos.com,False
KitchenAid Stand Mixer,Home & Garden,695.85,782.56,0.8892,0.1108,0.7026,0.3652,https://www.chewy.com/dp/6337250,chewy.com,False
Garmin Forerunner 945,Sports,2239.45,2499.94,0.8958,0.1042,0.6996,0.8184,https://www.ebay.com/dp/2696860,ebay.com,False
Dyson Airwrap Styler,Beauty,161.75,268.33,0.6028,0.3972,0.6454,0.469,https://www.newegg.com/dp/6893320,newegg.com,False
Instant Pot Duo 7-in-1,Home & Garden,55.75,66.76,0.8351,0.1649,0.675,0.5458,https://www.newegg.com/dp/3152578,newegg.com,False
Python Crash Course 3rd Ed,Books,25.8,27.85,0.9264,0.0736,0.8967,0.8031,https://www.target.com/dp/2739191,target.com,False
LEGO Technic Bugatti,Toys,86.04,135.62,0.6344,0.3656,0.8477,0.3879,https://www.target.com/dp/3526697,target.com,False
Peloton Bike+,Sports,265.79,311.6,0.853,0.147,0.8067,0.7806,https://www.walmart.com/dp/7069317,walmart.com,False
Thinkware U1000 Dash Cam,Automotive,138.01,219.58,0.6285,0.3715,0.6505,0.3547,https://www.costco.com/dp/6120253,costco.com,False
Bose SoundBar 700,Electronics,208.4,249.88,0.834,0.166,0.752,0.6936,https://www.ebay.com/dp/9501309,ebay.com,False
Sony Headphones WH-1000XM5,Electronics,2402.07,2738.96,0.877,0.123,0.8666,0.8655,https://www.amazon.com/dp/1493220,amazon.com,False
Dell XPS 15 Laptop,Electronics,2177.61,2663.09,0.8177,0.1823,0.7598,0.7285,https://www.homedepot.com/dp/6729237,homedepot.com,False
"iPad Pro 12.9""",Electronics,471.95,785.41,0.6009,0.3991,1.0,0.828,https://www.walmart.com/dp/6312772,walmart.com,False
Hot Wheels Ultimate Garage,Toys,254.42,306.16,0.831,0.169,0.6613,0.2803,https://www.chewy.com/dp/1489629,chewy.com,False
Garmin DriveSmart 65 GPS,Automotive,209.17,265.34,0.7883,0.2117,0.9576,0.3026,https://www.target.com/dp/6572372,target.com,False
KitchenAid Stand Mixer,Home & Garden,430.32,612.29,0.7028,0.2972,0.663,0.5192,https://www.wayfair.com/dp/8058810,wayfair.com,False
Levi's 501 Jeans,Clothing,138.02,193.14,0.7146,0.2854,0.7174,0.5282,https://www.chewy.com/dp/8077121,chewy.com,False
Barbie Dreamhouse,Toys,37.8,212.59,0.1778,0.8222,0.2267,0.5161,https://buylow-online.icu/product/63301,buylow-online.icu,True
"iPad Pro 12.9""",Electronics,1120.8,1194.37,0.9384,0.0616,0.6781,0.8646,https://www.newegg.com/dp/9168705,newegg.com,False
"Samsung 4K TV 55""",Electronics,988.62,1407.69,0.7023,0.2977,0.7152,0.9077,https://www.bhphotovideo.com/dp/8617787,bhphotovideo.com,False
Adidas Ultraboost,Clothing,254.95,390.79,0.6524,0.3476,0.7258,0.6411,https://www.wayfair.com/dp/3030966,wayfair.com,False
Garmin Forerunner 945,Sports,272.16,382.3,0.7119,0.2881,0.6392,0.8091,https://www.zappos.com/dp/9472177,zappos.com,False
Barbie Dreamhouse,Toys,51.67,62.92,0.8212,0.1788,0.5764,0.2862,https://www.chewy.com/dp/7711251,chewy.com,False
"iPad Pro 12.9""",Electronics,483.22,641.98,0.7527,0.2473,0.6674,0.8113,https://www.ebay.com/dp/5069884,ebay.com,False
Designing Data-Intensive Applications,Books,46.75,56.19,0.832,0.168,0.7575,0.9237,https://www.chewy.com/dp/4125920,chewy.com,False
Peloton Bike+,Sports,118.19,1277.77,0.0925,0.9075,0.0547,0.6878,https://savebig-store.pw/product/38252,savebig-store.pw,True
Apple AirPods Pro,Electronics,947.91,1515.2,0.6256,0.3744,0.8574,0.888,https://www.bestbuy.com/dp/3542921,bestbuy.com,False
Roomba i7+ Robot Vacuum,Home & Garden,70.17,93.56,0.75,0.25,0.8888,0.4221,https://www.amazon.com/dp/7697318,amazon.com,False
Barbie Dreamhouse,Toys,156.81,233.94,0.6703,0.3297,0.6625,0.377,https://www.chewy.com/dp/2128985,chewy.com,False
Levi's 501 Jeans,Clothing,244.86,393.79,0.6218,0.3782,0.5924,0.5425,https://www.macys.com/dp/3270069,macys.com,False
Nespresso Vertuo Coffee Maker,Home & Garden,304.61,507.34,0.6004,0.3996,0.7138,0.4507,https://www.wayfair.com/dp/7858110,wayfair.com,False
Fenty Beauty Foundation,Beauty,127.2,374.23,0.3399,0.6601,0.1067,0.6765,https://pricedown-shop.cf/product/38364,pricedown-shop.cf,True
Bose SoundBar 700,Electronics,1072.0,1536.26,0.6978,0.3022,0.7184,0.8618,https://www.ebay.com/dp/6090377,ebay.com,False
The North Face Parka,Clothing,65.05,86.6,0.7512,0.2488,0.6808,0.6162,https://www.bhphotovideo.com/dp/1661606,bhphotovideo.com,False
NARS Blush Orgasm,Beauty,269.59,399.27,0.6752,0.3248,0.7357,0.336,https://www.zappos.com/dp/8331010,zappos.com,False
Canon EOS R6 Camera,Electronics,1419.36,2214.29,0.641,0.359,0.6881,0.8207,https://www.wayfair.com/dp/7108168,wayfair.com,False
Garmin DriveSmart 65 GPS,Automotive,359.85,467.1,0.7704,0.2296,0.7057,0.412,https://www.bhphotovideo.com/dp/1968662,bhphotovideo.com,False
NOCO Genius5 Battery Charger,Automotive,150.47,201.95,0.7451,0.2549,0.71,0.352,https://www.homedepot.com/dp/9249789,homedepot.com,False
Sony Headphones WH-1000XM5,Electronics,178.98,289.61,0.618,0.382,0.6778,0.8802,https://www.nordstrom.com/dp/5440189,nordstrom.com,False
Thinkware U1000 Dash Cam,Automotive,415.29,587.64,0.7067,0.2933,0.685,0.3032,https://www.adorama.com/dp/6907545,adorama.com,False
Callaway Golf Driver,Sports,1393.95,1713.52,0.8135,0.1865,0.7001,0.6346,https://www.ebay.com/dp/3435210,ebay.com,False
Garmin Forerunner 945,Sports,2186.6,2405.76,0.9089,0.0911,0.7575,0.6437,https://www.nordstrom.com/dp/9034958,nordstrom.com,False
Olaplex Hair Perfector,Beauty,381.55,508.6,0.7502,0.2498,0.6383,0.4526,https://www.newegg.com/dp/4143696,newegg.com,False
Peloton Bike+,Sports,86.04,391.79,0.2196,0.7804,0.0502,0.7846,https://bestprice-deals.tk/product/20755,bestprice-deals.tk,True
KitchenAid Stand Mixer,Home & Garden,66.8,323.81,0.2063,0.7937,0.0923,0.5163,https://pricedown-shop.cf/product/82469,pricedown-shop.cf,True
"Samsung 4K TV 55""",Electronics,2092.17,2761.57,0.7576,0.2424,0.6887,0.7732,https://www.macys.com/dp/6840069,macys.com,False
La Mer Moisturizing Cream,Beauty,234.52,252.88,0.9274,0.0726,0.6663,0.4678,https://www.costco.com/dp/9158676,costco.com,False
Fenty Beauty Foundation,Beauty,38.32,59.41,0.645,0.355,0.5911,0.5143,https://www.ebay.com/dp/2254551,ebay.com,False
Nintendo Switch OLED,Toys,55.51,73.41,0.7562,0.2438,0.7514,0.3901,https://www.costco.com/dp/4688845,costco.com,False
Dyson V15 Vacuum,Home & Garden,400.35,441.94,0.9059,0.0941,0.8758,0.3727,https://www.bestbuy.com/dp/9278722,bestbuy.com,False
Dyson Airwrap Styler,Beauty,226.2,279.15,0.8103,0.1897,0.942,0.3914,https://www.target.com/dp/7383812,target.com,False
KitchenAid Stand Mixer,Home & Garden,368.34,408.41,0.9019,0.0981,0.884,0.3863,https://www.target.com/dp/4796232,target.com,False
Nike Air Max Sneakers,Clothing,79.0,305.12,0.2589,0.7411,0.2386,0.6497,https://shop-fast-now.biz/product/59714,shop-fast-now.biz,True
Dyson Airwrap Styler,Beauty,546.08,599.3,0.9112,0.0888,0.848,0.635,https://www.bestbuy.com/dp/2147606,bestbuy.com,False
Michelin X-Tour Tires,Automotive,363.53,486.91,0.7466,0.2534,0.6952,0.2579,https://www.homedepot.com/dp/1614121,homedepot.com,False
Python Crash Course 3rd Ed,Books,4.11,35.97,0.1143,0.8858,0.28,0.8898,https://buylow-online.icu/product/79913,buylow-online.icu,True
KitchenAid Stand Mixer,Home & Garden,143.42,694.52,0.2065,0.7935,0.055,0.2859,https://shop-fast-now.biz/product/46748,shop-fast-now.biz,True
Fenty Beauty Foundation,Beauty,66.47,367.67,0.1808,0.8192,0.2383,0.5018,https://savebig-store.pw/product/49905,savebig-store.pw,True
Michelin X-Tour Tires,Automotive,320.36,365.58,0.8763,0.1237,0.7253,0.3931,https://www.macys.com/dp/7244360,macys.com,False
Thinkware U1000 Dash Cam,Automotive,499.38,616.59,0.8099,0.1901,0.6065,0.3689,https://www.wayfair.com/dp/2365149,wayfair.com,False
Peloton Bike+,Sports,1111.11,1433.87,0.7749,0.2251,0.882,0.5939,https://www.walmart.com/dp/9756994,walmart.com,False
Fenty Beauty Foundation,Beauty,312.73,381.29,0.8202,0.1798,0.712,0.5389,https://www.wayfair.com/dp/6839010,wayfair.com,False
Wilson Tennis Racket Pro,Sports,1414.87,2034.9,0.6953,0.3047,0.7006,0.7384,https://www.bhphotovideo.com/dp/8296210,bhphotovideo.com,False
NOCO Genius5 Battery Charger,Automotive,65.07,481.68,0.1351,0.8649,0.28,0.4438,https://bestprice-deals.tk/product/74745,bestprice-deals.tk,True
Michelin X-Tour Tires,Automotive,298.79,315.51,0.947,0.053,0.6326,0.3281,https://www.nordstrom.com/dp/2841052,nordstrom.com,False
Olaplex Hair Perfector,Beauty,114.52,175.67,0.6519,0.3481,0.6614,0.4811,https://www.zappos.com/dp/2453962,zappos.com,False
KitchenAid Stand Mixer,Home & Garden,52.44,756.71,0.0693,0.9307,0.0337,0.4917,https://flashsale-today.ml/product/43323,flashsale-today.ml,True
Hot Wheels Ultimate Garage,Toys,324.08,356.6,0.9088,0.0912,0.8562,0.2855,https://www.bestbuy.com/dp/8283798,bestbuy.com,False
Patagonia Fleece Jacket,Clothing,50.32,382.1,0.1317,0.8683,0.1873,0.5473,https://deal-xpress.top/product/27357,deal-xpress.top,True
KitchenAid Stand Mixer,Home & Garden,107.9,128.13,0.8421,0.1579,0.6983,0.3565,https://www.chewy.com/dp/1669324,chewy.com,False
Patagonia Fleece Jacket,Clothing,194.82,267.42,0.7285,0.2715,0.666,0.6186,https://www.costco.com/dp/2566777,costco.com,False
Michelin X-Tour Tires,Automotive,122.48,188.14,0.651,0.349,0.9218,0.4723,https://www.bestbuy.com/dp/4936391,bestbuy.com,False
Nike Air Max Sneakers,Clothing,328.19,408.55,0.8033,0.1967,0.7128,0.6786,https://www.nordstrom.com/dp/1262492,nordstrom.com,False
Dyson V15 Vacuum,Home & Garden,165.21,606.93,0.2722,0.7278,0.185,0.5577,https://bestprice-deals.tk/product/87208,bestprice-deals.tk,True
Garmin Forerunner 945,Sports,1385.14,2003.09,0.6915,0.3085,0.7397,0.5997,https://www.bhphotovideo.com/dp/1163448,bhphotovideo.com,False
Garmin DriveSmart 65 GPS,Automotive,81.64,99.62,0.8195,0.1805,0.8995,0.4246,https://www.bestbuy.com/dp/2696557,bestbuy.com,False
TRX Suspension Trainer,Sports,1891.05,2361.45,0.8008,0.1992,0.7548,0.734,https://www.newegg.com/dp/7326133,newegg.com,False
LEGO Technic Bugatti,Toys,56.97,74.74,0.7622,0.2378,0.7825,0.2997,https://www.nordstrom.com/dp/7150740,nordstrom.com,False
Peloton Bike+,Sports,1072.84,1195.1,0.8977,0.1023,0.8184,0.6698,https://www.newegg.com/dp/8527111,newegg.com,False
NARS Blush Orgasm,Beauty,42.9,193.51,0.2217,0.7783,0.01,0.5104,https://ultra-deals99.net/product/75209,ultra-deals99.net,True
"iPad Pro 12.9""",Electronics,1604.96,2191.07,0.7325,0.2675,0.6554,0.8911,https://www.zappos.com/dp/8173085,zappos.com,False
NARS Blush Orgasm,Beauty,337.87,408.11,0.8279,0.1721,0.7341,0.5101,https://www.bhphotovideo.com/dp/9977752,bhphotovideo.com,False
Atomic Habits,Books,28.76,41.89,0.6866,0.3135,0.9252,0.9693,https://www.walmart.com/dp/1205779,walmart.com,False
Instant Pot Duo 7-in-1,Home & Garden,514.43,678.13,0.7586,0.2414,0.7638,0.4379,https://www.zappos.com/dp/8367376,zappos.com,False
Instant Pot Duo 7-in-1,Home & Garden,141.46,155.71,0.9085,0.0915,0.6317,0.5061,https://www.chewy.com/dp/7873288,chewy.com,False
Levi's 501 Jeans,Clothing,26.45,31.32,0.8445,0.1555,0.8545,0.6608,https://www.walmart.com/dp/8131766,walmart.com,False
Garmin DriveSmart 65 GPS,Automotive,190.3,268.83,0.7079,0.2921,0.6934,0.4061,https://www.chewy.com/dp/3751363,chewy.com,False
Instant Pot Duo 7-in-1,Home & Garden,404.4,654.58,0.6178,0.3822,0.9883,0.4824,https://www.walmart.com/dp/5163953,walmart.com,False
Peloton Bike+,Sports,1782.78,2022.21,0.8816,0.1184,0.7454,0.7099,https://www.macys.com/dp/2292642,macys.com,False
NOCO Genius5 Battery Charger,Automotive,268.75,283.13,0.9492,0.0508,0.6341,0.4621,https://www.homedepot.com/dp/7603872,homedepot.com,False
Olaplex Hair Perfector,Beauty,24.67,30.39,0.8118,0.1882,0.8937,0.5262,https://www.amazon.com/dp/3881241,amazon.com,False
Hot Wheels Ultimate Garage,Toys,221.84,260.56,0.8514,0.1486,0.6636,0.3349,https://www.zappos.com/dp/7699071,zappos.com,False
Fenty Beauty Foundation,Beauty,49.13,63.66,0.7718,0.2282,0.7558,0.5186,https://www.nordstrom.com/dp/9456863,nordstrom.com,False
Thinkware U1000 Dash Cam,Automotive,238.37,844.68,0.2822,0.7178,0.2542,0.2776,https://discount-mega.ru/product/72876,discount-mega.ru,True
Designing Data-Intensive Applications,Books,32.87,50.45,0.6515,0.3485,0.6815,0.9115,https://www.chewy.com/dp/8276689,chewy.com,False
TRX Suspension Trainer,Sports,1771.05,2245.81,0.7886,0.2114,0.7011,0.6095,https://www.wayfair.com/dp/2062009,wayfair.com,False
Patagonia Fleece Jacket,Clothing,390.11,485.57,0.8034,0.1966,0.6785,0.4959,https://www.zappos.com/dp/9946299,zappos.com,False
Adidas Ultraboost,Clothing,354.29,410.34,0.8634,0.1366,0.9439,0.6384,https://www.walmart.com/dp/3138015,walmart.com,False
Nespresso Vertuo Coffee Maker,Home & Garden,351.41,480.4,0.7315,0.2685,0.7247,0.2216,https://www.wayfair.com/dp/8239885,wayfair.com,False
The North Face Parka,Clothing,91.73,109.74,0.8359,0.1641,0.7341,0.7477,https://www.bhphotovideo.com/dp/2911847,bhphotovideo.com,False
The Pragmatic Programmer,Books,39.24,50.35,0.7793,0.2206,0.7634,0.9231,https://www.adorama.com/dp/8655712,adorama.com,False
Dyson Airwrap Styler,Beauty,126.2,569.26,0.2217,0.7783,0.0574,0.6571,https://buylow-online.icu/product/70912,buylow-online.icu,True
Clean Code,Books,11.83,16.73,0.7071,0.2931,0.6677,1.0,https://www.ebay.com/dp/6523202,ebay.com,False
"iPad Pro 12.9""",Electronics,183.2,893.2,0.2051,0.7949,0.1087,0.787,https://pricedown-shop.cf/product/36998,pricedown-shop.cf,True
Garmin Forerunner 945,Sports,1366.4,1728.75,0.7904,0.2096,0.9254,0.6656,https://www.amazon.com/dp/5458768,amazon.com,False
Nintendo Switch OLED,Toys,34.12,115.54,0.2953,0.7047,0.0626,0.4033,https://shop-fast-now.biz/product/16903,shop-fast-now.biz,True
Logitech MX Master Mouse,Electronics,738.39,1034.59,0.7137,0.2863,0.6976,0.7376,https://www.ebay.com/dp/6078724,ebay.com,False
Magna-Tiles 100 Piece Set,Toys,57.72,79.31,0.7278,0.2722,0.7124,0.3492,https://www.chewy.com/dp/9768556,chewy.com,False
Dell XPS 15 Laptop,Electronics,2308.99,2877.61,0.8024,0.1976,0.8241,0.6395,https://www.bestbuy.com/dp/7680958,bestbuy.com,False
Hot Wheels Ultimate Garage,Toys,182.06,253.07,0.7194,0.2806,0.6774,0.3941,https://www.bhphotovideo.com/dp/9638823,bhphotovideo.com,False
Nespresso Vertuo Coffee Maker,Home & Garden,494.46,686.84,0.7199,0.2801,0.7341,0.569,https://www.nordstrom.com/dp/8381800,nordstrom.com,False
NOCO Genius5 Battery Charger,Automotive,161.26,846.06,0.1906,0.8094,0.1038,0.5286,https://cheapbuy-store.xyz/product/33875,cheapbuy-store.xyz,True
"iPad Pro 12.9""",Electronics,1022.37,1487.3,0.6874,0.3126,0.9155,0.7481,https://www.target.com/dp/8307107,target.com,False
Dyson Airwrap Styler,Beauty,231.77,581.6,0.3985,0.6015,0.095,0.5232,https://flashsale-today.ml/product/61325,flashsale-today.ml,True
Nespresso Vertuo Coffee Maker,Home & Garden,471.96,762.45,0.619,0.381,0.6924,0.5348,https://www.adorama.com/dp/5077319,adorama.com,False
Atomic Habits,Books,7.05,44.82,0.1573,0.8428,0.234,0.7814,https://flashsale-today.ml/product/99182,flashsale-today.ml,True
Bose SoundBar 700,Electronics,874.92,975.39,0.897,0.103,0.6885,0.9057,https://www.macys.com/dp/4420734,macys.com,False
LEGO Technic Bugatti,Toys,31.41,118.17,0.2658,0.7342,0.1747,0.2896,https://shop-fast-now.biz/product/4954,shop-fast-now.biz,True
Fenty Beauty Foundation,Beauty,36.75,44.86,0.8192,0.1807,0.8562,0.5528,https://www.walmart.com/dp/1628699,walmart.com,False
LEGO Technic Bugatti,Toys,263.98,316.56,0.8339,0.1661,0.7628,0.4257,https://www.chewy.com/dp/8893719,chewy.com,False
Callaway Golf Driver,Sports,971.27,1329.78,0.7304,0.2696,0.8748,0.6514,https://www.walmart.com/dp/9294271,walmart.com,False
Dell XPS 15 Laptop,Electronics,146.39,177.25,0.8259,0.1741,0.7288,0.7293,https://www.macys.com/dp/2978268,macys.com,False
Garmin Forerunner 945,Sports,353.61,514.34,0.6875,0.3125,0.7129,0.6007,https://www.nordstrom.com/dp/4219293,nordstrom.com,False
Dell XPS 15 Laptop,Electronics,2148.75,2267.81,0.9475,0.0525,0.7278,0.7432,https://www.wayfair.com/dp/1702283,wayfair.com,False
The Pragmatic Programmer,Books,15.74,23.52,0.6692,0.3308,0.6615,0.8248,https://www.ebay.com/dp/7562471,ebay.com,False
Apple AirPods Pro,Electronics,1006.55,2697.8,0.3731,0.6269,0.224,0.7348,https://deal-xpress.top/product/12426,deal-xpress.top,True
Michelin X-Tour Tires,Automotive,603.23,788.74,0.7648,0.2352,0.7536,0.2795,https://www.bhphotovideo.com/dp/4752739,bhphotovideo.com,False
Roomba i7+ Robot Vacuum,Home & Garden,98.3,108.08,0.9095,0.0905,0.725,0.3714,https://www.adorama.com/dp/6497755,adorama.com,False
NOCO Genius5 Battery Charger,Automotive,130.79,155.91,0.8389,0.1611,0.7438,0.5178,https://www.nordstrom.com/dp/1664503,nordstrom.com,False
The Pragmatic Programmer,Books,47.92,56.31,0.851,0.149,0.6542,0.8335,https://www.chewy.com/dp/5416038,chewy.com,False
Garmin DriveSmart 65 GPS,Automotive,604.46,814.42,0.7422,0.2578,0.6943,0.4067,https://www.homedepot.com/dp/1246723,homedepot.com,False
Nintendo Switch OLED,Toys,221.21,340.22,0.6502,0.3498,0.7371,0.299,https://www.costco.com/dp/6902303,costco.com,False
Instant Pot Duo 7-in-1,Home & Garden,124.92,334.55,0.3734,0.6266,0.1925,0.5312,https://bestprice-deals.tk/product/13190,bestprice-deals.tk,True
The Pragmatic Programmer,Books,17.25,21.77,0.7924,0.2078,0.8988,0.8861,https://www.target.com/dp/7201492,target.com,False
Thinkware U1000 Dash Cam,Automotive,328.71,961.99,0.3417,0.6583,0.1168,0.2622,https://flashsale-today.ml/product/77837,flashsale-today.ml,True
LEGO Technic Bugatti,Toys,27.67,172.08,0.1608,0.8392,0.1215,0.3226,https://cheapbuy-store.xyz/product/88330,cheapbuy-store.xyz,True
Fenty Beauty Foundation,Beauty,220.07,275.33,0.7993,0.2007,0.6975,0.554,https://www.zappos.com/dp/3283789,zappos.com,False
Garmin Forerunner 945,Sports,1755.59,2369.86,0.7408,0.2592,0.8221,0.735,https://www.costco.com/dp/7947694,costco.com,False
Bose SoundBar 700,Electronics,994.46,1631.87,0.6094,0.3906,0.7121,0.6969,https://www.newegg.com/dp/2322047,newegg.com,False
NARS Blush Orgasm,Beauty,38.39,46.39,0.8275,0.1724,0.7652,0.367,https://www.nordstrom.com/dp/4562439,nordstrom.com,False
Canon EOS R6 Camera,Electronics,453.98,755.38,0.601,0.399,0.7106,0.9322,https://www.wayfair.com/dp/2258262,wayfair.com,False
Thinkware U1000 Dash Cam,Automotive,585.73,802.81,0.7296,0.2704,0.8992,0.4951,https://www.bestbuy.com/dp/8250013,bestbuy.com,False
Dyson V15 Vacuum,Home & Garden,190.6,316.03,0.6031,0.3969,0.7702,0.5058,https://www.ebay.com/dp/5932187,ebay.com,False
TRX Suspension Trainer,Sports,1435.04,1891.44,0.7587,0.2413,0.6727,0.7313,https://www.wayfair.com/dp/4296204,wayfair.com,False
Levi's 501 Jeans,Clothing,135.16,162.73,0.8306,0.1694,0.5902,0.587,https://www.wayfair.com/dp/9685189,wayfair.com,False
Nintendo Switch OLED,Toys,7.17,46.11,0.1555,0.8446,0.1562,0.3595,https://cheapbuy-store.xyz/product/6700,cheapbuy-store.xyz,True
Garmin Forerunner 945,Sports,315.74,434.91,0.726,0.274,0.6595,0.715,https://www.nordstrom.com/dp/8427171,nordstrom.com,False
TRX Suspension Trainer,Sports,1896.93,2074.28,0.9145,0.0855,0.7108,0.6757,https://www.macys.com/dp/2517205,macys.com,False
Instant Pot Duo 7-in-1,Home & Garden,96.17,630.19,0.1526,0.8474,0.0121,0.4762,https://pricedown-shop.cf/product/14991,pricedown-shop.cf,True
Wilson Tennis Racket Pro,Sports,374.11,2430.84,0.1539,0.8461,0.2734,0.7459,https://shop-fast-now.biz/product/65335,shop-fast-now.biz,True
The North Face Parka,Clothing,253.03,339.64,0.745,0.255,1.0,0.5451,https://www.amazon.com/dp/6089270,amazon.com,False
Canon EOS R6 Camera,Electronics,1588.03,1956.67,0.8116,0.1884,0.6659,0.9274,https://www.costco.com/dp/1579384,costco.com,False
Adidas Ultraboost,Clothing,82.76,467.55,0.177,0.823,0.0827,0.5922,https://flashsale-today.ml/product/52248,flashsale-today.ml,True
The Pragmatic Programmer,Books,34.74,44.89,0.7739,0.2262,0.9158,0.8292,https://www.amazon.com/dp/6815577,amazon.com,False
Callaway Golf Driver,Sports,330.83,2124.76,0.1557,0.8443,0.1248,0.7215,https://discount-mega.ru/product/37919,discount-mega.ru,True
"iPad Pro 12.9""",Electronics,181.5,738.41,0.2458,0.7542,0.0488,0.7162,https://flashsale-today.ml/product/31474,flashsale-today.ml,True
Apple AirPods Pro,Electronics,559.91,758.07,0.7386,0.2614,0.6679,0.9027,https://www.ebay.com/dp/4393282,ebay.com,False
Olaplex Hair Perfector,Beauty,79.72,85.92,0.9278,0.0722,0.7475,0.4538,https://www.bhphotovideo.com/dp/7074006,bhphotovideo.com,False
Garmin Forerunner 945,Sports,788.69,1068.68,0.738,0.262,0.6907,0.5696,https://www.ebay.com/dp/5787427,ebay.com,False
Fenty Beauty Foundation,Beauty,24.25,216.29,0.1121,0.8879,0.1448,0.4754,https://pricedown-shop.cf/product/24487,pricedown-shop.cf,True
Olaplex Hair Perfector,Beauty,230.84,268.76,0.8589,0.1411,0.8885,0.4965,https://www.walmart.com/dp/7172675,walmart.com,False
"iPad Pro 12.9""",Electronics,1379.19,1680.1,0.8209,0.1791,0.633,0.8846,https://www.costco.com/dp/7291943,costco.com,False
Nintendo Switch OLED,Toys,115.35,165.38,0.6975,0.3025,0.6819,0.3833,https://www.nordstrom.com/dp/9026757,nordstrom.com,False
Thinkware U1000 Dash Cam,Automotive,774.23,861.31,0.8989,0.1011,0.6406,0.3682,https://www.newegg.com/dp/6925346,newegg.com,False
Dyson V15 Vacuum,Home & Garden,139.5,164.68,0.8471,0.1529,0.779,0.4011,https://www.nordstrom.com/dp/8582065,nordstrom.com,False
The North Face Parka,Clothing,200.96,238.13,0.8439,0.1561,0.8737,0.5581,https://www.target.com/dp/8538725,target.com,False
Wilson Tennis Racket Pro,Sports,128.49,364.51,0.3525,0.6475,0.0944,0.7837,https://discount-mega.ru/product/36521,discount-mega.ru,True
"iPad Pro 12.9""",Electronics,596.9,700.51,0.8521,0.1479,0.8718,0.7305,https://www.amazon.com/dp/9309231,amazon.com,False
Sony Headphones WH-1000XM5,Electronics,854.8,1014.24,0.8428,0.1572,0.6454,0.8297,https://www.nordstrom.com/dp/7288704,nordstrom.com,False
Nike Air Max Sneakers,Clothing,268.38,391.85,0.6849,0.3151,0.9218,0.6323,https://www.amazon.com/dp/4294223,amazon.com,False
Roomba i7+ Robot Vacuum,Home & Garden,112.76,165.0,0.6834,0.3166,0.6903,0.4449,https://www.macys.com/dp/6334600,macys.com,False
Nike Air Max Sneakers,Clothing,150.17,177.4,0.8465,0.1535,0.7584,0.6204,https://www.bhphotovideo.com/dp/8149041,bhphotovideo.com,False
Dyson Airwrap Styler,Beauty,291.84,480.63,0.6072,0.3928,0.8032,0.4391,https://www.amazon.com/dp/3398377,amazon.com,False
Levi's 501 Jeans,Clothing,352.93,453.06,0.779,0.221,0.8717,0.5623,https://www.bestbuy.com/dp/6492500,bestbuy.com,False
Dyson V15 Vacuum,Home & Garden,158.08,639.49,0.2472,0.7528,0.1544,0.45,https://cheapbuy-store.xyz/product/83927,cheapbuy-store.xyz,True
NOCO Genius5 Battery Charger,Automotive,552.91,583.12,0.9482,0.0518,0.6688,0.3852,https://www.costco.com/dp/4961055,costco.com,False
KitchenAid Stand Mixer,Home & Garden,35.88,38.62,0.9291,0.071,0.7358,0.6415,https://www.nordstrom.com/dp/1204101,nordstrom.com,False
Olaplex Hair Perfector,Beauty,184.82,254.57,0.726,0.274,0.6348,0.5536,https://www.ebay.com/dp/2932288,ebay.com,False
Designing Data-Intensive Applications,Books,22.86,27.53,0.8304,0.1695,0.6231,0.8884,https://www.wayfair.com/dp/2444438,wayfair.com,False
Dyson Airwrap Styler,Beauty,352.72,574.0,0.6145,0.3855,0.8925,0.3853,https://www.target.com/dp/9447259,target.com,False
Garmin Forerunner 945,Sports,111.68,121.05,0.9226,0.0774,0.6452,0.5848,https://www.homedepot.com/dp/8304686,homedepot.com,False
Magna-Tiles 100 Piece Set,Toys,340.26,372.72,0.9129,0.0871,0.6607,0.2395,https://www.costco.com/dp/3579924,costco.com,False
Levi's 501 Jeans,Clothing,124.5,163.64,0.7608,0.2392,0.7027,0.6692,https://www.homedepot.com/dp/8580838,homedepot.com,False
Michelin X-Tour Tires,Automotive,610.51,681.45,0.8959,0.1041,0.7145,0.2404,https://www.nordstrom.com/dp/3156762,nordstrom.com,False
Ray-Ban Aviator Sunglasses,Clothing,24.67,33.88,0.7282,0.2717,0.7276,0.6501,https://www.chewy.com/dp/1312439,chewy.com,False
Garmin Forerunner 945,Sports,1317.83,1903.0,0.6925,0.3075,0.6364,0.7169,https://www.ebay.com/dp/4596069,ebay.com,False
Patagonia Fleece Jacket,Clothing,121.63,140.82,0.8637,0.1363,0.7775,0.5201,https://www.homedepot.com/dp/9318184,homedepot.com,False
Logitech MX Master Mouse,Electronics,214.69,2125.6,0.101,0.899,0.0906,0.8722,https://deal-xpress.top/product/1542,deal-xpress.top,True
Fenty Beauty Foundation,Beauty,22.45,27.07,0.8293,0.1707,0.6843,0.4999,https://www.ebay.com/dp/8475525,ebay.com,False
Nintendo Switch OLED,Toys,57.76,67.98,0.8497,0.1504,0.6712,0.4104,https://www.zappos.com/dp/8926478,zappos.com,False
Roomba i7+ Robot Vacuum,Home & Garden,131.25,156.79,0.8371,0.1629,0.7036,0.4118,https://www.macys.com/dp/4782763,macys.com,False
Roomba i7+ Robot Vacuum,Home & Garden,560.47,787.4,0.7118,0.2882,0.7013,0.4257,https://www.nordstrom.com/dp/3614824,nordstrom.com,False
Nintendo Switch OLED,Toys,126.98,157.72,0.8051,0.1949,0.7316,0.4278,https://www.wayfair.com/dp/4712363,wayfair.com,False
Apple AirPods Pro,Electronics,929.27,1197.82,0.7758,0.2242,0.9545,1.0,https://www.walmart.com/dp/9483674,walmart.com,False
Logitech MX Master Mouse,Electronics,343.12,1780.59,0.1927,0.8073,0.0142,0.8181,https://discount-mega.ru/product/7794,discount-mega.ru,True
Roomba i7+ Robot Vacuum,Home & Garden,212.41,266.41,0.7973,0.2027,0.9422,0.543,https://www.walmart.com/dp/9467858,walmart.com,False
Python Crash Course 3rd Ed,Books,7.27,10.16,0.7156,0.2849,0.6463,0.9065,https://www.newegg.com/dp/7487804,newegg.com,False
Atomic Habits,Books,5.52,38.8,0.1423,0.8578,0.1668,0.9028,https://savebig-store.pw/product/79102,savebig-store.pw,True
Instant Pot Duo 7-in-1,Home & Garden,404.76,480.03,0.8432,0.1568,0.6318,0.4074,https://www.homedepot.com/dp/6809536,homedepot.com,False
Wilson Tennis Racket Pro,Sports,257.86,373.22,0.6909,0.3091,0.7596,0.6933,https://www.bhphotovideo.com/dp/3288458,bhphotovideo.com,False
NOCO Genius5 Battery Charger,Automotive,244.48,778.59,0.314,0.686,0.0546,0.3435,https://flashsale-today.ml/product/74103,flashsale-today.ml,True
KitchenAid Stand Mixer,Home & Garden,556.13,662.61,0.8393,0.1607,0.6045,0.5555,https://www.nordstrom.com/dp/8275056,nordstrom.com,False
Apple AirPods Pro,Electronics,1241.54,1559.53,0.7961,0.2039,0.7431,0.7367,https://www.homedepot.com/dp/8913629,homedepot.com,False
Garmin DriveSmart 65 GPS,Automotive,153.27,188.25,0.8142,0.1858,0.7092,0.6154,https://www.chewy.com/dp/9542262,chewy.com,False
Michelin X-Tour Tires,Automotive,311.72,459.22,0.6788,0.3212,0.6478,0.2427,https://www.bhphotovideo.com/dp/2825908,bhphotovideo.com,False
Magna-Tiles 100 Piece Set,Toys,360.6,388.62,0.9279,0.0721,0.6597,0.3561,https://www.bhphotovideo.com/dp/7207712,bhphotovideo.com,False
Dyson Airwrap Styler,Beauty,72.2,78.38,0.9212,0.0788,0.709,0.567,https://www.macys.com/dp/1142436,macys.com,False
Dell XPS 15 Laptop,Electronics,115.69,135.41,0.8544,0.1456,0.759,0.8554,https://www.nordstrom.com/dp/6183902,nordstrom.com,False
Bose SoundBar 700,Electronics,624.46,1953.26,0.3197,0.6803,0.0476,0.8621,https://discount-mega.ru/product/44178,discount-mega.ru,True
KitchenAid Stand Mixer,Home & Garden,281.0,348.33,0.8067,0.1933,0.714,0.5907,https://www.bhphotovideo.com/dp/9659648,bhphotovideo.com,False
Hot Wheels Ultimate Garage,Toys,164.02,253.47,0.6471,0.3529,0.9603,0.2846,https://www.amazon.com/dp/9130388,amazon.com,False
KitchenAid Stand Mixer,Home & Garden,24.52,94.43,0.2597,0.7403,0.28,0.4649,https://ultra-deals99.net/product/13070,ultra-deals99.net,True
KitchenAid Stand Mixer,Home & Garden,153.86,244.46,0.6294,0.3706,0.8654,0.3973,https://www.target.com/dp/7869672,target.com,False
Clean Code,Books,16.36,24.41,0.6702,0.3299,0.8752,0.8854,https://www.amazon.com/dp/8614476,amazon.com,False
Barbie Dreamhouse,Toys,125.88,142.95,0.8806,0.1194,0.6606,0.3003,https://www.nordstrom.com/dp/9950391,nordstrom.com,False
La Mer Moisturizing Cream,Beauty,83.12,107.36,0.7742,0.2258,0.6652,0.4265,https://www.adorama.com/dp/6599219,adorama.com,False
Dyson V15 Vacuum,Home & Garden,52.31,560.64,0.0933,0.9067,0.23,0.4156,https://pricedown-shop.cf/product/60827,pricedown-shop.cf,True
Designing Data-Intensive Applications,Books,27.48,38.12,0.7209,0.2791,0.7543,0.938,https://www.bhphotovideo.com/dp/6718584,bhphotovideo.com,False
NOCO Genius5 Battery Charger,Automotive,604.91,925.36,0.6537,0.3463,0.7154,0.3802,https://www.newegg.com/dp/8778317,newegg.com,False
Callaway Golf Driver,Sports,108.1,459.01,0.2355,0.7645,0.0714,0.7191,https://savebig-store.pw/product/68697,savebig-store.pw,True
Atomic Habits,Books,32.08,47.75,0.6718,0.3281,0.6155,0.8623,https://www.adorama.com/dp/9385512,adorama.com,False
LEGO Technic Bugatti,Toys,120.09,188.02,0.6387,0.3613,0.7251,0.1505,https://www.adorama.com/dp/5245703,adorama.com,False
NARS Blush Orgasm,Beauty,353.91,445.4,0.7946,0.2054,0.7478,0.4969,https://www.newegg.com/dp/8776527,newegg.com,False
The North Face Parka,Clothing,157.97,250.07,0.6317,0.3683,0.7041,0.6029,https://www.wayfair.com/dp/3268584,wayfair.com,False
Michelin X-Tour Tires,Automotive,483.82,598.71,0.8081,0.1919,0.7154,0.5655,https://www.zappos.com/dp/4944513,zappos.com,False
Atomic Habits,Books,19.59,29.0,0.6755,0.3244,1.0,0.871,https://www.bestbuy.com/dp/7536772,bestbuy.com,False
Garmin DriveSmart 65 GPS,Automotive,288.48,408.49,0.7062,0.2938,0.6444,0.3971,https://www.bhphotovideo.com/dp/9276815,bhphotovideo.com,False
The North Face Parka,Clothing,89.09,401.5,0.2219,0.7781,0.2257,0.6345,https://topdeal-online.cc/product/45492,topdeal-online.cc,True
Peloton Bike+,Sports,1535.49,1921.28,0.7992,0.2008,0.6454,0.7108,https://www.ebay.com/dp/8813403,ebay.com,False
Bose SoundBar 700,Electronics,882.48,989.77,0.8916,0.1084,0.6667,0.9078,https://www.homedepot.com/dp/5006465,homedepot.com,False
Python Crash Course 3rd Ed,Books,13.15,45.54,0.2888,0.7113,0.108,1.0,https://cheapbuy-store.xyz/product/86168,cheapbuy-store.xyz,True
Nike Air Max Sneakers,Clothing,3.82,21.65,0.1764,0.8234,0.1104,0.5932,https://savebig-store.pw/product/53731,savebig-store.pw,True
Clean Code,Books,12.45,33.95,0.3667,0.6334,0.28,0.7628,https://cheapbuy-store.xyz/product/26780,cheapbuy-store.xyz,True
Nike Air Max Sneakers,Clothing,382.61,407.64,0.9386,0.0614,0.8614,0.7332,https://www.amazon.com/dp/4520809,amazon.com,False
Dyson Airwrap Styler,Beauty,17.87,277.48,0.0644,0.9356,0.0992,0.3937,https://savebig-store.pw/product/16965,savebig-store.pw,True
KitchenAid Stand Mixer,Home & Garden,106.67,355.57,0.3,0.7,0.1132,0.4719,https://ultra-deals99.net/product/41459,ultra-deals99.net,True
LEGO Technic Bugatti,Toys,87.03,108.69,0.8007,0.1993,0.7877,0.3208,https://www.wayfair.com/dp/1991043,wayfair.com,False
Dell XPS 15 Laptop,Electronics,380.36,987.43,0.3852,0.6148,0.0935,0.9342,https://bestprice-deals.tk/product/46491,bestprice-deals.tk,True
Clean Code,Books,30.23,32.44,0.9319,0.0681,0.6685,0.8762,https://www.nordstrom.com/dp/9050586,nordstrom.com,False
Michelin X-Tour Tires,Automotive,37.61,616.58,0.061,0.939,0.2206,0.3482,https://cheapbuy-store.xyz/product/55534,cheapbuy-store.xyz,True
Fenty Beauty Foundation,Beauty,463.69,580.12,0.7993,0.2007,0.9101,0.3787,https://www.amazon.com/dp/2654343,amazon.com,False
Peloton Bike+,Sports,344.01,2199.58,0.1564,0.8436,0.036,0.6879,https://bestprice-deals.tk/product/30832,bestprice-deals.tk,True
Ray-Ban Aviator Sunglasses,Clothing,303.53,475.98,0.6377,0.3623,0.6887,0.7111,https://www.macys.com/dp/6373918,macys.com,False
Peloton Bike+,Sports,732.27,1191.84,0.6144,0.3856,0.7281,0.6296,https://www.zappos.com/dp/1913231,zappos.com,False
Peloton Bike+,Sports,268.87,366.21,0.7342,0.2658,0.7121,0.5334,https://www.bhphotovideo.com/dp/9781289,bhphotovideo.com,False
Dyson V15 Vacuum,Home & Garden,80.82,90.52,0.8928,0.1072,0.7029,0.4017,https://www.newegg.com/dp/2889450,newegg.com,False
Designing Data-Intensive Applications,Books,25.58,35.77,0.7151,0.285,0.7342,0.7907,https://www.adorama.com/dp/4029979,adorama.com,False
Dell XPS 15 Laptop,Electronics,1986.74,2490.27,0.7978,0.2022,0.6865,0.8478,https://www.costco.com/dp/2050167,costco.com,False
NARS Blush Orgasm,Beauty,93.31,117.3,0.7955,0.2045,0.7233,0.6217,https://www.adorama.com/dp/8271756,adorama.com,False
Clean Code,Books,31.39,47.92,0.6551,0.3449,0.6887,0.9236,https://www.costco.com/dp/5700700,costco.com,False
Callaway Golf Driver,Sports,584.32,877.1,0.6662,0.3338,0.6451,0.8136,https://www.nordstrom.com/dp/5843397,nordstrom.com,False
La Mer Moisturizing Cream,Beauty,45.39,64.08,0.7083,0.2917,0.6311,0.425,https://www.homedepot.com/dp/5074336,homedepot.com,False
Dyson V15 Vacuum,Home & Garden,33.91,200.88,0.1688,0.8312,0.0821,0.3215,https://buylow-online.icu/product/94304,buylow-online.icu,True
"Samsung 4K TV 55""",Electronics,167.4,180.16,0.9292,0.0708,0.9795,0.8045,https://www.walmart.com/dp/9626559,walmart.com,False
Michelin X-Tour Tires,Automotive,41.27,46.27,0.8919,0.1081,0.921,0.4485,https://www.bestbuy.com/dp/8470322,bestbuy.com,False
Bose SoundBar 700,Electronics,582.78,860.96,0.6769,0.3231,0.6509,0.7376,https://www.wayfair.com/dp/2065035,wayfair.com,False
Olaplex Hair Perfector,Beauty,270.43,286.29,0.9446,0.0554,0.9455,0.4853,https://www.target.com/dp/8272068,target.com,False
Fenty Beauty Foundation,Beauty,177.04,203.17,0.8714,0.1286,0.9349,0.4497,https://www.bestbuy.com/dp/8890740,bestbuy.com,False
Nintendo Switch OLED,Toys,259.17,365.08,0.7099,0.2901,0.6959,0.3745,https://www.costco.com/dp/3457995,costco.com,False
Nike Air Max Sneakers,Clothing,12.46,42.83,0.2909,0.709,0.28,0.4401,https://discount-mega.ru/product/5166,discount-mega.ru,True
Dyson V15 Vacuum,Home & Garden,161.0,182.81,0.8807,0.1193,0.6117,0.5893,https://www.wayfair.com/dp/6802621,wayfair.com,False
Nespresso Vertuo Coffee Maker,Home & Garden,93.42,265.25,0.3522,0.6478,0.1969,0.4109,https://topdeal-online.cc/product/31877,topdeal-online.cc,True
Sony Headphones WH-1000XM5,Electronics,858.76,1240.81,0.6921,0.3079,0.7437,0.8563,https://www.nordstrom.com/dp/9876598,nordstrom.com,False
Ray-Ban Aviator Sunglasses,Clothing,186.24,204.32,0.9115,0.0885,0.8835,0.5831,https://www.amazon.com/dp/1733836,amazon.com,False
Michelin X-Tour Tires,Automotive,66.33,192.6,0.3444,0.6556,0.28,0.4596,https://savebig-store.pw/product/56756,savebig-store.pw,True
Nike Air Max Sneakers,Clothing,324.92,375.94,0.8643,0.1357,0.9248,0.5889,https://www.bestbuy.com/dp/2719583,bestbuy.com,False
Ray-Ban Aviator Sunglasses,Clothing,23.56,26.67,0.8834,0.1166,0.6697,0.6365,https://www.zappos.com/dp/1122310,zappos.com,False
TRX Suspension Trainer,Sports,23.83,139.05,0.1714,0.8286,0.0778,0.7882,https://ultra-deals99.net/product/10250,ultra-deals99.net,True
Roomba i7+ Robot Vacuum,Home & Garden,80.27,430.85,0.1863,0.8137,0.1313,0.4394,https://ultra-deals99.net/product/61526,ultra-deals99.net,True
The North Face Parka,Clothing,75.62,81.56,0.9272,0.0728,0.725,0.4881,https://www.ebay.com/dp/4824620,ebay.com,False
Designing Data-Intensive Applications,Books,3.97,12.25,0.3241,0.6757,0.0645,1.0,https://flashsale-today.ml/product/42485,flashsale-today.ml,True
Wilson Tennis Racket Pro,Sports,493.02,2300.6,0.2143,0.7857,0.1571,0.5655,https://ultra-deals99.net/product/40545,ultra-deals99.net,True
Patagonia Fleece Jacket,Clothing,367.52,457.8,0.8028,0.1972,0.6838,0.5706,https://www.nordstrom.com/dp/3608321,nordstrom.com,False
Dell XPS 15 Laptop,Electronics,1574.95,1942.94,0.8106,0.1894,0.6631,0.8645,https://www.macys.com/dp/5245272,macys.com,False
Wilson Tennis Racket Pro,Sports,209.36,337.57,0.6202,0.3798,0.9587,0.6782,https://www.target.com/dp/2378902,target.com,False
La Mer Moisturizing Cream,Beauty,75.2,82.07,0.9163,0.0837,0.9136,0.3979,https://www.bestbuy.com/dp/5042786,bestbuy.com,False
Hot Wheels Ultimate Garage,Toys,28.42,113.83,0.2497,0.7503,0.0333,0.3861,https://shop-fast-now.biz/product/14411,shop-fast-now.biz,True
Michelin X-Tour Tires,Automotive,206.4,297.19,0.6945,0.3055,0.7358,0.4575,https://www.macys.com/dp/5138170,macys.com,False
Barbie Dreamhouse,Toys,29.09,35.86,0.8112,0.1888,0.7072,0.4197,https://www.costco.com/dp/6822087,costco.com,False
Magna-Tiles 100 Piece Set,Toys,171.04,201.06,0.8507,0.1493,0.6685,0.4086,https://www.homedepot.com/dp/6027079,homedepot.com,False
"iPad Pro 12.9""",Electronics,197.02,286.66,0.6873,0.3127,0.8522,0.8839,https://www.bestbuy.com/dp/1940167,bestbuy.com,False
La Mer Moisturizing Cream,Beauty,362.35,402.43,0.9004,0.0996,0.7949,0.4242,https://www.bhphotovideo.com/dp/1518494,bhphotovideo.com,False
Clean Code,Books,14.02,16.23,0.8638,0.1362,0.72,0.9161,https://www.newegg.com/dp/4707319,newegg.com,False
NOCO Genius5 Battery Charger,Automotive,131.18,144.97,0.9049,0.0951,0.8635,0.4289,https://www.target.com/dp/3704659,target.com,False
Garmin Forerunner 945,Sports,148.62,2041.46,0.0728,0.9272,0.1496,0.6317,https://bargain-hunt.gq/product/49391,bargain-hunt.gq,True
Logitech MX Master Mouse,Electronics,298.63,316.08,0.9448,0.0552,0.8678,0.9324,https://www.target.com/dp/6736345,target.com,False
Roomba i7+ Robot Vacuum,Home & Garden,28.74,37.31,0.7703,0.2297,0.9216,0.4876,https://www.bestbuy.com/dp/3120109,bestbuy.com,False
NOCO Genius5 Battery Charger,Automotive,124.16,777.48,0.1597,0.8403,0.1039,0.3731,https://deal-xpress.top/product/30579,deal-xpress.top,True
Thinkware U1000 Dash Cam,Automotive,168.49,191.75,0.8787,0.1213,0.6588,0.3425,https://www.homedepot.com/dp/5831713,homedepot.com,False
Python Crash Course 3rd Ed,Books,17.58,59.82,0.2939,0.7062,0.1114,0.8628,https://bargain-hunt.gq/product/87788,bargain-hunt.gq,True
Thinkware U1000 Dash Cam,Automotive,727.43,872.74,0.8335,0.1665,0.828,0.3923,https://www.chewy.com/dp/1257256,chewy.com,False
Atomic Habits,Books,23.21,31.5,0.7368,0.2631,0.6991,0.8219,https://www.ebay.com/dp/1271225,ebay.com,False
Barbie Dreamhouse,Toys,10.38,109.94,0.0944,0.9056,0.0129,0.3597,https://pricedown-shop.cf/product/14257,pricedown-shop.cf,True
Adidas Ultraboost,Clothing,29.49,163.13,0.1808,0.8192,0.28,0.6782,https://cheapbuy-store.xyz/product/49198,cheapbuy-store.xyz,True
Patagonia Fleece Jacket,Clothing,336.31,456.88,0.7361,0.2639,0.7804,0.7083,https://www.newegg.com/dp/9014254,newegg.com,False
Callaway Golf Driver,Sports,110.01,118.35,0.9295,0.0705,0.6556,0.7617,https://www.chewy.com/dp/9060167,chewy.com,False
Atomic Habits,Books,41.94,56.24,0.7457,0.2542,0.9116,0.8395,https://www.walmart.com/dp/3118772,walmart.com,False
Wilson Tennis Racket Pro,Sports,564.36,705.01,0.8005,0.1995,0.7852,0.6114,https://www.costco.com/dp/6987782,costco.com,False
Atomic Habits,Books,32.91,39.32,0.837,0.163,0.8696,0.8188,https://www.amazon.com/dp/3078947,amazon.com,False
Designing Data-Intensive Applications,Books,15.82,24.32,0.6505,0.3494,0.6679,1.0,https://www.ebay.com/dp/2820194,ebay.com,False
Garmin DriveSmart 65 GPS,Automotive,204.96,241.53,0.8486,0.1514,0.7184,0.5471,https://www.newegg.com/dp/3483236,newegg.com,False
Dyson V15 Vacuum,Home & Garden,702.72,798.36,0.8802,0.1198,0.6473,0.4446,https://www.macys.com/dp/9248819,macys.com,False
Garmin DriveSmart 65 GPS,Automotive,706.8,981.53,0.7201,0.2799,0.7696,0.4089,https://www.costco.com/dp/4119384,costco.com,False
Python Crash Course 3rd Ed,Books,42.94,46.02,0.9331,0.0669,0.6688,1.0,https://www.bhphotovideo.com/dp/8040612,bhphotovideo.com,False
The North Face Parka,Clothing,247.34,344.01,0.719,0.281,0.6721,0.512,https://www.homedepot.com/dp/8882244,homedepot.com,False
Garmin DriveSmart 65 GPS,Automotive,214.34,243.87,0.8789,0.1211,0.7286,0.395,https://www.zappos.com/dp/5466142,zappos.com,False
Michelin X-Tour Tires,Automotive,200.66,717.91,0.2795,0.7205,0.1832,0.4274,https://discount-mega.ru/product/57291,discount-mega.ru,True
Thinkware U1000 Dash Cam,Automotive,35.62,108.63,0.3279,0.6721,0.0549,0.2596,https://cheapbuy-store.xyz/product/42642,cheapbuy-store.xyz,True
Bose SoundBar 700,Electronics,1417.46,1882.42,0.753,0.247,0.9148,0.8709,https://www.walmart.com/dp/2229110,walmart.com,False
TRX Suspension Trainer,Sports,1731.67,2104.09,0.823,0.177,0.7145,0.7766,https://www.chewy.com/dp/6293212,chewy.com,False
Thinkware U1000 Dash Cam,Automotive,491.87,545.13,0.9023,0.0977,0.6477,0.4429,https://www.newegg.com/dp/5948917,newegg.com,False
Michelin X-Tour Tires,Automotive,202.16,333.16,0.6068,0.3932,0.7268,0.3281,https://www.macys.com/dp/1298116,macys.com,False
Wilson Tennis Racket Pro,Sports,66.53,933.06,0.0713,0.9287,0.0447,0.6108,https://savebig-store.pw/product/53985,savebig-store.pw,True
Callaway Golf Driver,Sports,148.38,1618.09,0.0917,0.9083,0.1695,0.7266,https://buylow-online.icu/product/7453,buylow-online.icu,True
Dyson V15 Vacuum,Home & Garden,600.25,772.02,0.7775,0.2225,0.7183,0.4469,https://www.nordstrom.com/dp/8293757,nordstrom.com,False
Designing Data-Intensive Applications,Books,25.63,31.18,0.822,0.178,0.8031,0.9967,https://www.ebay.com/dp/7668174,ebay.com,False
Wilson Tennis Racket Pro,Sports,402.78,529.69,0.7604,0.2396,0.6732,0.7287,https://www.newegg.com/dp/3026754,newegg.com,False
Garmin Forerunner 945,Sports,539.49,1945.51,0.2773,0.7227,0.109,0.7799,https://bargain-hunt.gq/product/39951,bargain-hunt.gq,True
Levi's 501 Jeans,Clothing,183.43,299.72,0.612,0.388,0.6452,0.3459,https://www.bhphotovideo.com/dp/6551591,bhphotovideo.com,False
Dyson Airwrap Styler,Beauty,234.69,363.46,0.6457,0.3543,0.6989,0.4954,https://www.wayfair.com/dp/6970859,wayfair.com,False
Python Crash Course 3rd Ed,Books,23.88,29.93,0.7979,0.2021,0.699,0.8757,https://www.macys.com/dp/3187332,macys.com,False
Levi's 501 Jeans,Clothing,178.17,264.0,0.6749,0.3251,0.6915,0.5637,https://www.nordstrom.com/dp/1873301,nordstrom.com,False
Instant Pot Duo 7-in-1,Home & Garden,533.47,622.99,0.8563,0.1437,0.6686,0.427,https://www.homedepot.com/dp/1226440,homedepot.com,False
Hot Wheels Ultimate Garage,Toys,192.68,293.81,0.6558,0.3442,0.6888,0.4071,https://www.chewy.com/dp/3141239,chewy.com,False
Clean Code,Books,20.51,55.13,0.372,0.6279,0.05,0.9538,https://pricedown-shop.cf/product/80761,pricedown-shop.cf,True
Atomic Habits,Books,32.37,34.46,0.9393,0.0607,0.8146,1.0,https://www.zappos.com/dp/7367070,zappos.com,False
Logitech MX Master Mouse,Electronics,1233.37,1594.33,0.7736,0.2264,0.8962,0.7152,https://www.target.com/dp/7308382,target.com,False
The Pragmatic Programmer,Books,28.37,42.67,0.6649,0.3351,0.6186,1.0,https://www.newegg.com/dp/4944744,newegg.com,False
Olaplex Hair Perfector,Beauty,539.31,585.0,0.9219,0.0781,0.7132,0.6018,https://www.chewy.com/dp/4167928,chewy.com,False
Roomba i7+ Robot Vacuum,Home & Garden,201.38,329.59,0.611,0.389,0.8187,0.2495,https://www.bestbuy.com/dp/7772146,bestbuy.com,False
Python Crash Course 3rd Ed,Books,11.58,17.02,0.6804,0.3195,0.7202,0.9573,https://www.zappos.com/dp/6267395,zappos.com,False
Garmin Forerunner 945,Sports,394.69,479.46,0.8232,0.1768,0.7645,0.7539,https://www.macys.com/dp/2985251,macys.com,False
The North Face Parka,Clothing,56.91,328.56,0.1732,0.8268,0.28,0.4653,https://flashsale-today.ml/product/63913,flashsale-today.ml,True
Peloton Bike+,Sports,820.26,1002.88,0.8179,0.1821,0.9041,0.6417,https://www.amazon.com/dp/9345380,amazon.com,False
La Mer Moisturizing Cream,Beauty,320.99,394.73,0.8132,0.1868,0.8983,0.3724,https://www.target.com/dp/5170367,target.com,False
Levi's 501 Jeans,Clothing,204.29,267.15,0.7647,0.2353,0.6451,0.4818,https://www.newegg.com/dp/8086002,newegg.com,False
Garmin DriveSmart 65 GPS,Automotive,110.13,129.4,0.8511,0.1489,0.6836,0.3829,https://www.chewy.com/dp/4030429,chewy.com,False
Patagonia Fleece Jacket,Clothing,84.95,306.45,0.2772,0.7228,0.0416,0.6217,https://shop-fast-now.biz/product/11669,shop-fast-now.biz,True
Michelin X-Tour Tires,Automotive,111.75,442.21,0.2527,0.7473,0.1188,0.4261,https://savebig-store.pw/product/44662,savebig-store.pw,True
Python Crash Course 3rd Ed,Books,30.3,37.67,0.8044,0.1956,0.6862,0.8463,https://www.zappos.com/dp/4968858,zappos.com,False
Instant Pot Duo 7-in-1,Home & Garden,141.42,173.22,0.8164,0.1836,0.6821,0.3982,https://www.adorama.com/dp/9230660,adorama.com,False
Michelin X-Tour Tires,Automotive,642.16,683.08,0.9401,0.0599,0.7468,0.4622,https://www.costco.com/dp/9898935,costco.com,False
Garmin DriveSmart 65 GPS,Automotive,126.96,333.13,0.3811,0.6189,0.28,0.4269,https://flashsale-today.ml/product/57776,flashsale-today.ml,True
Sony Headphones WH-1000XM5,Electronics,542.25,1536.56,0.3529,0.6471,0.2087,0.772,https://topdeal-online.cc/product/73569,topdeal-online.cc,True
Wilson Tennis Racket Pro,Sports,78.04,695.51,0.1122,0.8878,0.0611,0.7706,https://shop-fast-now.biz/product/5960,shop-fast-now.biz,True
Nespresso Vertuo Coffee Maker,Home & Garden,438.35,689.23,0.636,0.364,0.6459,0.4993,https://www.zappos.com/dp/8175669,zappos.com,False
Dyson V15 Vacuum,Home & Garden,602.25,772.12,0.78,0.22,0.8922,0.4061,https://www.amazon.com/dp/1928237,amazon.com,False
Instant Pot Duo 7-in-1,Home & Garden,37.84,281.57,0.1344,0.8656,0.28,0.3345,https://savebig-store.pw/product/463,savebig-store.pw,True
Apple AirPods Pro,Electronics,1396.61,1518.88,0.9195,0.0805,0.5756,0.7973,https://www.zappos.com/dp/8831655,zappos.com,False
Roomba i7+ Robot Vacuum,Home & Garden,285.49,734.29,0.3888,0.6112,0.0703,0.4584,https://buylow-online.icu/product/80221,buylow-online.icu,True
The North Face Parka,Clothing,266.07,394.18,0.675,0.325,0.6656,0.7802,https://www.zappos.com/dp/9986438,zappos.com,False
Magna-Tiles 100 Piece Set,Toys,183.4,200.17,0.9162,0.0838,0.841,0.3638,https://www.walmart.com/dp/5819613,walmart.com,False
Michelin X-Tour Tires,Automotive,399.19,456.11,0.8752,0.1248,0.7125,0.4277,https://www.bhphotovideo.com/dp/3846949,bhphotovideo.com,False
Ray-Ban Aviator Sunglasses,Clothing,309.56,478.45,0.647,0.353,0.959,0.6155,https://www.bestbuy.com/dp/4450687,bestbuy.com,False
Callaway Golf Driver,Sports,235.91,293.2,0.8046,0.1954,0.6103,0.7432,https://www.newegg.com/dp/1461211,newegg.com,False
"Samsung 4K TV 55""",Electronics,607.55,2770.41,0.2193,0.7807,0.1359,0.7355,https://topdeal-online.cc/product/50095,topdeal-online.cc,True
LEGO Technic Bugatti,Toys,218.9,318.17,0.688,0.312,0.7083,0.2394,https://www.wayfair.com/dp/1433544,wayfair.com,False
Garmin Forerunner 945,Sports,524.82,1935.17,0.2712,0.7288,0.2002,0.7524,https://bestprice-deals.tk/product/99191,bestprice-deals.tk,True
Nespresso Vertuo Coffee Maker,Home & Garden,456.04,601.08,0.7587,0.2413,0.7609,0.5346,https://www.bhphotovideo.com/dp/9060889,bhphotovideo.com,False
Adidas Ultraboost,Clothing,113.21,132.04,0.8574,0.1426,0.55,0.518,https://www.nordstrom.com/dp/4318855,nordstrom.com,False
Ray-Ban Aviator Sunglasses,Clothing,135.44,196.92,0.6878,0.3122,0.6991,0.5769,https://www.ebay.com/dp/7392547,ebay.com,False
Olaplex Hair Perfector,Beauty,153.3,208.14,0.7365,0.2635,0.7255,0.4481,https://www.nordstrom.com/dp/9183395,nordstrom.com,False
Instant Pot Duo 7-in-1,Home & Garden,133.13,675.1,0.1972,0.8028,0.2745,0.5635,https://shop-fast-now.biz/product/32065,shop-fast-now.biz,True
Clean Code,Books,4.76,16.01,0.2973,0.7028,0.1899,0.897,https://pricedown-shop.cf/product/21622,pricedown-shop.cf,True
Garmin DriveSmart 65 GPS,Automotive,498.24,577.0,0.8635,0.1365,0.7414,0.4857,https://www.nordstrom.com/dp/7937523,nordstrom.com,False
Levi's 501 Jeans,Clothing,92.58,118.06,0.7842,0.2158,0.7302,0.532,https://www.zappos.com/dp/9485991,zappos.com,False
NARS Blush Orgasm,Beauty,528.9,559.33,0.9456,0.0544,0.7549,0.3747,https://www.costco.com/dp/6362716,costco.com,False
Atomic Habits,Books,5.01,52.65,0.0952,0.9048,0.1391,0.8862,https://buylow-online.icu/product/74027,buylow-online.icu,True
Hot Wheels Ultimate Garage,Toys,212.9,240.18,0.8864,0.1136,0.7069,0.2631,https://www.chewy.com/dp/1333139,chewy.com,False
TRX Suspension Trainer,Sports,1587.82,1820.48,0.8722,0.1278,0.6299,0.84,https://www.adorama.com/dp/8981512,adorama.com,False
Ray-Ban Aviator Sunglasses,Clothing,220.51,311.11,0.7088,0.2912,0.8591,0.5093,https://www.amazon.com/dp/7600047,amazon.com,False
Garmin DriveSmart 65 GPS,Automotive,747.21,978.53,0.7636,0.2364,0.9162,0.3692,https://www.bestbuy.com/dp/3154051,bestbuy.com,False
LEGO Technic Bugatti,Toys,29.11,32.62,0.8924,0.1075,0.8467,0.3256,https://www.bestbuy.com/dp/7865417,bestbuy.com,False
Instant Pot Duo 7-in-1,Home & Garden,65.07,328.3,0.1982,0.8018,0.2086,0.5425,https://shop-fast-now.biz/product/66541,shop-fast-now.biz,True
Nespresso Vertuo Coffee Maker,Home & Garden,660.98,794.54,0.8319,0.1681,0.662,0.4185,https://www.costco.com/dp/1827266,costco.com,False
Clean Code,Books,9.3,52.32,0.1778,0.8223,0.0697,0.9146,https://buylow-online.icu/product/12402,buylow-online.icu,True
Nintendo Switch OLED,Toys,42.08,49.7,0.8467,0.1533,0.6276,0.2374,https://www.macys.com/dp/7970985,macys.com,False
TRX Suspension Trainer,Sports,1984.95,2239.34,0.8864,0.1136,0.9685,0.7556,https://www.amazon.com/dp/1874606,amazon.com,False
"Samsung 4K TV 55""",Electronics,96.79,116.63,0.8299,0.1701,0.8983,0.9936,https://www.walmart.com/dp/3757404,walmart.com,False
Python Crash Course 3rd Ed,Books,29.39,38.67,0.76,0.2401,0.6984,0.8565,https://www.chewy.com/dp/7619156,chewy.com,False
Michelin X-Tour Tires,Automotive,732.49,903.64,0.8106,0.1894,0.8724,0.3122,https://www.target.com/dp/5075122,target.com,False
Dyson V15 Vacuum,Home & Garden,319.37,350.07,0.9123,0.0877,0.6775,0.5506,https://www.costco.com/dp/6413664,costco.com,False
Sony Headphones WH-1000XM5,Electronics,687.46,930.26,0.739,0.261,0.6389,0.907,https://www.chewy.com/dp/6621073,chewy.com,False
Peloton Bike+,Sports,17.05,21.91,0.7782,0.2218,0.7246,0.6817,https://www.newegg.com/dp/3636967,newegg.com,False
Magna-Tiles 100 Piece Set,Toys,85.48,329.13,0.2597,0.7403,0.0445,0.4181,https://topdeal-online.cc/product/6155,topdeal-online.cc,True
Michelin X-Tour Tires,Automotive,354.38,471.56,0.7515,0.2485,0.6196,0.4148,https://www.chewy.com/dp/6142132,chewy.com,False
Dyson V15 Vacuum,Home & Garden,415.25,438.49,0.947,0.053,0.7285,0.4858,https://www.homedepot.com/dp/3753418,homedepot.com,False
Hot Wheels Ultimate Garage,Toys,204.75,320.17,0.6395,0.3605,0.9283,0.2091,https://www.amazon.com/dp/9419427,amazon.com,False
LEGO Technic Bugatti,Toys,16.85,129.91,0.1297,0.8703,0.0755,0.3676,https://savebig-store.pw/product/7898,savebig-store.pw,True
La Mer Moisturizing Cream,Beauty,477.51,514.45,0.9282,0.0718,0.6547,0.4477,https://www.chewy.com/dp/1891328,chewy.com,False
KitchenAid Stand Mixer,Home & Garden,140.92,583.27,0.2416,0.7584,0.28,0.503,https://deal-xpress.top/product/43501,deal-xpress.top,True
Wilson Tennis Racket Pro,Sports,1354.54,1496.56,0.9051,0.0949,0.7265,0.7687,https://www.macys.com/dp/9330861,macys.com,False
NOCO Genius5 Battery Charger,Automotive,686.28,754.48,0.9096,0.0904,0.8302,0.4473,https://www.target.com/dp/8465986,target.com,False
Fenty Beauty Foundation,Beauty,396.04,455.32,0.8698,0.1302,0.6698,0.4816,https://www.macys.com/dp/6557792,macys.com,False
La Mer Moisturizing Cream,Beauty,143.74,171.04,0.8404,0.1596,0.8608,0.4448,https://www.bestbuy.com/dp/9375364,bestbuy.com,False
Apple AirPods Pro,Electronics,2201.75,2599.16,0.8471,0.1529,0.9428,0.8818,https://www.amazon.com/dp/2585719,amazon.com,False
Ray-Ban Aviator Sunglasses,Clothing,347.23,446.66,0.7774,0.2226,0.9807,0.5742,https://www.walmart.com/dp/3295425,walmart.com,False
LEGO Technic Bugatti,Toys,98.54,383.57,0.2569,0.7431,0.1001,0.2989,https://bestprice-deals.tk/product/83934,bestprice-deals.tk,True
Atomic Habits,Books,8.14,43.36,0.1877,0.8122,0.1612,0.7666,https://bargain-hunt.gq/product/53602,bargain-hunt.gq,True
NOCO Genius5 Battery Charger,Automotive,638.24,942.89,0.6769,0.3231,0.7232,0.356,https://www.ebay.com/dp/5097093,ebay.com,False
Dyson V15 Vacuum,Home & Garden,34.55,51.48,0.6711,0.3288,0.76,0.4106,https://www.wayfair.com/dp/5340101,wayfair.com,False
Barbie Dreamhouse,Toys,158.96,178.69,0.8896,0.1104,0.8501,0.4799,https://www.target.com/dp/5215799,target.com,False
Instant Pot Duo 7-in-1,Home & Garden,134.1,637.38,0.2104,0.7896,0.1042,0.4823,https://cheapbuy-store.xyz/product/5952,cheapbuy-store.xyz,True
Callaway Golf Driver,Sports,1823.15,2064.02,0.8833,0.1167,0.7028,0.7424,https://www.costco.com/dp/2808009,costco.com,False
Nespresso Vertuo Coffee Maker,Home & Garden,24.33,165.29,0.1472,0.8528,0.2739,0.5126,https://cheapbuy-store.xyz/product/32385,cheapbuy-store.xyz,True
Dyson Airwrap Styler,Beauty,66.17,361.78,0.1829,0.8171,0.28,0.3891,https://topdeal-online.cc/product/41201,topdeal-online.cc,True
Garmin Forerunner 945,Sports,1086.06,1489.39,0.7292,0.2708,0.9137,0.6201,https://www.target.com/dp/9264138,target.com,False
Adidas Ultraboost,Clothing,14.17,219.7,0.0645,0.9355,0.1427,0.6559,https://bargain-hunt.gq/product/19404,bargain-hunt.gq,True
Hot Wheels Ultimate Garage,Toys,67.18,288.58,0.2328,0.7672,0.28,0.5889,https://savebig-store.pw/product/22631,savebig-store.pw,True
Clean Code,Books,15.08,22.56,0.6684,0.3316,0.6614,0.7581,https://www.wayfair.com/dp/4346496,wayfair.com,False
Magna-Tiles 100 Piece Set,Toys,15.93,101.59,0.1568,0.8432,0.1298,0.3436,https://bestprice-deals.tk/product/89239,bestprice-deals.tk,True
Nintendo Switch OLED,Toys,24.34,32.07,0.759,0.2411,0.6674,0.3538,https://www.zappos.com/dp/3937508,zappos.com,False
Garmin Forerunner 945,Sports,279.48,1452.58,0.1924,0.8076,0.17,0.8263,https://flashsale-today.ml/product/21477,flashsale-today.ml,True
Logitech MX Master Mouse,Electronics,141.29,1049.68,0.1346,0.8654,0.1006,0.7602,https://pricedown-shop.cf/product/59579,pricedown-shop.cf,True
Magna-Tiles 100 Piece Set,Toys,233.46,287.19,0.8129,0.1871,0.6499,0.2762,https://www.costco.com/dp/6660327,costco.com,False
Thinkware U1000 Dash Cam,Automotive,22.01,32.14,0.6848,0.3153,0.9079,0.4027,https://www.walmart.com/dp/1330180,walmart.com,False
Python Crash Course 3rd Ed,Books,8.65,36.8,0.2351,0.7649,0.28,0.8471,https://discount-mega.ru/product/69045,discount-mega.ru,True
LEGO Technic Bugatti,Toys,129.81,183.22,0.7085,0.2915,0.811,0.4702,https://www.target.com/dp/7118266,target.com,False
Dyson V15 Vacuum,Home & Garden,119.67,130.09,0.9199,0.0801,0.8581,0.2814,https://www.amazon.com/dp/3000277,amazon.com,False
Patagonia Fleece Jacket,Clothing,166.38,226.7,0.7339,0.2661,0.7682,0.6003,https://www.walmart.com/dp/4759700,walmart.com,False
Designing Data-Intensive Applications,Books,10.17,33.85,0.3004,0.6997,0.053,0.9914,https://pricedown-shop.cf/product/58924,pricedown-shop.cf,True
Michelin X-Tour Tires,Automotive,160.65,407.12,0.3946,0.6054,0.005,0.3907,https://ultra-deals99.net/product/69618,ultra-deals99.net,True
Dell XPS 15 Laptop,Electronics,712.72,1016.87,0.7009,0.2991,0.6184,0.7776,https://www.zappos.com/dp/3305604,zappos.com,False
Hot Wheels Ultimate Garage,Toys,234.04,257.5,0.9089,0.0911,0.6166,0.4347,https://www.newegg.com/dp/2135960,newegg.com,False
Peloton Bike+,Sports,652.24,2206.51,0.2956,0.7044,0.0236,0.6615,https://shop-fast-now.biz/product/20269,shop-fast-now.biz,True
Fenty Beauty Foundation,Beauty,172.48,185.16,0.9315,0.0685,0.7197,0.4659,https://www.bhphotovideo.com/dp/4437489,bhphotovideo.com,False
Logitech MX Master Mouse,Electronics,1524.55,2110.11,0.7225,0.2775,0.7129,0.8307,https://www.bhphotovideo.com/dp/2916606,bhphotovideo.com,False
"Samsung 4K TV 55""",Electronics,973.55,2819.42,0.3453,0.6547,0.0138,0.8553,https://bestprice-deals.tk/product/60200,bestprice-deals.tk,True
Levi's 501 Jeans,Clothing,192.99,242.36,0.7963,0.2037,0.8017,0.553,https://www.walmart.com/dp/7955435,walmart.com,False
KitchenAid Stand Mixer,Home & Garden,7.7,80.57,0.0956,0.9044,0.044,0.3747,https://buylow-online.icu/product/42154,buylow-online.icu,True
"Samsung 4K TV 55""",Electronics,1500.4,1809.89,0.829,0.171,0.654,0.974,https://www.nordstrom.com/dp/6262632,nordstrom.com,False
Garmin Forerunner 945,Sports,609.97,692.91,0.8803,0.1197,0.7656,0.6821,https://www.ebay.com/dp/5351239,ebay.com,False
Dell XPS 15 Laptop,Electronics,944.78,1409.28,0.6704,0.3296,0.7137,0.684,https://www.homedepot.com/dp/7627284,homedepot.com,False
Levi's 501 Jeans,Clothing,161.24,449.51,0.3587,0.6413,0.0231,0.6386,https://savebig-store.pw/product/29225,savebig-store.pw,True
The North Face Parka,Clothing,50.19,480.72,0.1044,0.8956,0.0717,0.5522,https://pricedown-shop.cf/product/6189,pricedown-shop.cf,True
Dyson Airwrap Styler,Beauty,61.8,90.74,0.6811,0.3189,0.9012,0.613,https://www.target.com/dp/7455837,target.com,False
Designing Data-Intensive Applications,Books,16.35,25.65,0.6374,0.3624,0.6966,0.8427,https://www.costco.com/dp/9242223,costco.com,False
Garmin DriveSmart 65 GPS,Automotive,105.6,158.44,0.6665,0.3335,0.7996,0.4314,https://www.bhphotovideo.com/dp/8284413,bhphotovideo.com,False
Nike Air Max Sneakers,Clothing,19.0,26.26,0.7235,0.2766,0.67,0.6112,https://www.chewy.com/dp/7223817,chewy.com,False
"Samsung 4K TV 55""",Electronics,576.92,762.41,0.7567,0.2433,0.7067,0.8843,https://www.costco.com/dp/9809311,costco.com,False
Instant Pot Duo 7-in-1,Home & Garden,76.78,257.31,0.2984,0.7016,0.1283,0.4909,https://bestprice-deals.tk/product/88941,bestprice-deals.tk,True
Wilson Tennis Racket Pro,Sports,105.6,290.68,0.3633,0.6367,0.0633,0.7185,https://savebig-store.pw/product/14181,savebig-store.pw,True
Barbie Dreamhouse,Toys,223.16,284.13,0.7854,0.2146,0.8435,0.2841,https://www.amazon.com/dp/7478034,amazon.com,False
Clean Code,Books,17.19,21.29,0.8074,0.1925,0.7392,0.8799,https://www.zappos.com/dp/8180005,zappos.com,False
Wilson Tennis Racket Pro,Sports,879.56,1323.24,0.6647,0.3353,0.6459,0.7843,https://www.ebay.com/dp/7658817,ebay.com,False
NARS Blush Orgasm,Beauty,272.94,442.15,0.6173,0.3827,0.9109,0.4327,https://www.walmart.com/dp/4995474,walmart.com,False
Designing Data-Intensive Applications,Books,2.96,36.29,0.0816,0.9184,0.28,0.7699,https://savebig-store.pw/product/51274,savebig-store.pw,True
Olaplex Hair Perfector,Beauty,73.55,91.31,0.8055,0.1945,0.638,0.3798,https://www.nordstrom.com/dp/5519937,nordstrom.com,False
Atomic Habits,Books,24.57,26.38,0.9314,0.0686,0.7287,0.7571,https://www.nordstrom.com/dp/5698850,nordstrom.com,False
Patagonia Fleece Jacket,Clothing,440.93,497.49,0.8863,0.1137,0.7561,0.7856,https://www.newegg.com/dp/6915793,newegg.com,False
NARS Blush Orgasm,Beauty,241.4,336.17,0.7181,0.2819,0.7528,0.5179,https://www.bhphotovideo.com/dp/3333188,bhphotovideo.com,False
Atomic Habits,Books,11.08,14.64,0.7568,0.2431,0.6697,0.9169,https://www.adorama.com/dp/6716146,adorama.com,False
Garmin Forerunner 945,Sports,1592.01,1688.24,0.943,0.057,0.651,0.7131,https://www.macys.com/dp/3039067,macys.com,False
KitchenAid Stand Mixer,Home & Garden,328.7,544.03,0.6042,0.3958,0.7482,0.483,https://www.wayfair.com/dp/6323376,wayfair.com,False
Callaway Golf Driver,Sports,597.29,1614.3,0.37,0.63,0.0586,0.6729,https://savebig-store.pw/product/42680,savebig-store.pw,True
The Pragmatic Programmer,Books,24.01,33.19,0.7234,0.2767,0.9531,0.8699,https://www.target.com/dp/5233438,target.com,False
Thinkware U1000 Dash Cam,Automotive,201.02,246.41,0.8158,0.1842,0.9959,0.3717,https://www.bestbuy.com/dp/5959945,bestbuy.com,False
KitchenAid Stand Mixer,Home & Garden,30.19,569.55,0.053,0.947,0.107,0.38,https://bargain-hunt.gq/product/23716,bargain-hunt.gq,True
"iPad Pro 12.9""",Electronics,1023.31,1456.05,0.7028,0.2972,0.8412,0.9956,https://www.walmart.com/dp/6946051,walmart.com,False
TRX Suspension Trainer,Sports,630.66,949.5,0.6642,0.3358,0.7145,0.8964,https://www.newegg.com/dp/7123944,newegg.com,False
Garmin DriveSmart 65 GPS,Automotive,30.57,105.92,0.2886,0.7114,0.2756,0.4283,https://bargain-hunt.gq/product/54412,bargain-hunt.gq,True
Michelin X-Tour Tires,Automotive,438.11,583.29,0.7511,0.2489,0.7327,0.4649,https://www.adorama.com/dp/5363765,adorama.com,False
Garmin Forerunner 945,Sports,14.75,87.81,0.168,0.832,0.18,0.7884,https://bargain-hunt.gq/product/62065,bargain-hunt.gq,True
La Mer Moisturizing Cream,Beauty,192.36,206.24,0.9327,0.0673,0.6875,0.407,https://www.costco.com/dp/8817371,costco.com,False
Dyson V15 Vacuum,Home & Garden,595.91,721.26,0.8262,0.1738,0.8419,0.5766,https://www.amazon.com/dp/2019689,amazon.com,False
Adidas Ultraboost,Clothing,262.52,283.22,0.9269,0.0731,0.6955,0.597,https://www.homedepot.com/dp/2492738,homedepot.com,False
Magna-Tiles 100 Piece Set,Toys,97.06,126.64,0.7664,0.2336,0.7536,0.4643,https://www.zappos.com/dp/6627064,zappos.com,False
Apple AirPods Pro,Electronics,541.84,576.98,0.9391,0.0609,0.9499,0.8155,https://www.walmart.com/dp/9143162,walmart.com,False
Ray-Ban Aviator Sunglasses,Clothing,196.52,238.49,0.824,0.176,0.77,0.674,https://www.bhphotovideo.com/dp/3799805,bhphotovideo.com,False
Bose SoundBar 700,Electronics,266.94,309.78,0.8617,0.1383,0.9793,0.751,https://www.walmart.com/dp/7780932,walmart.com,False
Instant Pot Duo 7-in-1,Home & Garden,127.11,136.01,0.9346,0.0654,0.8963,0.4139,https://www.bestbuy.com/dp/6228902,bestbuy.com,False
Atomic Habits,Books,36.51,42.83,0.8524,0.1476,0.7022,0.7531,https://www.nordstrom.com/dp/4128751,nordstrom.com,False
Bose SoundBar 700,Electronics,1486.23,1721.77,0.8632,0.1368,0.7755,0.8984,https://www.ebay.com/dp/4064939,ebay.com,False
Wilson Tennis Racket Pro,Sports,1669.86,2130.47,0.7838,0.2162,0.734,0.6081,https://www.macys.com/dp/4105895,macys.com,False
Roomba i7+ Robot Vacuum,Home & Garden,155.44,251.69,0.6176,0.3824,0.8309,0.3061,https://www.walmart.com/dp/9821924,walmart.com,False
Barbie Dreamhouse,Toys,207.37,287.78,0.7206,0.2794,0.6365,0.373,https://www.zappos.com/dp/9464296,zappos.com,False
The Pragmatic Programmer,Books,7.74,10.49,0.7378,0.2617,0.6971,0.9661,https://www.homedepot.com/dp/9636401,homedepot.com,False
Apple AirPods Pro,Electronics,1146.66,1827.05,0.6276,0.3724,0.7499,0.6183,https://www.wayfair.com/dp/4706007,wayfair.com,False
NARS Blush Orgasm,Beauty,79.08,253.05,0.3125,0.6875,0.1294,0.49,https://bestprice-deals.tk/product/56256,bestprice-deals.tk,True
Atomic Habits,Books,39.19,51.99,0.7538,0.2462,0.6989,0.8449,https://www.bhphotovideo.com/dp/5203347,bhphotovideo.com,False
Instant Pot Duo 7-in-1,Home & Garden,463.99,587.92,0.7892,0.2108,0.6871,0.5779,https://www.macys.com/dp/9763492,macys.com,False
Clean Code,Books,19.64,21.01,0.9348,0.0654,0.8835,0.8592,https://www.amazon.com/dp/3230397,amazon.com,False
Clean Code,Books,14.84,16.86,0.8802,0.1198,0.6819,0.8104,https://www.chewy.com/dp/9821696,chewy.com,False
Olaplex Hair Perfector,Beauty,114.45,135.72,0.8433,0.1567,0.708,0.677,https://www.ebay.com/dp/8736886,ebay.com,False
Atomic Habits,Books,29.6,35.1,0.8433,0.1566,0.7092,0.8664,https://www.wayfair.com/dp/2990747,wayfair.com,False
Dyson Airwrap Styler,Beauty,90.47,514.06,0.176,0.824,0.1689,0.6147,https://shop-fast-now.biz/product/79606,shop-fast-now.biz,True
NOCO Genius5 Battery Charger,Automotive,273.53,881.51,0.3103,0.6897,0.1177,0.4453,https://savebig-store.pw/product/61357,savebig-store.pw,True
Garmin DriveSmart 65 GPS,Automotive,662.05,766.88,0.8633,0.1367,0.8524,0.3458,https://www.bestbuy.com/dp/9577181,bestbuy.com,False
Barbie Dreamhouse,Toys,69.15,85.4,0.8097,0.1903,0.7096,0.3253,https://www.bhphotovideo.com/dp/5560602,bhphotovideo.com,False
Garmin DriveSmart 65 GPS,Automotive,252.32,812.63,0.3105,0.6895,0.0325,0.4564,https://flashsale-today.ml/product/99601,flashsale-today.ml,True
KitchenAid Stand Mixer,Home & Garden,270.46,325.54,0.8308,0.1692,0.8322,0.3298,https://www.zappos.com/dp/8233471,zappos.com,False
Callaway Golf Driver,Sports,333.07,1879.63,0.1772,0.8228,0.0903,0.6592,https://bargain-hunt.gq/product/82033,bargain-hunt.gq,True
Logitech MX Master Mouse,Electronics,1428.38,2165.85,0.6595,0.3405,0.8294,0.9143,https://www.amazon.com/dp/7934960,amazon.com,False
TRX Suspension Trainer,Sports,169.85,226.32,0.7505,0.2495,0.8737,0.7142,https://www.amazon.com/dp/9116934,amazon.com,False
Nike Air Max Sneakers,Clothing,8.09,53.24,0.152,0.8481,0.122,0.5976,https://discount-mega.ru/product/55026,discount-mega.ru,True
Garmin DriveSmart 65 GPS,Automotive,809.57,874.55,0.9257,0.0743,0.8481,0.4532,https://www.target.com/dp/9867708,target.com,False
Ray-Ban Aviator Sunglasses,Clothing,42.84,67.86,0.6313,0.3687,0.8891,0.6879,https://www.amazon.com/dp/3418526,amazon.com,False
Olaplex Hair Perfector,Beauty,325.81,401.0,0.8125,0.1875,0.6264,0.3901,https://www.wayfair.com/dp/6891056,wayfair.com,False
"iPad Pro 12.9""",Electronics,50.51,525.63,0.0961,0.9039,0.1267,0.8998,https://cheapbuy-store.xyz/product/64368,cheapbuy-store.xyz,True
Roomba i7+ Robot Vacuum,Home & Garden,167.75,204.62,0.8198,0.1802,0.8012,0.4505,https://www.ebay.com/dp/1793880,ebay.com,False
Nespresso Vertuo Coffee Maker,Home & Garden,505.76,535.2,0.945,0.055,0.6864,0.5487,https://www.newegg.com/dp/2336756,newegg.com,False
Nintendo Switch OLED,Toys,22.5,398.95,0.0564,0.9436,0.071,0.215,https://savebig-store.pw/product/48718,savebig-store.pw,True
The North Face Parka,Clothing,178.79,280.24,0.638,0.362,0.7118,0.6617,https://www.zappos.com/dp/3642499,zappos.com,False
Thinkware U1000 Dash Cam,Automotive,769.99,886.57,0.8685,0.1315,0.6933,0.4649,https://www.ebay.com/dp/4247321,ebay.com,False
Barbie Dreamhouse,Toys,74.0,88.86,0.8328,0.1672,0.6411,0.3324,https://www.homedepot.com/dp/7904482,homedepot.com,False
Clean Code,Books,18.4,53.18,0.346,0.654,0.28,0.8306,https://savebig-store.pw/product/53328,savebig-store.pw,True
Dyson V15 Vacuum,Home & Garden,121.19,187.11,0.6477,0.3523,0.6216,0.3306,https://www.costco.com/dp/7601537,costco.com,False
Barbie Dreamhouse,Toys,49.16,205.35,0.2394,0.7606,0.0595,0.4389,https://bestprice-deals.tk/product/71464,bestprice-deals.tk,True
Callaway Golf Driver,Sports,1052.98,1165.06,0.9038,0.0962,0.6865,0.5765,https://www.newegg.com/dp/7716003,newegg.com,False
Patagonia Fleece Jacket,Clothing,301.13,358.53,0.8399,0.1601,0.8987,0.6224,https://www.amazon.com/dp/5554970,amazon.com,False
Instant Pot Duo 7-in-1,Home & Garden,59.24,236.87,0.2501,0.7499,0.2785,0.4333,https://topdeal-online.cc/product/25838,topdeal-online.cc,True
Michelin X-Tour Tires,Automotive,75.11,900.58,0.0834,0.9166,0.0246,0.5337,https://cheapbuy-store.xyz/product/92271,cheapbuy-store.xyz,True
NARS Blush Orgasm,Beauty,325.23,517.06,0.629,0.371,0.9253,0.6191,https://www.bestbuy.com/dp/8395861,bestbuy.com,False
NARS Blush Orgasm,Beauty,67.27,361.64,0.186,0.814,0.28,0.4585,https://shop-fast-now.biz/product/59997,shop-fast-now.biz,True
The Pragmatic Programmer,Books,15.31,16.3,0.9393,0.061,0.9165,0.8349,https://www.target.com/dp/8187497,target.com,False
Nike Air Max Sneakers,Clothing,127.18,438.25,0.2902,0.7098,0.1435,0.5744,https://bestprice-deals.tk/product/32155,bestprice-deals.tk,True
Olaplex Hair Perfector,Beauty,3.77,27.33,0.1379,0.8622,0.0924,0.6037,https://pricedown-shop.cf/product/92693,pricedown-shop.cf,True
Fenty Beauty Foundation,Beauty,120.94,150.93,0.8013,0.1987,0.9297,0.2648,https://www.amazon.com/dp/9357686,amazon.com,False
La Mer Moisturizing Cream,Beauty,366.14,503.21,0.7276,0.2724,0.7191,0.395,https://www.macys.com/dp/9032737,macys.com,False
Garmin DriveSmart 65 GPS,Automotive,259.57,417.59,0.6216,0.3784,0.8713,0.3775,https://www.target.com/dp/7796193,target.com,False
Olaplex Hair Perfector,Beauty,76.53,420.04,0.1822,0.8178,0.0126,0.5148,https://bestprice-deals.tk/product/72335,bestprice-deals.tk,True
Patagonia Fleece Jacket,Clothing,22.03,120.82,0.1823,0.8177,0.0983,0.6405,https://flashsale-today.ml/product/70612,flashsale-today.ml,True
Roomba i7+ Robot Vacuum,Home & Garden,571.0,798.04,0.7155,0.2845,0.9261,0.5016,https://www.bestbuy.com/dp/1194661,bestbuy.com,False
Nike Air Max Sneakers,Clothing,87.41,141.65,0.6171,0.3829,0.7282,0.7309,https://www.newegg.com/dp/6998094,newegg.com,False
Dell XPS 15 Laptop,Electronics,162.59,814.19,0.1997,0.8003,0.28,0.9296,https://ultra-deals99.net/product/76748,ultra-deals99.net,True
Nike Air Max Sneakers,Clothing,93.91,107.47,0.8738,0.1262,1.0,0.5949,https://www.amazon.com/dp/4521873,amazon.com,False
Adidas Ultraboost,Clothing,125.21,165.54,0.7564,0.2436,0.8261,0.7338,https://www.bestbuy.com/dp/4967051,bestbuy.com,False
Patagonia Fleece Jacket,Clothing,313.82,401.31,0.782,0.218,0.7071,0.4619,https://www.bhphotovideo.com/dp/4293355,bhphotovideo.com,False
La Mer Moisturizing Cream,Beauty,79.84,246.73,0.3236,0.6764,0.28,0.4477,https://flashsale-today.ml/product/93584,flashsale-today.ml,True
LEGO Technic Bugatti,Toys,130.12,164.84,0.7894,0.2106,0.9343,0.4979,https://www.walmart.com/dp/5671743,walmart.com,False
Nike Air Max Sneakers,Clothing,55.97,89.33,0.6266,0.3735,0.7298,0.5554,https://www.nordstrom.com/dp/4181650,nordstrom.com,False
Dyson V15 Vacuum,Home & Garden,356.77,433.08,0.8238,0.1762,0.713,0.3777,https://www.adorama.com/dp/9511546,adorama.com,False
Levi's 501 Jeans,Clothing,35.46,142.29,0.2492,0.7508,0.1139,0.6458,https://ultra-deals99.net/product/997,ultra-deals99.net,True
Nespresso Vertuo Coffee Maker,Home & Garden,355.81,463.23,0.7681,0.2319,0.7144,0.4708,https://www.homedepot.com/dp/9350710,homedepot.com,False
LEGO Technic Bugatti,Toys,23.68,271.53,0.0872,0.9128,0.1264,0.3305,https://buylow-online.icu/product/74747,buylow-online.icu,True
The Pragmatic Programmer,Books,14.6,22.45,0.6503,0.3496,0.9421,0.9019,https://www.walmart.com/dp/8050191,walmart.com,False
"iPad Pro 12.9""",Electronics,1933.56,2635.36,0.7337,0.2663,0.7039,0.7811,https://www.wayfair.com/dp/7320310,wayfair.com,False
Garmin Forerunner 945,Sports,466.05,547.91,0.8506,0.1494,0.6793,0.6421,https://www.bhphotovideo.com/dp/8541478,bhphotovideo.com,False
Callaway Golf Driver,Sports,866.97,1092.18,0.7938,0.2062,0.6602,0.734,https://www.wayfair.com/dp/5557932,wayfair.com,False
Nespresso Vertuo Coffee Maker,Home & Garden,119.62,310.61,0.3851,0.6149,0.28,0.5455,https://cheapbuy-store.xyz/product/46947,cheapbuy-store.xyz,True
TRX Suspension Trainer,Sports,592.51,756.62,0.7831,0.2169,0.684,0.5576,https://www.homedepot.com/dp/9868569,homedepot.com,False
NOCO Genius5 Battery Charger,Automotive,856.11,933.19,0.9174,0.0826,0.7633,0.3307,https://www.ebay.com/dp/6416051,ebay.com,False
Wilson Tennis Racket Pro,Sports,823.96,1013.11,0.8133,0.1867,0.9015,0.7413,https://www.target.com/dp/4133330,target.com,False
Michelin X-Tour Tires,Automotive,426.87,640.94,0.666,0.334,0.857,0.3692,https://www.walmart.com/dp/8678589,walmart.com,False
Nintendo Switch OLED,Toys,283.81,392.81,0.7225,0.2775,0.8806,0.3636,https://www.bestbuy.com/dp/9453929,bestbuy.com,False
NARS Blush Orgasm,Beauty,39.84,350.68,0.1136,0.8864,0.1738,0.3702,https://savebig-store.pw/product/31880,savebig-store.pw,True
Michelin X-Tour Tires,Automotive,39.62,41.84,0.9469,0.0531,0.88,0.4215,https://www.amazon.com/dp/7018384,amazon.com,False
Garmin Forerunner 945,Sports,280.41,329.31,0.8515,0.1485,0.7488,0.7001,https://www.homedepot.com/dp/2795827,homedepot.com,False
Ray-Ban Aviator Sunglasses,Clothing,210.68,345.49,0.6098,0.3902,0.7998,0.8488,https://www.newegg.com/dp/6485409,newegg.com,False
Hot Wheels Ultimate Garage,Toys,26.44,165.97,0.1593,0.8407,0.2007,0.3594,https://bestprice-deals.tk/product/4723,bestprice-deals.tk,True
Olaplex Hair Perfector,Beauty,80.72,119.13,0.6776,0.3224,0.5945,0.6071,https://www.nordstrom.com/dp/2047699,nordstrom.com,False
Magna-Tiles 100 Piece Set,Toys,104.52,341.12,0.3064,0.6936,0.0975,0.4286,https://savebig-store.pw/product/20770,savebig-store.pw,True
Roomba i7+ Robot Vacuum,Home & Garden,127.6,460.5,0.2771,0.7229,0.2349,0.4027,https://topdeal-online.cc/product/5139,topdeal-online.cc,True
Designing Data-Intensive Applications,Books,36.53,39.31,0.9293,0.0708,0.8673,0.9022,https://www.amazon.com/dp/6749416,amazon.com,False
Thinkware U1000 Dash Cam,Automotive,38.61,582.37,0.0663,0.9337,0.2486,0.4977,https://discount-mega.ru/product/77462,discount-mega.ru,True
LEGO Technic Bugatti,Toys,198.46,228.06,0.8702,0.1298,0.6899,0.3077,https://www.macys.com/dp/5346217,macys.com,False
Hot Wheels Ultimate Garage,Toys,251.86,395.07,0.6375,0.3625,0.6907,0.3396,https://www.bhphotovideo.com/dp/3402902,bhphotovideo.com,False
Wilson Tennis Racket Pro,Sports,310.77,438.82,0.7082,0.2918,0.733,0.6357,https://www.newegg.com/dp/8800479,newegg.com,False
Dell XPS 15 Laptop,Electronics,452.26,1433.02,0.3156,0.6844,0.1434,0.8634,https://bestprice-deals.tk/product/8764,bestprice-deals.tk,True
Python Crash Course 3rd Ed,Books,8.46,12.99,0.6513,0.3491,0.6918,0.917,https://www.newegg.com/dp/9310719,newegg.com,False
La Mer Moisturizing Cream,Beauty,18.04,20.7,0.8715,0.1285,0.8423,0.591,https://www.target.com/dp/8166143,target.com,False
Magna-Tiles 100 Piece Set,Toys,53.28,74.91,0.7113,0.2887,0.718,0.3903,https://www.macys.com/dp/9724962,macys.com,False
KitchenAid Stand Mixer,Home & Garden,355.97,375.42,0.9482,0.0518,0.925,0.3718,https://www.walmart.com/dp/1318832,walmart.com,False
Dyson Airwrap Styler,Beauty,347.49,464.44,0.7482,0.2518,0.7063,0.6551,https://www.homedepot.com/dp/8696054,homedepot.com,False
La Mer Moisturizing Cream,Beauty,94.26,452.07,0.2085,0.7915,0.1565,0.5109,https://bestprice-deals.tk/product/42564,bestprice-deals.tk,True
Designing Data-Intensive Applications,Books,40.63,54.54,0.745,0.255,0.6618,0.903,https://www.wayfair.com/dp/1069218,wayfair.com,False
Nintendo Switch OLED,Toys,270.98,288.31,0.9399,0.0601,0.6374,0.3791,https://www.zappos.com/dp/2989725,zappos.com,False
Michelin X-Tour Tires,Automotive,433.53,611.03,0.7095,0.2905,0.903,0.4311,https://www.amazon.com/dp/5880999,amazon.com,False
Barbie Dreamhouse,Toys,352.4,381.39,0.924,0.076,1.0,0.3454,https://www.bestbuy.com/dp/7299138,bestbuy.com,False
Canon EOS R6 Camera,Electronics,127.13,1920.35,0.0662,0.9338,0.0077,0.7662,https://shop-fast-now.biz/product/87043,shop-fast-now.biz,True
Dell XPS 15 Laptop,Electronics,483.91,656.06,0.7376,0.2624,0.898,0.7355,https://www.target.com/dp/7572491,target.com,False
La Mer Moisturizing Cream,Beauty,450.74,542.14,0.8314,0.1686,0.9905,0.4826,https://www.amazon.com/dp/8433920,amazon.com,False
NARS Blush Orgasm,Beauty,391.46,459.78,0.8514,0.1486,0.6812,0.3956,https://www.ebay.com/dp/9508283,ebay.com,False
Designing Data-Intensive Applications,Books,44.69,54.27,0.8235,0.1766,0.8138,0.855,https://www.target.com/dp/2166941,target.com,False
Bose SoundBar 700,Electronics,2232.95,2616.84,0.8533,0.1467,0.9343,0.9622,https://www.target.com/dp/7173054,target.com,False
Dyson V15 Vacuum,Home & Garden,251.1,342.71,0.7327,0.2673,0.7453,0.4558,https://www.chewy.com/dp/4922644,chewy.com,False
Ray-Ban Aviator Sunglasses,Clothing,279.2,351.37,0.7946,0.2054,0.6977,0.5661,https://www.wayfair.com/dp/1078278,wayfair.com,False
Designing Data-Intensive Applications,Books,8.06,29.62,0.2721,0.728,0.0156,0.8832,https://pricedown-shop.cf/product/87447,pricedown-shop.cf,True
Levi's 501 Jeans,Clothing,377.75,461.91,0.8178,0.1822,0.8229,0.5494,https://www.walmart.com/dp/5595680,walmart.com,False
Garmin Forerunner 945,Sports,1373.65,2089.83,0.6573,0.3427,0.6501,0.7241,https://www.costco.com/dp/3617171,costco.com,False
Logitech MX Master Mouse,Electronics,2073.96,2853.94,0.7267,0.2733,0.768,0.7453,https://www.macys.com/dp/3012881,macys.com,False
Garmin Forerunner 945,Sports,764.04,835.93,0.914,0.086,1.0,0.6194,https://www.amazon.com/dp/9395962,amazon.com,False
Roomba i7+ Robot Vacuum,Home & Garden,235.45,249.87,0.9423,0.0577,0.6992,0.5425,https://www.macys.com/dp/1132864,macys.com,False
Dyson V15 Vacuum,Home & Garden,92.15,103.45,0.8908,0.1092,0.8576,0.3601,https://www.zappos.com/dp/9217672,zappos.com,False
Nintendo Switch OLED,Toys,53.41,82.27,0.6492,0.3508,0.6566,0.3928,https://www.adorama.com/dp/1536367,adorama.com,False
The Pragmatic Programmer,Books,37.98,48.63,0.781,0.2189,0.9115,0.9859,https://www.walmart.com/dp/5426031,walmart.com,False
Magna-Tiles 100 Piece Set,Toys,187.66,208.67,0.8993,0.1007,0.7492,0.3601,https://www.wayfair.com/dp/4849318,wayfair.com,False
TRX Suspension Trainer,Sports,250.39,305.62,0.8193,0.1807,0.9533,0.7935,https://www.bestbuy.com/dp/9570219,bestbuy.com,False
Nike Air Max Sneakers,Clothing,102.78,160.4,0.6408,0.3592,0.782,0.6594,https://www.newegg.com/dp/4878365,newegg.com,False
Michelin X-Tour Tires,Automotive,21.37,116.59,0.1833,0.8167,0.2231,0.4279,https://buylow-online.icu/product/56093,buylow-online.icu,True
Nespresso Vertuo Coffee Maker,Home & Garden,198.86,232.39,0.8557,0.1443,0.5788,0.5207,https://www.wayfair.com/dp/6756203,wayfair.com,False
Instant Pot Duo 7-in-1,Home & Garden,164.79,260.04,0.6337,0.3663,0.6908,0.4215,https://www.homedepot.com/dp/1527651,homedepot.com,False
Apple AirPods Pro,Electronics,81.7,97.91,0.8344,0.1656,0.7436,0.8759,https://www.wayfair.com/dp/2808703,wayfair.com,False
Dyson V15 Vacuum,Home & Garden,205.43,669.15,0.307,0.693,0.1213,0.4577,https://pricedown-shop.cf/product/7147,pricedown-shop.cf,True
Logitech MX Master Mouse,Electronics,2336.53,2770.7,0.8433,0.1567,0.8085,0.8359,https://www.bhphotovideo.com/dp/7600153,bhphotovideo.com,False
Magna-Tiles 100 Piece Set,Toys,322.75,376.78,0.8566,0.1434,0.7867,0.3219,https://www.walmart.com/dp/9205790,walmart.com,False
Atomic Habits,Books,38.49,58.66,0.6562,0.3438,0.691,1.0,https://www.macys.com/dp/3575047,macys.com,False
The North Face Parka,Clothing,26.86,125.76,0.2136,0.7864,0.0758,0.6417,https://pricedown-shop.cf/product/12119,pricedown-shop.cf,True
Clean Code,Books,23.17,30.6,0.7572,0.2427,0.9574,0.7608,https://www.amazon.com/dp/2471723,amazon.com,False
Adidas Ultraboost,Clothing,74.64,283.05,0.2637,0.7363,0.28,0.6947,https://deal-xpress.top/product/46026,deal-xpress.top,True
Garmin Forerunner 945,Sports,179.94,664.95,0.2706,0.7294,0.2242,0.8943,https://cheapbuy-store.xyz/product/74014,cheapbuy-store.xyz,True
Barbie Dreamhouse,Toys,48.51,140.16,0.3461,0.6539,0.142,0.3833,https://shop-fast-now.biz/product/39754,shop-fast-now.biz,True
Garmin DriveSmart 65 GPS,Automotive,497.31,642.69,0.7738,0.2262,0.5535,0.5642,https://www.nordstrom.com/dp/1547533,nordstrom.com,False
Thinkware U1000 Dash Cam,Automotive,331.58,512.97,0.6464,0.3536,0.6406,0.4248,https://www.newegg.com/dp/9889215,newegg.com,False
Canon EOS R6 Camera,Electronics,1980.07,2464.3,0.8035,0.1965,0.6851,0.9601,https://www.adorama.com/dp/8966231,adorama.com,False
Hot Wheels Ultimate Garage,Toys,31.31,47.81,0.6549,0.3451,0.6149,0.3051,https://www.wayfair.com/dp/9732778,wayfair.com,False
The Pragmatic Programmer,Books,13.43,19.71,0.6814,0.3188,0.8614,0.8954,https://www.target.com/dp/7631385,target.com,False
Clean Code,Books,45.17,59.45,0.7598,0.2402,0.688,0.87,https://www.bhphotovideo.com/dp/3251501,bhphotovideo.com,False
NOCO Genius5 Battery Charger,Automotive,177.76,219.51,0.8098,0.1902,0.8443,0.3495,https://www.walmart.com/dp/4297622,walmart.com,False
Ray-Ban Aviator Sunglasses,Clothing,194.89,273.99,0.7113,0.2887,0.6395,0.6045,https://www.homedepot.com/dp/9141900,homedepot.com,False
Nike Air Max Sneakers,Clothing,290.97,419.03,0.6944,0.3056,0.7329,0.7608,https://www.costco.com/dp/6232651,costco.com,False
"Samsung 4K TV 55""",Electronics,1037.26,1682.22,0.6166,0.3834,0.7017,0.6925,https://www.chewy.com/dp/5822081,chewy.com,False
"Samsung 4K TV 55""",Electronics,29.0,470.8,0.0616,0.9384,0.28,0.7462,https://savebig-store.pw/product/26063,savebig-store.pw,True
Nintendo Switch OLED,Toys,8.19,118.0,0.0694,0.9306,0.1714,0.2748,https://savebig-store.pw/product/41817,savebig-store.pw,True
Canon EOS R6 Camera,Electronics,1989.57,2748.03,0.724,0.276,0.9446,0.8503,https://www.bestbuy.com/dp/9387763,bestbuy.com,False
Clean Code,Books,31.96,42.73,0.748,0.252,0.6633,1.0,https://www.bhphotovideo.com/dp/9094028,bhphotovideo.com,False
Callaway Golf Driver,Sports,1283.55,2094.22,0.6129,0.3871,0.6893,0.7304,https://www.newegg.com/dp/1950471,newegg.com,False
Canon EOS R6 Camera,Electronics,55.86,60.09,0.9296,0.0704,0.7476,0.8922,https://www.newegg.com/dp/3007261,newegg.com,False
Garmin Forerunner 945,Sports,271.67,438.53,0.6195,0.3805,0.7029,0.7357,https://www.macys.com/dp/2500416,macys.com,False
Ray-Ban Aviator Sunglasses,Clothing,276.78,412.43,0.6711,0.3289,0.6385,0.6397,https://www.costco.com/dp/2189907,costco.com,False
Thinkware U1000 Dash Cam,Automotive,37.99,389.24,0.0976,0.9024,0.0793,0.4287,https://shop-fast-now.biz/product/91603,shop-fast-now.biz,True
Bose SoundBar 700,Electronics,124.93,199.38,0.6266,0.3734,0.6987,0.9438,https://www.newegg.com/dp/7626978,newegg.com,False
LEGO Technic Bugatti,Toys,180.39,195.31,0.9236,0.0764,0.7429,0.3372,https://www.nordstrom.com/dp/4785186,nordstrom.com,False
Nintendo Switch OLED,Toys,125.78,168.49,0.7465,0.2535,0.7098,0.393,https://www.nordstrom.com/dp/9945913,nordstrom.com,False
NOCO Genius5 Battery Charger,Automotive,420.14,523.34,0.8028,0.1972,0.6991,0.4404,https://www.ebay.com/dp/1855521,ebay.com,False
Michelin X-Tour Tires,Automotive,27.42,130.7,0.2098,0.7902,0.0852,0.5919,https://bargain-hunt.gq/product/49542,bargain-hunt.gq,True
Dyson V15 Vacuum,Home & Garden,603.27,760.93,0.7928,0.2072,0.8913,0.4512,https://www.bestbuy.com/dp/4554926,bestbuy.com,False
Garmin DriveSmart 65 GPS,Automotive,165.91,204.95,0.8095,0.1905,0.9211,0.5048,https://www.target.com/dp/6892169,target.com,False
Fenty Beauty Foundation,Beauty,77.74,119.02,0.6532,0.3468,0.6982,0.4317,https://www.zappos.com/dp/4888291,zappos.com,False
Wilson Tennis Racket Pro,Sports,70.14,74.17,0.9457,0.0543,0.7676,0.8034,https://www.zappos.com/dp/4035319,zappos.com,False
"iPad Pro 12.9""",Electronics,1049.35,1421.3,0.7383,0.2617,0.8443,0.7109,https://www.amazon.com/dp/2005500,amazon.com,False
Adidas Ultraboost,Clothing,134.22,367.94,0.3648,0.6352,0.032,0.6741,https://discount-mega.ru/product/31426,discount-mega.ru,True
Magna-Tiles 100 Piece Set,Toys,156.37,174.73,0.8949,0.1051,0.9131,0.194,https://www.bestbuy.com/dp/3929930,bestbuy.com,False
Atomic Habits,Books,12.34,49.77,0.2479,0.7521,0.0777,0.837,https://bargain-hunt.gq/product/92244,bargain-hunt.gq,True
Roomba i7+ Robot Vacuum,Home & Garden,280.49,416.09,0.6741,0.3259,0.7068,0.5083,https://www.costco.com/dp/7366035,costco.com,False
Wilson Tennis Racket Pro,Sports,1430.84,1763.86,0.8112,0.1888,0.8983,0.8417,https://www.target.com/dp/6395804,target.com,False
The Pragmatic Programmer,Books,46.08,58.08,0.7934,0.2066,0.7205,0.8807,https://www.newegg.com/dp/1003282,newegg.com,False
Thinkware U1000 Dash Cam,Automotive,270.1,288.75,0.9354,0.0646,0.9161,0.3991,https://www.amazon.com/dp/9331510,amazon.com,False
Peloton Bike+,Sports,880.7,1014.63,0.868,0.132,0.808,0.5976,https://www.target.com/dp/1946973,target.com,False
Roomba i7+ Robot Vacuum,Home & Garden,605.12,685.46,0.8828,0.1172,0.6251,0.5525,https://www.ebay.com/dp/9731393,ebay.com,False
Hot Wheels Ultimate Garage,Toys,88.43,229.26,0.3857,0.6143,0.28,0.3617,https://bargain-hunt.gq/product/68806,bargain-hunt.gq,True
Levi's 501 Jeans,Clothing,293.46,369.37,0.7945,0.2055,0.6375,0.6484,https://www.newegg.com/dp/8423991,newegg.com,False
Atomic Habits,Books,16.63,21.02,0.7912,0.209,0.8252,0.899,https://www.bestbuy.com/dp/1360106,bestbuy.com,False
Wilson Tennis Racket Pro,Sports,11.96,225.32,0.0531,0.9469,0.1245,0.7491,https://savebig-store.pw/product/1390,savebig-store.pw,True
Designing Data-Intensive Applications,Books,27.93,30.34,0.9206,0.0794,0.713,0.8569,https://www.homedepot.com/dp/9395862,homedepot.com,False
Dyson Airwrap Styler,Beauty,20.89,24.95,0.8373,0.1628,0.9148,0.4379,https://www.bestbuy.com/dp/5342831,bestbuy.com,False
Olaplex Hair Perfector,Beauty,36.67,161.54,0.227,0.773,0.1343,0.6139,https://pricedown-shop.cf/product/4584,pricedown-shop.cf,True
TRX Suspension Trainer,Sports,2246.09,2411.0,0.9316,0.0684,0.5991,0.4734,https://www.zappos.com/dp/8278024,zappos.com,False
Peloton Bike+,Sports,20.92,108.52,0.1928,0.8072,0.1116,0.6242,https://pricedown-shop.cf/product/44693,pricedown-shop.cf,True
Bose SoundBar 700,Electronics,2091.83,2771.74,0.7547,0.2453,0.6786,0.8492,https://www.homedepot.com/dp/8443053,homedepot.com,False
Fenty Beauty Foundation,Beauty,99.38,534.3,0.186,0.814,0.28,0.4443,https://bargain-hunt.gq/product/69487,bargain-hunt.gq,True
TRX Suspension Trainer,Sports,570.06,673.91,0.8459,0.1541,0.7246,0.6579,https://www.wayfair.com/dp/7744899,wayfair.com,False
Python Crash Course 3rd Ed,Books,3.35,41.1,0.0815,0.9185,0.0249,0.9268,https://buylow-online.icu/product/43278,buylow-online.icu,True
Atomic Habits,Books,25.82,38.83,0.6649,0.3351,0.6335,0.7258,https://www.wayfair.com/dp/3012883,wayfair.com,False
La Mer Moisturizing Cream,Beauty,529.01,570.24,0.9277,0.0723,0.7108,0.4122,https://www.newegg.com/dp/4159798,newegg.com,False
Designing Data-Intensive Applications,Books,11.67,13.18,0.8854,0.1144,0.9736,0.844,https://www.target.com/dp/6635276,target.com,False
Dyson Airwrap Styler,Beauty,385.47,576.01,0.6692,0.3308,0.7429,0.5443,https://www.ebay.com/dp/9980132,ebay.com,False
Barbie Dreamhouse,Toys,56.22,146.0,0.3851,0.6149,0.1401,0.2824,https://topdeal-online.cc/product/57768,topdeal-online.cc,True
Peloton Bike+,Sports,983.81,1546.63,0.6361,0.3639,0.7789,0.7788,https://www.ebay.com/dp/4966072,ebay.com,False
"iPad Pro 12.9""",Electronics,1910.3,2096.7,0.9111,0.0889,0.7095,0.9301,https://www.bhphotovideo.com/dp/8905261,bhphotovideo.com,False
Atomic Habits,Books,14.47,15.76,0.9181,0.0821,0.6674,0.856,https://www.nordstrom.com/dp/7412776,nordstrom.com,False
Levi's 501 Jeans,Clothing,45.04,220.76,0.204,0.796,0.132,0.5531,https://shop-fast-now.biz/product/77137,shop-fast-now.biz,True
Nike Air Max Sneakers,Clothing,205.51,266.44,0.7713,0.2287,0.6834,0.551,https://www.newegg.com/dp/2585184,newegg.com,False
Fenty Beauty Foundation,Beauty,340.22,417.65,0.8146,0.1854,0.7255,0.6018,https://www.chewy.com/dp/4987424,chewy.com,False
Peloton Bike+,Sports,68.24,94.07,0.7254,0.2746,0.7202,0.6981,https://www.newegg.com/dp/9219319,newegg.com,False
La Mer Moisturizing Cream,Beauty,5.14,28.19,0.1823,0.8175,0.1241,0.5202,https://ultra-deals99.net/product/55660,ultra-deals99.net,True
Canon EOS R6 Camera,Electronics,2230.32,2674.24,0.834,0.166,0.8305,0.7184,https://www.target.com/dp/1826965,target.com,False
Ray-Ban Aviator Sunglasses,Clothing,45.87,66.35,0.6913,0.3086,0.706,0.6412,https://www.nordstrom.com/dp/3182975,nordstrom.com,False
Levi's 501 Jeans,Clothing,47.17,54.58,0.8642,0.1358,0.5924,0.6701,https://www.chewy.com/dp/7752901,chewy.com,False
Instant Pot Duo 7-in-1,Home & Garden,101.03,156.91,0.6439,0.3561,0.7799,0.5142,https://www.costco.com/dp/2305056,costco.com,False
TRX Suspension Trainer,Sports,709.22,1107.29,0.6405,0.3595,0.6758,0.7117,https://www.nordstrom.com/dp/5796850,nordstrom.com,False
TRX Suspension Trainer,Sports,1492.59,1763.04,0.8466,0.1534,0.9269,0.6263,https://www.amazon.com/dp/9327450,amazon.com,False
Python Crash Course 3rd Ed,Books,20.52,22.46,0.9136,0.0863,0.8478,1.0,https://www.amazon.com/dp/8474972,amazon.com,False
Magna-Tiles 100 Piece Set,Toys,36.78,39.43,0.9328,0.0672,0.886,0.2477,https://www.target.com/dp/7074992,target.com,False
The Pragmatic Programmer,Books,25.84,28.74,0.8991,0.1009,0.6497,0.8029,https://www.adorama.com/dp/7913081,adorama.com,False
Dyson Airwrap Styler,Beauty,387.58,576.41,0.6724,0.3276,0.7016,0.5061,https://www.adorama.com/dp/3369793,adorama.com,False
Thinkware U1000 Dash Cam,Automotive,165.25,181.24,0.9118,0.0882,0.6994,0.3103,https://www.adorama.com/dp/7386662,adorama.com,False
Python Crash Course 3rd Ed,Books,9.6,44.42,0.2161,0.7838,0.2508,0.8097,https://buylow-online.icu/product/30185,buylow-online.icu,True
TRX Suspension Trainer,Sports,1515.36,2375.92,0.6378,0.3622,0.6598,0.8311,https://www.nordstrom.com/dp/9909268,nordstrom.com,False
Dyson V15 Vacuum,Home & Garden,213.32,678.93,0.3142,0.6858,0.053,0.2946,https://savebig-store.pw/product/25122,savebig-store.pw,True
Wilson Tennis Racket Pro,Sports,1417.9,1796.18,0.7894,0.2106,0.8449,0.7545,https://www.target.com/dp/1124877,target.com,False
NOCO Genius5 Battery Charger,Automotive,119.03,194.85,0.6109,0.3891,0.7366,0.3935,https://www.macys.com/dp/6986539,macys.com,False
NARS Blush Orgasm,Beauty,237.71,328.55,0.7235,0.2765,0.7193,0.5562,https://www.newegg.com/dp/1609611,newegg.com,False
Wilson Tennis Racket Pro,Sports,30.38,128.51,0.2364,0.7636,0.0403,0.6917,https://bestprice-deals.tk/product/96870,bestprice-deals.tk,True
Python Crash Course 3rd Ed,Books,1.84,14.79,0.1244,0.8759,0.2721,0.9343,https://ultra-deals99.net/product/53015,ultra-deals99.net,True
Peloton Bike+,Sports,422.02,455.11,0.9273,0.0727,0.584,0.7626,https://www.wayfair.com/dp/4975282,wayfair.com,False
Fenty Beauty Foundation,Beauty,19.0,81.03,0.2345,0.7655,0.2025,0.4086,https://topdeal-online.cc/product/28827,topdeal-online.cc,True
The North Face Parka,Clothing,130.74,355.66,0.3676,0.6324,0.1371,0.6957,https://buylow-online.icu/product/90900,buylow-online.icu,True
Python Crash Course 3rd Ed,Books,3.76,16.61,0.2264,0.7736,0.1348,0.8515,https://ultra-deals99.net/product/88625,ultra-deals99.net,True
Dyson Airwrap Styler,Beauty,48.22,55.92,0.8623,0.1377,0.8181,0.3571,https://www.amazon.com/dp/2222751,amazon.com,False
NARS Blush Orgasm,Beauty,349.84,483.94,0.7229,0.2771,0.7067,0.4878,https://www.nordstrom.com/dp/3798082,nordstrom.com,False
Roomba i7+ Robot Vacuum,Home & Garden,16.82,208.64,0.0806,0.9194,0.0127,0.5237,https://buylow-online.icu/product/36529,buylow-online.icu,True
Nike Air Max Sneakers,Clothing,22.22,24.64,0.9018,0.0984,0.7607,0.6113,https://www.homedepot.com/dp/3860721,homedepot.com,False
Clean Code,Books,8.56,29.84,0.2869,0.7132,0.0109,0.8333,https://shop-fast-now.biz/product/18994,shop-fast-now.biz,True
Python Crash Course 3rd Ed,Books,12.38,32.31,0.3832,0.6168,0.2549,0.8585,https://ultra-deals99.net/product/67363,ultra-deals99.net,True
Barbie Dreamhouse,Toys,74.8,115.51,0.6476,0.3524,0.7343,0.1777,https://www.zappos.com/dp/1127128,zappos.com,False
Levi's 501 Jeans,Clothing,89.77,127.92,0.7018,0.2982,0.9642,0.4059,https://www.target.com/dp/2069085,target.com,False
Garmin DriveSmart 65 GPS,Automotive,116.74,470.33,0.2482,0.7518,0.0218,0.4577,https://shop-fast-now.biz/product/73582,shop-fast-now.biz,True
Dyson V15 Vacuum,Home & Garden,412.81,661.55,0.624,0.376,0.7946,0.3793,https://www.costco.com/dp/8106672,costco.com,False
Instant Pot Duo 7-in-1,Home & Garden,629.4,783.42,0.8034,0.1966,0.855,0.5636,https://www.target.com/dp/6030577,target.com,False
Wilson Tennis Racket Pro,Sports,1722.09,2374.32,0.7253,0.2747,0.6497,0.7038,https://www.homedepot.com/dp/3410015,homedepot.com,False
The Pragmatic Programmer,Books,52.26,56.02,0.9329,0.0672,0.6726,0.9074,https://www.newegg.com/dp/3990511,newegg.com,False
Barbie Dreamhouse,Toys,84.69,139.2,0.6084,0.3916,0.7364,0.3542,https://www.macys.com/dp/8329435,macys.com,False
Barbie Dreamhouse,Toys,197.38,232.32,0.8496,0.1504,0.8185,0.4616,https://www.zappos.com/dp/7670331,zappos.com,False
KitchenAid Stand Mixer,Home & Garden,316.33,440.02,0.7189,0.2811,0.8306,0.322,https://www.amazon.com/dp/6835191,amazon.com,False
"iPad Pro 12.9""",Electronics,86.04,135.07,0.637,0.363,0.9731,0.8859,https://www.bestbuy.com/dp/3968018,bestbuy.com,False
Sony Headphones WH-1000XM5,Electronics,1891.85,2063.99,0.9166,0.0834,0.9818,0.9549,https://www.amazon.com/dp/9877176,amazon.com,False
The North Face Parka,Clothing,403.77,491.62,0.8213,0.1787,0.9501,0.5602,https://www.target.com/dp/6756692,target.com,False
Adidas Ultraboost,Clothing,189.79,272.85,0.6956,0.3044,0.6219,0.7203,https://www.nordstrom.com/dp/1197778,nordstrom.com,False
TRX Suspension Trainer,Sports,19.9,30.18,0.6594,0.3407,0.9645,0.7044,https://www.bestbuy.com/dp/5822943,bestbuy.com,False
Atomic Habits,Books,2.7,37.83,0.0714,0.9287,0.1881,0.8676,https://discount-mega.ru/product/80061,discount-mega.ru,True
Designing Data-Intensive Applications,Books,38.21,51.35,0.7441,0.2558,0.5807,0.8603,https://www.homedepot.com/dp/6515543,homedepot.com,False
Dyson V15 Vacuum,Home & Garden,96.78,306.57,0.3157,0.6843,0.0281,0.3641,https://discount-mega.ru/product/53330,discount-mega.ru,True
Python Crash Course 3rd Ed,Books,7.01,30.93,0.2266,0.7733,0.0876,1.0,https://topdeal-online.cc/product/98867,topdeal-online.cc,True
Patagonia Fleece Jacket,Clothing,41.74,429.46,0.0972,0.9028,0.28,0.6346,https://pricedown-shop.cf/product/39827,pricedown-shop.cf,True
Thinkware U1000 Dash Cam,Automotive,149.27,846.69,0.1763,0.8237,0.1291,0.4845,https://bargain-hunt.gq/product/99754,bargain-hunt.gq,True
TRX Suspension Trainer,Sports,1300.09,1806.69,0.7196,0.2804,0.6804,0.6262,https://www.adorama.com/dp/7501017,adorama.com,False
The Pragmatic Programmer,Books,14.93,19.42,0.7688,0.2311,0.9061,0.9435,https://www.target.com/dp/1952520,target.com,False
The North Face Parka,Clothing,48.47,64.23,0.7546,0.2454,0.8664,0.6179,https://www.walmart.com/dp/9921493,walmart.com,False
Hot Wheels Ultimate Garage,Toys,92.06,300.64,0.3062,0.6938,0.1233,0.3796,https://cheapbuy-store.xyz/product/51324,cheapbuy-store.xyz,True
Barbie Dreamhouse,Toys,208.74,263.5,0.7922,0.2078,0.6938,0.3747,https://www.adorama.com/dp/3756096,adorama.com,False
Hot Wheels Ultimate Garage,Toys,48.35,156.28,0.3094,0.6906,0.001,0.3631,https://ultra-deals99.net/product/62544,ultra-deals99.net,True
Bose SoundBar 700,Electronics,2067.25,2895.71,0.7139,0.2861,0.6423,0.7099,https://www.chewy.com/dp/9783147,chewy.com,False
Adidas Ultraboost,Clothing,12.75,72.72,0.1753,0.8247,0.0453,0.5846,https://buylow-online.icu/product/50335,buylow-online.icu,True
Patagonia Fleece Jacket,Clothing,200.59,321.98,0.623,0.377,0.7016,0.7286,https://www.zappos.com/dp/5847725,zappos.com,False
Thinkware U1000 Dash Cam,Automotive,512.05,800.83,0.6394,0.3606,0.8779,0.4089,https://www.walmart.com/dp/2488309,walmart.com,False
NOCO Genius5 Battery Charger,Automotive,144.25,182.76,0.7893,0.2107,0.7082,0.4041,https://www.wayfair.com/dp/1409590,wayfair.com,False
Patagonia Fleece Jacket,Clothing,429.67,470.1,0.914,0.086,0.8734,0.4746,https://www.target.com/dp/1802525,target.com,False
NOCO Genius5 Battery Charger,Automotive,105.14,569.89,0.1845,0.8155,0.215,0.4247,https://buylow-online.icu/product/16984,buylow-online.icu,True
Levi's 501 Jeans,Clothing,207.99,322.36,0.6452,0.3548,0.6502,0.6521,https://www.chewy.com/dp/7067286,chewy.com,False
Magna-Tiles 100 Piece Set,Toys,233.44,261.44,0.8929,0.1071,0.6706,0.3684,https://www.zappos.com/dp/4432133,zappos.com,False
Sony Headphones WH-1000XM5,Electronics,318.81,817.67,0.3899,0.6101,0.2187,0.7413,https://pricedown-shop.cf/product/96682,pricedown-shop.cf,True
Garmin DriveSmart 65 GPS,Automotive,91.99,107.54,0.8554,0.1446,0.6428,0.4656,https://www.homedepot.com/dp/2795982,homedepot.com,False
Nintendo Switch OLED,Toys,77.61,350.85,0.2212,0.7788,0.0992,0.432,https://pricedown-shop.cf/product/54698,pricedown-shop.cf,True
Ray-Ban Aviator Sunglasses,Clothing,332.07,363.39,0.9138,0.0862,0.8987,0.4585,https://www.walmart.com/dp/2181322,walmart.com,False
Canon EOS R6 Camera,Electronics,299.4,983.26,0.3045,0.6955,0.0096,0.84,https://buylow-online.icu/product/71161,buylow-online.icu,True
"iPad Pro 12.9""",Electronics,1077.79,1339.2,0.8048,0.1952,0.7255,0.9324,https://www.zappos.com/dp/9856721,zappos.com,False
Nespresso Vertuo Coffee Maker,Home & Garden,145.37,204.17,0.712,0.288,0.8879,0.4782,https://www.amazon.com/dp/1135267,amazon.com,False
Wilson Tennis Racket Pro,Sports,217.45,1510.06,0.144,0.856,0.0591,0.7651,https://ultra-deals99.net/product/99900,ultra-deals99.net,True
Ray-Ban Aviator Sunglasses,Clothing,92.42,101.39,0.9115,0.0885,0.9108,0.5179,https://www.walmart.com/dp/5728058,walmart.com,False
"iPad Pro 12.9""",Electronics,138.13,530.88,0.2602,0.7398,0.0432,0.9139,https://discount-mega.ru/product/86363,discount-mega.ru,True
Bose SoundBar 700,Electronics,17.74,112.69,0.1574,0.8426,0.0138,0.7784,https://bargain-hunt.gq/product/88149,bargain-hunt.gq,True
Dyson Airwrap Styler,Beauty,483.47,572.22,0.8449,0.1551,0.7892,0.5011,https://www.zappos.com/dp/5322520,zappos.com,False
Peloton Bike+,Sports,668.19,727.0,0.9191,0.0809,0.7395,0.7776,https://www.costco.com/dp/8654730,costco.com,False
Dyson V15 Vacuum,Home & Garden,140.11,189.31,0.7401,0.2599,0.6748,0.438,https://www.costco.com/dp/6007028,costco.com,False
Michelin X-Tour Tires,Automotive,382.18,477.6,0.8002,0.1998,0.7121,0.3079,https://www.wayfair.com/dp/2699161,wayfair.com,False
La Mer Moisturizing Cream,Beauty,329.59,371.2,0.8879,0.1121,0.6556,0.465,https://www.chewy.com/dp/1654924,chewy.com,False
Roomba i7+ Robot Vacuum,Home & Garden,102.01,141.05,0.7232,0.2768,0.8871,0.4722,https://www.amazon.com/dp/3417105,amazon.com,False
The Pragmatic Programmer,Books,28.75,38.28,0.751,0.249,0.7497,1.0,https://www.chewy.com/dp/9585041,chewy.com,False
KitchenAid Stand Mixer,Home & Garden,358.95,460.66,0.7792,0.2208,0.74,0.3207,https://www.homedepot.com/dp/4290000,homedepot.com,False
Wilson Tennis Racket Pro,Sports,528.52,580.47,0.9105,0.0895,0.6137,0.6458,https://www.costco.com/dp/3073922,costco.com,False
The North Face Parka,Clothing,77.12,103.81,0.7429,0.2571,0.9176,0.6856,https://www.bestbuy.com/dp/8493596,bestbuy.com,False
Garmin Forerunner 945,Sports,570.4,942.66,0.6051,0.3949,0.6496,0.543,https://www.nordstrom.com/dp/5113127,nordstrom.com,False
NOCO Genius5 Battery Charger,Automotive,183.75,196.17,0.9367,0.0633,0.8839,0.5661,https://www.amazon.com/dp/4902772,amazon.com,False
Nespresso Vertuo Coffee Maker,Home & Garden,112.95,119.99,0.9413,0.0587,0.6679,0.489,https://www.wayfair.com/dp/4697107,wayfair.com,False
Patagonia Fleece Jacket,Clothing,34.43,40.78,0.8443,0.1556,0.934,0.6954,https://www.amazon.com/dp/2619061,amazon.com,False
Python Crash Course 3rd Ed,Books,17.95,46.4,0.3869,0.6132,0.1242,0.8509,https://bargain-hunt.gq/product/92906,bargain-hunt.gq,True
Olaplex Hair Perfector,Beauty,286.99,347.83,0.8251,0.1749,0.6657,0.4506,https://www.newegg.com/dp/8916404,newegg.com,False
The North Face Parka,Clothing,306.24,422.34,0.7251,0.2749,0.8791,0.6275,https://www.walmart.com/dp/2592385,walmart.com,False
Instant Pot Duo 7-in-1,Home & Garden,88.84,603.55,0.1472,0.8528,0.214,0.4017,https://topdeal-online.cc/product/32103,topdeal-online.cc,True
Nintendo Switch OLED,Toys,198.93,277.6,0.7166,0.2834,0.7571,0.4102,https://www.costco.com/dp/7817881,costco.com,False
Olaplex Hair Perfector,Beauty,201.72,308.39,0.6541,0.3459,0.7313,0.4936,https://www.zappos.com/dp/3172440,zappos.com,False
Patagonia Fleece Jacket,Clothing,286.5,450.76,0.6356,0.3644,0.7475,0.6194,https://www.wayfair.com/dp/2808110,wayfair.com,False
Sony Headphones WH-1000XM5,Electronics,1080.26,1211.73,0.8915,0.1085,0.7259,0.8077,https://www.bhphotovideo.com/dp/3615725,bhphotovideo.com,False
Nespresso Vertuo Coffee Maker,Home & Garden,73.28,317.35,0.2309,0.7691,0.2639,0.3544,https://deal-xpress.top/product/63378,deal-xpress.top,True
TRX Suspension Trainer,Sports,763.47,891.49,0.8564,0.1436,0.6812,0.6746,https://www.homedepot.com/dp/8095573,homedepot.com,False
NOCO Genius5 Battery Charger,Automotive,290.21,393.67,0.7372,0.2628,0.6967,0.3714,https://www.zappos.com/dp/3669613,zappos.com,False
TRX Suspension Trainer,Sports,506.89,783.69,0.6468,0.3532,0.6807,0.5236,https://www.wayfair.com/dp/6308180,wayfair.com,False
Dyson Airwrap Styler,Beauty,109.39,150.97,0.7246,0.2754,0.9689,0.5093,https://www.bestbuy.com/dp/4159672,bestbuy.com,False
LEGO Technic Bugatti,Toys,330.75,388.3,0.8518,0.1482,0.9482,0.4792,https://www.amazon.com/dp/6690033,amazon.com,False
Ray-Ban Aviator Sunglasses,Clothing,257.05,360.72,0.7126,0.2874,0.6444,0.6197,https://www.adorama.com/dp/5903382,adorama.com,False
Canon EOS R6 Camera,Electronics,527.9,863.85,0.6111,0.3889,0.8077,0.7886,https://www.zappos.com/dp/8628891,zappos.com,False
Atomic Habits,Books,39.46,54.78,0.7203,0.2797,0.6332,0.9579,https://www.costco.com/dp/3626153,costco.com,False
Patagonia Fleece Jacket,Clothing,283.72,371.31,0.7641,0.2359,0.6229,0.5871,https://www.newegg.com/dp/5171264,newegg.com,False
Python Crash Course 3rd Ed,Books,18.56,29.08,0.6382,0.3619,0.7915,0.8045,https://www.walmart.com/dp/8827002,walmart.com,False
Thinkware U1000 Dash Cam,Automotive,182.5,629.09,0.2901,0.7099,0.1965,0.3513,https://bestprice-deals.tk/product/19048,bestprice-deals.tk,True
NOCO Genius5 Battery Charger,Automotive,509.88,537.85,0.948,0.052,0.735,0.6252,https://www.ebay.com/dp/6510502,ebay.com,False
The Pragmatic Programmer,Books,15.67,18.51,0.8466,0.1532,0.7279,0.8875,https://www.ebay.com/dp/9633551,ebay.com,False
Roomba i7+ Robot Vacuum,Home & Garden,36.86,157.31,0.2343,0.7657,0.1178,0.4952,https://bestprice-deals.tk/product/81620,bestprice-deals.tk,True
Dyson V15 Vacuum,Home & Garden,672.18,749.37,0.897,0.103,0.8355,0.4174,https://www.amazon.com/dp/1533474,amazon.com,False
Dyson V15 Vacuum,Home & Garden,385.04,423.07,0.9101,0.0899,0.6507,0.4903,https://www.adorama.com/dp/4253164,adorama.com,False
Designing Data-Intensive Applications,Books,3.77,30.31,0.1244,0.8755,0.1647,0.9306,https://cheapbuy-store.xyz/product/47048,cheapbuy-store.xyz,True
Fenty Beauty Foundation,Beauty,49.92,66.22,0.7539,0.2462,0.8638,0.4844,https://www.walmart.com/dp/7078334,walmart.com,False
Ray-Ban Aviator Sunglasses,Clothing,162.05,172.58,0.939,0.061,0.952,0.4988,https://www.target.com/dp/5851168,target.com,False
TRX Suspension Trainer,Sports,530.0,1752.07,0.3025,0.6975,0.1164,0.7046,https://topdeal-online.cc/product/71371,topdeal-online.cc,True
TRX Suspension Trainer,Sports,876.23,1071.18,0.818,0.182,0.9458,0.656,https://www.bestbuy.com/dp/7276479,bestbuy.com,False
Callaway Golf Driver,Sports,805.64,915.08,0.8804,0.1196,0.7296,0.7544,https://www.macys.com/dp/5345732,macys.com,False
LEGO Technic Bugatti,Toys,149.88,164.96,0.9086,0.0914,0.8817,0.3648,https://www.amazon.com/dp/2060950,amazon.com,False
Garmin Forerunner 945,Sports,1502.09,1990.84,0.7545,0.2455,0.6905,0.7737,https://www.macys.com/dp/9818990,macys.com,False
Fenty Beauty Foundation,Beauty,20.5,29.96,0.6842,0.3157,0.7167,0.3006,https://www.zappos.com/dp/3874563,zappos.com,False
Barbie Dreamhouse,Toys,5.19,42.18,0.123,0.8769,0.0429,0.3772,https://savebig-store.pw/product/65164,savebig-store.pw,True
Sony Headphones WH-1000XM5,Electronics,551.1,816.08,0.6753,0.3247,0.932,0.8598,https://www.walmart.com/dp/1805363,walmart.com,False
Python Crash Course 3rd Ed,Books,22.83,29.92,0.763,0.237,0.7225,0.8791,https://www.chewy.com/dp/3378560,chewy.com,False
Ray-Ban Aviator Sunglasses,Clothing,224.46,305.59,0.7345,0.2655,0.8691,0.5747,https://www.walmart.com/dp/4399754,walmart.com,False
Levi's 501 Jeans,Clothing,6.09,55.13,0.1105,0.8895,0.28,0.7316,https://buylow-online.icu/product/36624,buylow-online.icu,True
Wilson Tennis Racket Pro,Sports,936.62,1092.91,0.857,0.143,0.6705,0.6252,https://www.nordstrom.com/dp/9184965,nordstrom.com,False
Magna-Tiles 100 Piece Set,Toys,102.75,126.11,0.8148,0.1852,0.6505,0.3399,https://www.bhphotovideo.com/dp/5692934,bhphotovideo.com,False
Olaplex Hair Perfector,Beauty,325.14,535.39,0.6073,0.3927,0.6552,0.5175,https://www.macys.com/dp/5387112,macys.com,False
Michelin X-Tour Tires,Automotive,328.53,357.14,0.9199,0.0801,0.7781,0.3781,https://www.zappos.com/dp/4151542,zappos.com,False
Thinkware U1000 Dash Cam,Automotive,778.69,839.47,0.9276,0.0724,0.7044,0.4158,https://www.zappos.com/dp/2783941,zappos.com,False
TRX Suspension Trainer,Sports,1057.49,1261.92,0.838,0.162,0.7077,0.6731,https://www.adorama.com/dp/8916759,adorama.com,False
Michelin X-Tour Tires,Automotive,132.9,627.46,0.2118,0.7882,0.1394,0.2732,https://discount-mega.ru/product/30524,discount-mega.ru,True
The Pragmatic Programmer,Books,21.01,34.08,0.6165,0.3836,0.725,0.8573,https://www.costco.com/dp/5937884,costco.com,False
Designing Data-Intensive Applications,Books,31.27,46.77,0.6686,0.3314,0.726,0.8738,https://www.wayfair.com/dp/8140130,wayfair.com,False
"iPad Pro 12.9""",Electronics,2225.1,2979.91,0.7467,0.2533,0.9164,0.9262,https://www.walmart.com/dp/5854480,walmart.com,False
Patagonia Fleece Jacket,Clothing,107.08,119.04,0.8995,0.1005,0.712,0.6586,https://www.macys.com/dp/3067693,macys.com,False
Callaway Golf Driver,Sports,890.73,1259.87,0.707,0.293,0.9182,0.6456,https://www.bestbuy.com/dp/4654144,bestbuy.com,False
Roomba i7+ Robot Vacuum,Home & Garden,37.87,156.7,0.2417,0.7583,0.0756,0.466,https://bestprice-deals.tk/product/28004,bestprice-deals.tk,True
Canon EOS R6 Camera,Electronics,967.68,1162.1,0.8327,0.1673,0.7967,0.8705,https://www.ebay.com/dp/9629731,ebay.com,False
Olaplex Hair Perfector,Beauty,43.91,53.2,0.8254,0.1746,0.6356,0.3882,https://www.costco.com/dp/2680697,costco.com,False
Nintendo Switch OLED,Toys,120.01,160.85,0.7461,0.2539,0.7545,0.313,https://www.homedepot.com/dp/3517835,homedepot.com,False
Thinkware U1000 Dash Cam,Automotive,440.72,566.04,0.7786,0.2214,0.8916,0.4117,https://www.bestbuy.com/dp/4138993,bestbuy.com,False
Roomba i7+ Robot Vacuum,Home & Garden,56.55,629.78,0.0898,0.9102,0.0257,0.4813,https://topdeal-online.cc/product/44649,topdeal-online.cc,True
The North Face Parka,Clothing,38.73,60.72,0.6378,0.3621,0.9355,0.6016,https://www.bestbuy.com/dp/1670225,bestbuy.com,False
NOCO Genius5 Battery Charger,Automotive,50.94,914.6,0.0557,0.9443,0.2206,0.2716,https://shop-fast-now.biz/product/44701,shop-fast-now.biz,True
Patagonia Fleece Jacket,Clothing,358.62,393.74,0.9108,0.0892,0.8326,0.6013,https://www.bestbuy.com/dp/9789075,bestbuy.com,False
"Samsung 4K TV 55""",Electronics,2322.3,2959.1,0.7848,0.2152,0.6326,0.9095,https://www.ebay.com/dp/7859648,ebay.com,False
Magna-Tiles 100 Piece Set,Toys,153.07,204.42,0.7488,0.2512,0.6737,0.3526,https://www.homedepot.com/dp/2125910,homedepot.com,False
"Samsung 4K TV 55""",Electronics,330.2,479.39,0.6888,0.3112,0.6748,0.8435,https://www.ebay.com/dp/6835728,ebay.com,False
NARS Blush Orgasm,Beauty,38.09,426.49,0.0893,0.9107,0.1506,0.4872,https://cheapbuy-store.xyz/product/71926,cheapbuy-store.xyz,True
Clean Code,Books,10.67,15.57,0.6853,0.3148,0.9022,0.7603,https://www.bestbuy.com/dp/9180242,bestbuy.com,False
KitchenAid Stand Mixer,Home & Garden,416.28,632.45,0.6582,0.3418,0.882,0.3918,https://www.walmart.com/dp/3325487,walmart.com,False
"Samsung 4K TV 55""",Electronics,1399.3,2234.23,0.6263,0.3737,0.855,0.9011,https://www.bestbuy.com/dp/3651565,bestbuy.com,False
Garmin Forerunner 945,Sports,843.62,944.18,0.8935,0.1065,0.6261,0.6424,https://www.nordstrom.com/dp/9897858,nordstrom.com,False
Barbie Dreamhouse,Toys,229.58,330.62,0.6944,0.3056,0.7535,0.4518,https://www.newegg.com/dp/7607712,newegg.com,False
Apple AirPods Pro,Electronics,439.7,575.3,0.7643,0.2357,0.7266,0.8789,https://www.wayfair.com/dp/4042807,wayfair.com,False
Clean Code,Books,20.98,22.22,0.9442,0.0557,0.9275,1.0,https://www.target.com/dp/8365634,target.com,False
Barbie Dreamhouse,Toys,16.18,18.1,0.8939,0.1062,0.6431,0.2843,https://www.costco.com/dp/1185458,costco.com,False
Designing Data-Intensive Applications,Books,2.6,38.51,0.0675,0.9324,0.0084,0.945,https://bestprice-deals.tk/product/7748,bestprice-deals.tk,True
Hot Wheels Ultimate Garage,Toys,69.07,239.66,0.2882,0.7118,0.0943,0.4995,https://bargain-hunt.gq/product/16236,bargain-hunt.gq,True
La Mer Moisturizing Cream,Beauty,154.76,235.63,0.6568,0.3432,0.8876,0.5501,https://www.amazon.com/dp/3616054,amazon.com,False
The Pragmatic Programmer,Books,23.83,38.64,0.6167,0.3833,0.7537,0.8179,https://www.adorama.com/dp/2597613,adorama.com,False
Canon EOS R6 Camera,Electronics,1264.83,1616.81,0.7823,0.2177,0.6823,0.8041,https://www.nordstrom.com/dp/2644153,nordstrom.com,False
Callaway Golf Driver,Sports,1222.5,1739.47,0.7028,0.2972,0.9138,0.7662,https://www.walmart.com/dp/7960328,walmart.com,False
Clean Code,Books,36.5,50.89,0.7172,0.2827,0.8734,0.9387,https://www.bestbuy.com/dp/6206200,bestbuy.com,False
Michelin X-Tour Tires,Automotive,586.51,930.82,0.6301,0.3699,0.7661,0.3865,https://www.wayfair.com/dp/4874618,wayfair.com,False
NOCO Genius5 Battery Charger,Automotive,264.77,387.71,0.6829,0.3171,0.7601,0.3674,https://www.wayfair.com/dp/3310140,wayfair.com,False
Instant Pot Duo 7-in-1,Home & Garden,119.41,142.61,0.8373,0.1627,0.9598,0.3281,https://www.target.com/dp/7588425,target.com,False
Callaway Golf Driver,Sports,879.11,1058.28,0.8307,0.1693,0.7323,0.8095,https://www.costco.com/dp/6228407,costco.com,False
Michelin X-Tour Tires,Automotive,653.74,755.33,0.8655,0.1345,0.7404,0.3322,https://www.bhphotovideo.com/dp/1576165,bhphotovideo.com,False
Adidas Ultraboost,Clothing,212.35,234.3,0.9063,0.0937,0.8832,0.6274,https://www.amazon.com/dp/1559414,amazon.com,False
Thinkware U1000 Dash Cam,Automotive,265.21,338.49,0.7835,0.2165,0.8735,0.3539,https://www.bestbuy.com/dp/2038068,bestbuy.com,False
Clean Code,Books,23.46,24.88,0.9429,0.0572,0.7845,1.0,https://www.chewy.com/dp/8043070,chewy.com,False
NARS Blush Orgasm,Beauty,405.69,513.92,0.7894,0.2106,0.8204,0.5352,https://www.target.com/dp/8829893,target.com,False
Hot Wheels Ultimate Garage,Toys,18.38,122.77,0.1497,0.8503,0.28,0.4042,https://ultra-deals99.net/product/15006,ultra-deals99.net,True
Olaplex Hair Perfector,Beauty,82.58,117.7,0.7016,0.2984,0.6521,0.3918,https://www.zappos.com/dp/9175606,zappos.com,False
Ray-Ban Aviator Sunglasses,Clothing,19.07,130.59,0.146,0.854,0.1086,0.5017,https://cheapbuy-store.xyz/product/55564,cheapbuy-store.xyz,True
Magna-Tiles 100 Piece Set,Toys,93.72,152.47,0.6147,0.3853,0.9426,0.2517,https://www.bestbuy.com/dp/6396602,bestbuy.com,False
Michelin X-Tour Tires,Automotive,410.41,667.0,0.6153,0.3847,0.9032,0.242,https://www.bestbuy.com/dp/9368955,bestbuy.com,False
"iPad Pro 12.9""",Electronics,85.38,325.01,0.2627,0.7373,0.0981,0.9098,https://flashsale-today.ml/product/30490,flashsale-today.ml,True
NOCO Genius5 Battery Charger,Automotive,84.05,127.19,0.6608,0.3392,0.8702,0.3761,https://www.target.com/dp/6844222,target.com,False
TRX Suspension Trainer,Sports,269.89,1532.58,0.1761,0.8239,0.1276,0.796,https://savebig-store.pw/product/75529,savebig-store.pw,True
Patagonia Fleece Jacket,Clothing,64.11,73.28,0.8749,0.1251,0.6988,0.4862,https://www.macys.com/dp/4071787,macys.com,False
Dell XPS 15 Laptop,Electronics,1254.35,1777.7,0.7056,0.2944,0.7524,0.889,https://www.bhphotovideo.com/dp/3917871,bhphotovideo.com,False
"Samsung 4K TV 55""",Electronics,586.81,1712.8,0.3426,0.6574,0.0903,0.9421,https://pricedown-shop.cf/product/47270,pricedown-shop.cf,True
Garmin DriveSmart 65 GPS,Automotive,556.87,705.79,0.789,0.211,0.7746,0.3783,https://www.macys.com/dp/1141240,macys.com,False
Barbie Dreamhouse,Toys,18.5,327.36,0.0565,0.9435,0.0176,0.2081,https://pricedown-shop.cf/product/18065,pricedown-shop.cf,True
"iPad Pro 12.9""",Electronics,1087.87,1739.48,0.6254,0.3746,0.9016,0.7119,https://www.bestbuy.com/dp/5795558,bestbuy.com,False
Garmin DriveSmart 65 GPS,Automotive,123.7,469.29,0.2636,0.7364,0.28,0.4378,https://discount-mega.ru/product/99769,discount-mega.ru,True
Thinkware U1000 Dash Cam,Automotive,668.29,848.41,0.7877,0.2123,0.6205,0.3468,https://www.adorama.com/dp/1830765,adorama.com,False
Instant Pot Duo 7-in-1,Home & Garden,148.78,434.66,0.3423,0.6577,0.28,0.4516,https://flashsale-today.ml/product/311,flashsale-today.ml,True
Patagonia Fleece Jacket,Clothing,110.45,126.18,0.8753,0.1247,0.6914,0.7369,https://www.costco.com/dp/6554374,costco.com,False
Designing Data-Intensive Applications,Books,32.14,45.57,0.7053,0.2947,0.907,0.8964,https://www.target.com/dp/3363058,target.com,False
Michelin X-Tour Tires,Automotive,62.55,827.35,0.0756,0.9244,0.125,0.3828,https://ultra-deals99.net/product/32858,ultra-deals99.net,True
Dyson V15 Vacuum,Home & Garden,608.19,660.57,0.9207,0.0793,0.6737,0.3442,https://www.zappos.com/dp/3547452,zappos.com,False
Canon EOS R6 Camera,Electronics,1313.73,2079.01,0.6319,0.3681,0.7974,0.932,https://www.bhphotovideo.com/dp/5191722,bhphotovideo.com,False
Nintendo Switch OLED,Toys,114.12,152.41,0.7488,0.2512,0.9286,0.3818,https://www.bestbuy.com/dp/1288432,bestbuy.com,False
Dell XPS 15 Laptop,Electronics,108.76,150.55,0.7224,0.2776,0.7533,0.9662,https://www.homedepot.com/dp/8457126,homedepot.com,False
"iPad Pro 12.9""",Electronics,2535.23,2805.08,0.9038,0.0962,0.6777,0.6988,https://www.zappos.com/dp/8060918,zappos.com,False
Atomic Habits,Books,13.85,17.58,0.7878,0.2121,0.686,0.8228,https://www.chewy.com/dp/2565160,chewy.com,False
Callaway Golf Driver,Sports,1886.38,2077.74,0.9079,0.0921,0.7594,0.8479,https://www.macys.com/dp/5961248,macys.com,False
Python Crash Course 3rd Ed,Books,32.18,42.9,0.7501,0.2498,0.701,0.8358,https://www.newegg.com/dp/5423643,newegg.com,False
Nespresso Vertuo Coffee Maker,Home & Garden,222.54,315.53,0.7053,0.2947,0.7407,0.4603,https://www.chewy.com/dp/4598598,chewy.com,False
Nintendo Switch OLED,Toys,181.42,207.03,0.8763,0.1237,0.7368,0.3275,https://www.macys.com/dp/7246319,macys.com,False
Logitech MX Master Mouse,Electronics,2101.6,2515.98,0.8353,0.1647,0.9539,0.8469,https://www.walmart.com/dp/5164420,walmart.com,False
Hot Wheels Ultimate Garage,Toys,151.64,212.68,0.713,0.287,0.6914,0.4207,https://www.ebay.com/dp/3917016,ebay.com,False
Ray-Ban Aviator Sunglasses,Clothing,241.89,261.87,0.9237,0.0763,0.6341,0.6016,https://www.homedepot.com/dp/4243587,homedepot.com,False
Magna-Tiles 100 Piece Set,Toys,15.02,196.33,0.0765,0.9235,0.1303,0.4266,https://pricedown-shop.cf/product/38206,pricedown-shop.cf,True
Olaplex Hair Perfector,Beauty,154.77,192.1,0.8057,0.1943,0.7243,0.3441,https://www.homedepot.com/dp/5788268,homedepot.com,False
Garmin DriveSmart 65 GPS,Automotive,56.65,84.65,0.6692,0.3308,0.71,0.4487,https://www.zappos.com/dp/5917143,zappos.com,False
Olaplex Hair Perfector,Beauty,500.4,593.31,0.8434,0.1566,0.6501,0.3597,https://www.nordstrom.com/dp/8346285,nordstrom.com,False
Barbie Dreamhouse,Toys,46.63,71.91,0.6484,0.3515,0.7317,0.319,https://www.chewy.com/dp/8096065,chewy.com,False
Clean Code,Books,1.82,11.23,0.1621,0.8378,0.0247,0.9236,https://flashsale-today.ml/product/56248,flashsale-today.ml,True
Olaplex Hair Perfector,Beauty,256.98,425.81,0.6035,0.3965,0.738,0.3606,https://www.bhphotovideo.com/dp/3600482,bhphotovideo.com,False
"iPad Pro 12.9""",Electronics,1603.82,2626.63,0.6106,0.3894,0.6794,0.9423,https://www.macys.com/dp/6461406,macys.com,False
Sony Headphones WH-1000XM5,Electronics,86.4,127.74,0.6764,0.3236,0.9113,0.8514,https://www.target.com/dp/9962151,target.com,False
Peloton Bike+,Sports,773.96,1155.85,0.6696,0.3304,0.6913,0.6395,https://www.bhphotovideo.com/dp/2476728,bhphotovideo.com,False
Clean Code,Books,14.89,43.54,0.342,0.658,0.28,0.808,https://cheapbuy-store.xyz/product/34314,cheapbuy-store.xyz,True
Garmin DriveSmart 65 GPS,Automotive,796.91,932.71,0.8544,0.1456,0.9796,0.4701,https://www.bestbuy.com/dp/7854309,bestbuy.com,False
Garmin Forerunner 945,Sports,135.23,182.22,0.7421,0.2579,0.7833,0.7811,https://www.bhphotovideo.com/dp/1816653,bhphotovideo.com,False
Atomic Habits,Books,1.77,28.11,0.063,0.9371,0.0517,0.8893,https://discount-mega.ru/product/69490,discount-mega.ru,True
Callaway Golf Driver,Sports,522.08,702.1,0.7436,0.2564,0.5987,0.7149,https://www.nordstrom.com/dp/9801946,nordstrom.com,False
NARS Blush Orgasm,Beauty,118.82,179.95,0.6603,0.3397,0.845,0.6437,https://www.amazon.com/dp/9146459,amazon.com,False
KitchenAid Stand Mixer,Home & Garden,478.89,589.18,0.8128,0.1872,0.7434,0.4102,https://www.homedepot.com/dp/9005008,homedepot.com,False
Atomic Habits,Books,19.89,26.14,0.7609,0.239,0.7113,0.8551,https://www.wayfair.com/dp/2617294,wayfair.com,False
Magna-Tiles 100 Piece Set,Toys,114.57,149.18,0.768,0.232,0.6846,0.1816,https://www.adorama.com/dp/2864986,adorama.com,False
La Mer Moisturizing Cream,Beauty,129.39,166.31,0.778,0.222,0.6577,0.6,https://www.costco.com/dp/6106258,costco.com,False
Ray-Ban Aviator Sunglasses,Clothing,32.06,45.63,0.7026,0.2975,0.7479,0.6902,https://www.chewy.com/dp/5434785,chewy.com,False
Hot Wheels Ultimate Garage,Toys,53.84,85.59,0.629,0.371,0.8037,0.2764,https://www.costco.com/dp/6448586,costco.com,False
Michelin X-Tour Tires,Automotive,269.82,382.51,0.7054,0.2946,0.8971,0.3412,https://www.amazon.com/dp/9810978,amazon.com,False
Instant Pot Duo 7-in-1,Home & Garden,277.73,699.57,0.397,0.603,0.0506,0.5557,https://cheapbuy-store.xyz/product/69998,cheapbuy-store.xyz,True
Dyson Airwrap Styler,Beauty,229.22,285.17,0.8038,0.1962,0.6696,0.6255,https://www.chewy.com/dp/1512046,chewy.com,False
Fenty Beauty Foundation,Beauty,42.13,176.22,0.2391,0.7609,0.1613,0.5108,https://bargain-hunt.gq/product/23738,bargain-hunt.gq,True
Adidas Ultraboost,Clothing,212.21,340.63,0.623,0.377,0.709,0.5782,https://www.adorama.com/dp/9383312,adorama.com,False
Garmin DriveSmart 65 GPS,Automotive,337.35,369.54,0.9129,0.0871,0.7434,0.3051,https://www.costco.com/dp/8997703,costco.com,False
Peloton Bike+,Sports,116.81,1183.46,0.0987,0.9013,0.28,0.6904,https://topdeal-online.cc/product/35195,topdeal-online.cc,True
Atomic Habits,Books,6.84,47.27,0.1447,0.8554,0.1117,0.7342,https://pricedown-shop.cf/product/46841,pricedown-shop.cf,True
Nespresso Vertuo Coffee Maker,Home & Garden,626.64,681.65,0.9193,0.0807,0.6129,0.4063,https://www.chewy.com/dp/8859233,chewy.com,False
KitchenAid Stand Mixer,Home & Garden,88.86,96.73,0.9186,0.0814,0.7009,0.5469,https://www.chewy.com/dp/3949116,chewy.com,False
Garmin DriveSmart 65 GPS,Automotive,127.06,138.36,0.9183,0.0817,0.6777,0.4091,https://www.macys.com/dp/2449847,macys.com,False
"Samsung 4K TV 55""",Electronics,306.34,1750.54,0.175,0.825,0.1115,0.817,https://bestprice-deals.tk/product/49077,bestprice-deals.tk,True
Thinkware U1000 Dash Cam,Automotive,219.78,253.99,0.8653,0.1347,0.6699,0.4375,https://www.ebay.com/dp/4469169,ebay.com,False
Roomba i7+ Robot Vacuum,Home & Garden,393.1,575.29,0.6833,0.3167,0.7429,0.4312,https://www.bhphotovideo.com/dp/2665880,bhphotovideo.com,False
"Samsung 4K TV 55""",Electronics,126.29,743.31,0.1699,0.8301,0.0603,0.6837,https://discount-mega.ru/product/47503,discount-mega.ru,True
Hot Wheels Ultimate Garage,Toys,18.22,171.61,0.1062,0.8938,0.0397,0.1969,https://savebig-store.pw/product/31213,savebig-store.pw,True
Bose SoundBar 700,Electronics,1195.26,1979.57,0.6038,0.3962,0.9476,0.8207,https://www.bestbuy.com/dp/7669032,bestbuy.com,False
KitchenAid Stand Mixer,Home & Garden,638.11,738.72,0.8638,0.1362,0.7342,0.4333,https://www.bhphotovideo.com/dp/2582179,bhphotovideo.com,False
Barbie Dreamhouse,Toys,319.8,391.24,0.8174,0.1826,0.6054,0.3749,https://www.adorama.com/dp/5614818,adorama.com,False
Hot Wheels Ultimate Garage,Toys,243.28,316.94,0.7676,0.2324,0.6912,0.2861,https://www.costco.com/dp/8988681,costco.com,False
Dyson V15 Vacuum,Home & Garden,268.75,335.22,0.8017,0.1983,0.7339,0.439,https://www.chewy.com/dp/8621830,chewy.com,False
Levi's 501 Jeans,Clothing,403.41,496.57,0.8124,0.1876,0.9098,0.5217,https://www.bestbuy.com/dp/4736121,bestbuy.com,False
Wilson Tennis Racket Pro,Sports,554.15,646.54,0.8571,0.1429,0.7348,0.7223,https://www.adorama.com/dp/4845687,adorama.com,False
Designing Data-Intensive Applications,Books,9.89,12.81,0.7721,0.2276,0.665,0.9171,https://www.ebay.com/dp/8746753,ebay.com,False
Designing Data-Intensive Applications,Books,6.04,33.01,0.183,0.8171,0.0092,0.8673,https://bargain-hunt.gq/product/88211,bargain-hunt.gq,True
"iPad Pro 12.9""",Electronics,794.56,2075.66,0.3828,0.6172,0.1898,0.7889,https://discount-mega.ru/product/31935,discount-mega.ru,True
Olaplex Hair Perfector,Beauty,55.54,558.71,0.0994,0.9006,0.2319,0.4838,https://discount-mega.ru/product/88202,discount-mega.ru,True
LEGO Technic Bugatti,Toys,45.7,52.61,0.8687,0.1313,0.9516,0.2312,https://www.walmart.com/dp/6714198,walmart.com,False
NARS Blush Orgasm,Beauty,20.36,32.98,0.6173,0.3826,0.7139,0.4593,https://www.ebay.com/dp/2330152,ebay.com,False
The Pragmatic Programmer,Books,19.78,25.99,0.7611,0.2391,0.8961,0.9273,https://www.bestbuy.com/dp/3530518,bestbuy.com,False
Dell XPS 15 Laptop,Electronics,1116.15,1610.61,0.693,0.307,0.7142,0.8293,https://www.zappos.com/dp/6098672,zappos.com,False
Garmin DriveSmart 65 GPS,Automotive,56.87,61.12,0.9305,0.0696,0.7195,0.3917,https://www.nordstrom.com/dp/1718308,nordstrom.com,False
The Pragmatic Programmer,Books,27.58,39.63,0.6959,0.3041,0.9044,0.8171,https://www.bestbuy.com/dp/6419421,bestbuy.com,False
Python Crash Course 3rd Ed,Books,5.41,20.49,0.264,0.7362,0.1066,1.0,https://shop-fast-now.biz/product/69126,shop-fast-now.biz,True
Designing Data-Intensive Applications,Books,10.71,31.29,0.3423,0.6576,0.0904,0.783,https://pricedown-shop.cf/product/37845,pricedown-shop.cf,True
Adidas Ultraboost,Clothing,56.89,497.69,0.1143,0.8857,0.1032,0.5994,https://discount-mega.ru/product/64395,discount-mega.ru,True
Garmin Forerunner 945,Sports,622.95,913.15,0.6822,0.3178,0.6245,0.6824,https://www.ebay.com/dp/6192421,ebay.com,False
Designing Data-Intensive Applications,Books,26.68,35.56,0.7503,0.2497,0.7554,0.8904,https://www.wayfair.com/dp/3595683,wayfair.com,False
Callaway Golf Driver,Sports,1044.67,1534.02,0.681,0.319,0.7933,0.7379,https://www.bhphotovideo.com/dp/7953166,bhphotovideo.com,False
NOCO Genius5 Battery Charger,Automotive,628.77,826.68,0.7606,0.2394,0.7428,0.5342,https://www.wayfair.com/dp/8623020,wayfair.com,False
LEGO Technic Bugatti,Toys,41.51,182.79,0.2271,0.7729,0.1393,0.4002,https://ultra-deals99.net/product/40832,ultra-deals99.net,True
Designing Data-Intensive Applications,Books,46.58,54.53,0.8542,0.1457,0.7112,0.7443,https://www.newegg.com/dp/8246791,newegg.com,False
LEGO Technic Bugatti,Toys,50.47,176.98,0.2852,0.7148,0.1846,0.247,https://flashsale-today.ml/product/80602,flashsale-today.ml,True
TRX Suspension Trainer,Sports,1020.5,1151.94,0.8859,0.1141,0.7173,0.7394,https://www.newegg.com/dp/4488189,newegg.com,False
Atomic Habits,Books,37.84,58.23,0.6498,0.3501,0.6731,0.9524,https://www.bhphotovideo.com/dp/8364357,bhphotovideo.com,False
Levi's 501 Jeans,Clothing,382.53,467.81,0.8177,0.1823,0.7515,0.573,https://www.homedepot.com/dp/8379650,homedepot.com,False
Python Crash Course 3rd Ed,Books,5.87,25.43,0.2308,0.7692,0.0667,0.9829,https://ultra-deals99.net/product/85480,ultra-deals99.net,True
Atomic Habits,Books,8.58,32.85,0.2612,0.7387,0.0538,0.9027,https://savebig-store.pw/product/10894,savebig-store.pw,True
Peloton Bike+,Sports,328.65,391.81,0.8388,0.1612,0.7076,0.6766,https://www.nordstrom.com/dp/7748185,nordstrom.com,False
TRX Suspension Trainer,Sports,982.32,1438.24,0.683,0.317,0.6875,0.5662,https://www.ebay.com/dp/9909162,ebay.com,False
The North Face Parka,Clothing,69.66,115.9,0.601,0.399,0.8681,0.5575,https://www.bestbuy.com/dp/1451577,bestbuy.com,False
Adidas Ultraboost,Clothing,41.03,43.29,0.9478,0.0522,0.928,0.6865,https://www.bestbuy.com/dp/4882808,bestbuy.com,False
La Mer Moisturizing Cream,Beauty,57.49,207.38,0.2772,0.7228,0.0155,0.486,https://ultra-deals99.net/product/94483,ultra-deals99.net,True
Atomic Habits,Books,20.01,26.87,0.7447,0.2554,0.6842,0.9251,https://www.ebay.com/dp/9396036,ebay.com,False
"iPad Pro 12.9""",Electronics,1165.12,1621.6,0.7185,0.2815,0.9258,1.0,https://www.walmart.com/dp/9488613,walmart.com,False
Garmin DriveSmart 65 GPS,Automotive,233.93,606.67,0.3856,0.6144,0.0946,0.31,https://deal-xpress.top/product/93900,deal-xpress.top,True
Nespresso Vertuo Coffee Maker,Home & Garden,142.77,358.28,0.3985,0.6015,0.1099,0.4272,https://cheapbuy-store.xyz/product/18229,cheapbuy-store.xyz,True
Levi's 501 Jeans,Clothing,306.1,339.89,0.9006,0.0994,0.9697,0.6568,https://www.target.com/dp/9534539,target.com,False
Adidas Ultraboost,Clothing,167.34,277.37,0.6033,0.3967,0.7049,0.7037,https://www.zappos.com/dp/3876606,zappos.com,False
Bose SoundBar 700,Electronics,2355.81,2897.67,0.813,0.187,0.9073,0.7937,https://www.target.com/dp/6136672,target.com,False
Hot Wheels Ultimate Garage,Toys,124.0,168.16,0.7374,0.2626,0.6365,0.3197,https://www.zappos.com/dp/1457506,zappos.com,False
TRX Suspension Trainer,Sports,1287.54,2101.08,0.6128,0.3872,0.6618,0.7701,https://www.ebay.com/dp/3692043,ebay.com,False
Nike Air Max Sneakers,Clothing,42.01,161.95,0.2594,0.7406,0.0563,0.4875,https://bestprice-deals.tk/product/32797,bestprice-deals.tk,True
TRX Suspension Trainer,Sports,1427.53,2323.84,0.6143,0.3857,0.6499,0.6398,https://www.adorama.com/dp/1594402,adorama.com,False
Instant Pot Duo 7-in-1,Home & Garden,410.2,532.52,0.7703,0.2297,0.7178,0.3053,https://www.wayfair.com/dp/5848379,wayfair.com,False
The Pragmatic Programmer,Books,46.28,53.98,0.8574,0.1426,0.7078,0.9819,https://www.zappos.com/dp/7957788,zappos.com,False
Instant Pot Duo 7-in-1,Home & Garden,224.3,562.57,0.3987,0.6013,0.0863,0.4133,https://discount-mega.ru/product/75368,discount-mega.ru,True
NARS Blush Orgasm,Beauty,11.96,41.27,0.2898,0.7103,0.007,0.5521,https://shop-fast-now.biz/product/42011,shop-fast-now.biz,True
Instant Pot Duo 7-in-1,Home & Garden,223.94,242.57,0.9232,0.0768,0.753,0.4056,https://www.chewy.com/dp/8414351,chewy.com,False
Bose SoundBar 700,Electronics,565.64,601.74,0.94,0.06,0.796,0.7522,https://www.homedepot.com/dp/9906779,homedepot.com,False
Barbie Dreamhouse,Toys,113.87,140.51,0.8104,0.1896,0.6696,0.3974,https://www.macys.com/dp/9890863,macys.com,False
Michelin X-Tour Tires,Automotive,240.43,307.06,0.783,0.217,0.9151,0.414,https://www.bestbuy.com/dp/4077793,bestbuy.com,False
Apple AirPods Pro,Electronics,392.12,413.54,0.9482,0.0518,0.7498,0.7895,https://www.wayfair.com/dp/7611593,wayfair.com,False
The North Face Parka,Clothing,68.91,98.42,0.7002,0.2998,0.9316,0.5621,https://www.walmart.com/dp/7045114,walmart.com,False
Dyson V15 Vacuum,Home & Garden,217.92,633.49,0.344,0.656,0.1126,0.5255,https://cheapbuy-store.xyz/product/91888,cheapbuy-store.xyz,True
Dyson V15 Vacuum,Home & Garden,35.85,39.75,0.9019,0.098,0.8876,0.3954,https://www.amazon.com/dp/3748655,amazon.com,False
Garmin DriveSmart 65 GPS,Automotive,412.67,642.79,0.642,0.358,0.9783,0.3947,https://www.walmart.com/dp/7758714,walmart.com,False
Peloton Bike+,Sports,425.46,1313.96,0.3238,0.6762,0.0693,0.7375,https://pricedown-shop.cf/product/91717,pricedown-shop.cf,True
"iPad Pro 12.9""",Electronics,506.63,2452.25,0.2066,0.7934,0.0872,0.8521,https://topdeal-online.cc/product/64716,topdeal-online.cc,True
Adidas Ultraboost,Clothing,278.03,330.24,0.8419,0.1581,0.6764,0.6186,https://www.bhphotovideo.com/dp/1559763,bhphotovideo.com,False
Wilson Tennis Racket Pro,Sports,452.23,1709.1,0.2646,0.7354,0.1411,0.7089,https://shop-fast-now.biz/product/74696,shop-fast-now.biz,True
Nespresso Vertuo Coffee Maker,Home & Garden,170.02,485.08,0.3505,0.6495,0.1454,0.4459,https://pricedown-shop.cf/product/78474,pricedown-shop.cf,True
NOCO Genius5 Battery Charger,Automotive,206.43,264.49,0.7805,0.2195,0.6503,0.4109,https://www.ebay.com/dp/8702071,ebay.com,False
Atomic Habits,Books,11.6,15.07,0.7697,0.2301,0.756,0.9226,https://www.adorama.com/dp/1659190,adorama.com,False
Clean Code,Books,4.72,30.57,0.1544,0.8455,0.28,0.8523,https://cheapbuy-store.xyz/product/15568,cheapbuy-store.xyz,True
Dyson Airwrap Styler,Beauty,149.29,221.44,0.6742,0.3258,0.6756,0.5859,https://www.zappos.com/dp/8729984,zappos.com,False
Hot Wheels Ultimate Garage,Toys,190.23,267.63,0.7108,0.2892,0.8313,0.3916,https://www.walmart.com/dp/7431603,walmart.com,False
Garmin Forerunner 945,Sports,1759.32,1898.07,0.9269,0.0731,0.7951,0.6951,https://www.chewy.com/dp/8369982,chewy.com,False
Levi's 501 Jeans,Clothing,122.97,161.19,0.7629,0.2371,0.7384,0.6172,https://www.newegg.com/dp/3826178,newegg.com,False
Ray-Ban Aviator Sunglasses,Clothing,350.55,407.47,0.8603,0.1397,0.7295,0.3879,https://www.zappos.com/dp/7915713,zappos.com,False
Olaplex Hair Perfector,Beauty,169.96,264.0,0.6438,0.3562,0.7863,0.468,https://www.macys.com/dp/9888846,macys.com,False
Sony Headphones WH-1000XM5,Electronics,1773.5,2150.74,0.8246,0.1754,0.9511,0.9235,https://www.walmart.com/dp/2191407,walmart.com,False
KitchenAid Stand Mixer,Home & Garden,147.76,193.84,0.7623,0.2377,0.7322,0.5243,https://www.chewy.com/dp/5721396,chewy.com,False
Magna-Tiles 100 Piece Set,Toys,43.45,48.7,0.8922,0.1078,0.7486,0.3489,https://www.ebay.com/dp/6538859,ebay.com,False
Nintendo Switch OLED,Toys,44.57,111.82,0.3986,0.6014,0.0735,0.3408,https://cheapbuy-store.xyz/product/24014,cheapbuy-store.xyz,True
Fenty Beauty Foundation,Beauty,181.6,281.86,0.6443,0.3557,0.8439,0.4266,https://www.bestbuy.com/dp/5373482,bestbuy.com,False
NOCO Genius5 Battery Charger,Automotive,467.86,601.9,0.7773,0.2227,0.684,0.4339,https://www.nordstrom.com/dp/4278644,nordstrom.com,False
Nespresso Vertuo Coffee Maker,Home & Garden,229.02,359.98,0.6362,0.3638,0.6949,0.3826,https://www.chewy.com/dp/3548252,chewy.com,False
Logitech MX Master Mouse,Electronics,2448.18,2630.75,0.9306,0.0694,0.7209,0.8676,https://www.chewy.com/dp/4408831,chewy.com,False
Hot Wheels Ultimate Garage,Toys,275.92,305.19,0.9041,0.0959,0.9187,0.4664,https://www.target.com/dp/4635470,target.com,False
Dyson Airwrap Styler,Beauty,164.91,248.4,0.6639,0.3361,0.6935,0.5464,https://www.nordstrom.com/dp/9893395,nordstrom.com,False
Canon EOS R6 Camera,Electronics,150.73,450.35,0.3347,0.6653,0.1549,0.7165,https://cheapbuy-store.xyz/product/54590,cheapbuy-store.xyz,True
Canon EOS R6 Camera,Electronics,1960.01,2420.06,0.8099,0.1901,0.6937,0.9178,https://www.zappos.com/dp/2678829,zappos.com,False
Peloton Bike+,Sports,2013.42,2448.22,0.8224,0.1776,0.7196,0.7363,https://www.nordstrom.com/dp/4834939,nordstrom.com,False
Wilson Tennis Racket Pro,Sports,192.09,1459.67,0.1316,0.8684,0.061,0.7606,https://flashsale-today.ml/product/80802,flashsale-today.ml,True
Thinkware U1000 Dash Cam,Automotive,40.0,60.81,0.6578,0.3422,0.757,0.369,https://www.newegg.com/dp/3612283,newegg.com,False
Python Crash Course 3rd Ed,Books,19.63,29.13,0.6739,0.326,0.8767,0.7724,https://www.target.com/dp/4857587,target.com,False
The North Face Parka,Clothing,63.07,262.34,0.2404,0.7596,0.1155,0.6566,https://topdeal-online.cc/product/48639,topdeal-online.cc,True
Barbie Dreamhouse,Toys,94.06,114.94,0.8183,0.1817,0.5877,0.3656,https://www.homedepot.com/dp/1765283,homedepot.com,False
The Pragmatic Programmer,Books,28.38,40.16,0.7067,0.2934,0.6439,0.9306,https://www.bhphotovideo.com/dp/6271120,bhphotovideo.com,False
Garmin DriveSmart 65 GPS,Automotive,669.35,826.56,0.8098,0.1902,0.8763,0.3477,https://www.walmart.com/dp/1899411,walmart.com,False
Olaplex Hair Perfector,Beauty,51.55,369.01,0.1397,0.8603,0.28,0.4799,https://pricedown-shop.cf/product/83837,pricedown-shop.cf,True
Nintendo Switch OLED,Toys,188.28,282.54,0.6664,0.3336,0.6794,0.2909,https://www.costco.com/dp/9537520,costco.com,False
Clean Code,Books,10.66,13.57,0.7856,0.2146,1.0,0.8146,https://www.target.com/dp/5195637,target.com,False
Garmin Forerunner 945,Sports,1772.67,2238.79,0.7918,0.2082,0.896,0.6334,https://www.target.com/dp/7642099,target.com,False
Patagonia Fleece Jacket,Clothing,86.88,110.89,0.7835,0.2165,0.7127,0.6656,https://www.macys.com/dp/8841710,macys.com,False
Garmin DriveSmart 65 GPS,Automotive,371.07,548.51,0.6765,0.3235,0.6472,0.4101,https://www.costco.com/dp/2225651,costco.com,False
NOCO Genius5 Battery Charger,Automotive,235.23,293.93,0.8003,0.1997,0.7421,0.3705,https://www.macys.com/dp/4838024,macys.com,False
Garmin DriveSmart 65 GPS,Automotive,401.36,508.56,0.7892,0.2108,0.7585,0.4107,https://www.zappos.com/dp/3954644,zappos.com,False
La Mer Moisturizing Cream,Beauty,154.15,190.52,0.8091,0.1909,0.7534,0.5483,https://www.wayfair.com/dp/5629265,wayfair.com,False
Olaplex Hair Perfector,Beauty,223.65,580.3,0.3854,0.6146,0.2308,0.4216,https://pricedown-shop.cf/product/3153,pricedown-shop.cf,True
Python Crash Course 3rd Ed,Books,27.73,42.69,0.6496,0.3504,0.7014,0.9024,https://www.nordstrom.com/dp/1531577,nordstrom.com,False
Nintendo Switch OLED,Toys,134.95,155.79,0.8662,0.1338,0.6773,0.4881,https://www.zappos.com/dp/9233723,zappos.com,False
Levi's 501 Jeans,Clothing,70.62,115.46,0.6116,0.3884,0.6877,0.5325,https://www.adorama.com/dp/1360516,adorama.com,False
Garmin DriveSmart 65 GPS,Automotive,59.61,468.64,0.1272,0.8728,0.1704,0.5035,https://pricedown-shop.cf/product/47270,pricedown-shop.cf,True
Levi's 501 Jeans,Clothing,268.95,433.02,0.6211,0.3789,0.8858,0.5915,https://www.walmart.com/dp/7563570,walmart.com,False
Atomic Habits,Books,16.87,21.71,0.7771,0.2228,0.7125,0.9836,https://www.costco.com/dp/1617335,costco.com,False
Apple AirPods Pro,Electronics,1425.1,1640.12,0.8689,0.1311,0.7808,0.9096,https://www.bestbuy.com/dp/5034633,bestbuy.com,False
Dyson V15 Vacuum,Home & Garden,73.01,260.92,0.2798,0.7202,0.28,0.5127,https://deal-xpress.top/product/24347,deal-xpress.top,True
NOCO Genius5 Battery Charger,Automotive,559.0,792.69,0.7052,0.2948,0.7499,0.3771,https://www.wayfair.com/dp/5618750,wayfair.com,False
Adidas Ultraboost,Clothing,19.21,27.54,0.6975,0.3025,0.7278,0.6072,https://www.bhphotovideo.com/dp/8327199,bhphotovideo.com,False
Python Crash Course 3rd Ed,Books,26.9,32.49,0.8279,0.172,0.7125,1.0,https://www.zappos.com/dp/2459332,zappos.com,False
LEGO Technic Bugatti,Toys,100.84,267.68,0.3767,0.6233,0.0494,0.3883,https://savebig-store.pw/product/96806,savebig-store.pw,True
Python Crash Course 3rd Ed,Books,10.92,13.17,0.8292,0.1708,0.7641,0.9446,https://www.bhphotovideo.com/dp/9412936,bhphotovideo.com,False
Bose SoundBar 700,Electronics,2358.04,2505.89,0.941,0.059,0.8722,0.8396,https://www.target.com/dp/5728448,target.com,False
Nike Air Max Sneakers,Clothing,23.1,188.56,0.1225,0.8775,0.0247,0.4019,https://discount-mega.ru/product/18450,discount-mega.ru,True
Designing Data-Intensive Applications,Books,43.49,46.2,0.9413,0.0586,0.6697,1.0,https://www.adorama.com/dp/7290752,adorama.com,False
"iPad Pro 12.9""",Electronics,806.59,1100.7,0.7328,0.2672,0.7065,0.8387,https://www.adorama.com/dp/3451490,adorama.com,False
Levi's 501 Jeans,Clothing,329.19,354.16,0.9295,0.0705,0.7354,0.6765,https://www.zappos.com/dp/3674211,zappos.com,False
Peloton Bike+,Sports,1463.58,1796.69,0.8146,0.1854,0.8378,0.6756,https://www.homedepot.com/dp/9880742,homedepot.com,False
Python Crash Course 3rd Ed,Books,39.07,58.42,0.6688,0.3313,0.7663,0.7875,https://www.macys.com/dp/4731953,macys.com,False
Sony Headphones WH-1000XM5,Electronics,1562.62,2308.16,0.677,0.323,0.6936,0.7979,https://www.nordstrom.com/dp/1406129,nordstrom.com,False
Nespresso Vertuo Coffee Maker,Home & Garden,32.5,138.35,0.2349,0.7651,0.2232,0.4031,https://discount-mega.ru/product/25288,discount-mega.ru,True
Levi's 501 Jeans,Clothing,324.16,395.41,0.8198,0.1802,0.7205,0.6533,https://www.ebay.com/dp/9579227,ebay.com,False
Peloton Bike+,Sports,1209.04,1997.76,0.6052,0.3948,0.9185,0.7099,https://www.bestbuy.com/dp/3212102,bestbuy.com,False
Clean Code,Books,8.01,44.02,0.182,0.8181,0.0253,0.9483,https://savebig-store.pw/product/23002,savebig-store.pw,True
Sony Headphones WH-1000XM5,Electronics,323.28,467.23,0.6919,0.3081,0.6145,0.8186,https://www.costco.com/dp/2789056,costco.com,False
KitchenAid Stand Mixer,Home & Garden,431.91,570.03,0.7577,0.2423,0.9332,0.4058,https://www.walmart.com/dp/8347629,walmart.com,False
NOCO Genius5 Battery Charger,Automotive,182.75,275.89,0.6624,0.3376,0.6963,0.4497,https://www.macys.com/dp/9230828,macys.com,False
TRX Suspension Trainer,Sports,803.0,1079.88,0.7436,0.2564,0.7096,0.8914,https://www.bhphotovideo.com/dp/1702543,bhphotovideo.com,False
NOCO Genius5 Battery Charger,Automotive,176.79,916.98,0.1928,0.8072,0.0542,0.4655,https://bestprice-deals.tk/product/27792,bestprice-deals.tk,True
Garmin DriveSmart 65 GPS,Automotive,107.19,998.06,0.1074,0.8926,0.1511,0.5022,https://bargain-hunt.gq/product/81328,bargain-hunt.gq,True
Levi's 501 Jeans,Clothing,440.67,481.08,0.916,0.084,0.7293,0.562,https://www.macys.com/dp/4875838,macys.com,False
Peloton Bike+,Sports,1256.79,1323.22,0.9498,0.0502,0.7191,0.7344,https://www.chewy.com/dp/4380011,chewy.com,False
Callaway Golf Driver,Sports,446.81,560.26,0.7975,0.2025,0.8465,0.7386,https://www.amazon.com/dp/7523941,amazon.com,False
The North Face Parka,Clothing,70.01,434.87,0.161,0.839,0.0761,0.3764,https://bargain-hunt.gq/product/3998,bargain-hunt.gq,True
Peloton Bike+,Sports,627.49,692.06,0.9067,0.0933,0.7558,0.7149,https://www.nordstrom.com/dp/7339384,nordstrom.com,False
"Samsung 4K TV 55""",Electronics,1598.04,2017.73,0.792,0.208,0.7858,0.8422,https://www.macys.com/dp/1302898,macys.com,False
NARS Blush Orgasm,Beauty,70.85,452.98,0.1564,0.8436,0.0077,0.4076,https://cheapbuy-store.xyz/product/67391,cheapbuy-store.xyz,True
Wilson Tennis Racket Pro,Sports,1737.28,2085.07,0.8332,0.1668,0.9589,0.7109,https://www.target.com/dp/5515315,target.com,False
Barbie Dreamhouse,Toys,131.03,166.41,0.7874,0.2126,0.6931,0.3161,https://www.nordstrom.com/dp/6729127,nordstrom.com,False
Python Crash Course 3rd Ed,Books,21.93,36.08,0.6078,0.3923,0.9214,0.9062,https://www.bestbuy.com/dp/4554492,bestbuy.com,False
Garmin Forerunner 945,Sports,234.68,307.01,0.7644,0.2356,0.9335,0.6143,https://www.walmart.com/dp/7071696,walmart.com,False
Canon EOS R6 Camera,Electronics,187.51,248.42,0.7548,0.2452,0.9928,0.8679,https://www.target.com/dp/3988274,target.com,False
Designing Data-Intensive Applications,Books,25.29,40.26,0.6282,0.3718,0.6847,0.9838,https://www.zappos.com/dp/8883813,zappos.com,False
Python Crash Course 3rd Ed,Books,7.82,35.16,0.2224,0.7775,0.1389,0.8384,https://ultra-deals99.net/product/99988,ultra-deals99.net,True
Roomba i7+ Robot Vacuum,Home & Garden,269.85,317.1,0.851,0.149,0.7822,0.4301,https://www.newegg.com/dp/6676858,newegg.com,False
Clean Code,Books,24.21,26.93,0.899,0.101,0.7644,0.888,https://www.target.com/dp/2286876,target.com,False
Designing Data-Intensive Applications,Books,42.61,51.68,0.8245,0.1755,0.916,0.9802,https://www.walmart.com/dp/4715138,walmart.com,False
The North Face Parka,Clothing,75.26,118.59,0.6346,0.3654,0.8111,0.6256,https://www.bestbuy.com/dp/6897756,bestbuy.com,False
"iPad Pro 12.9""",Electronics,2170.68,2910.15,0.7459,0.2541,0.7017,0.8589,https://www.bhphotovideo.com/dp/5152535,bhphotovideo.com,False
TRX Suspension Trainer,Sports,482.71,2499.81,0.1931,0.8069,0.0617,0.6156,https://shop-fast-now.biz/product/4287,shop-fast-now.biz,True
Instant Pot Duo 7-in-1,Home & Garden,121.41,164.8,0.7367,0.2633,0.7579,0.5133,https://www.newegg.com/dp/5040453,newegg.com,False
Apple AirPods Pro,Electronics,2206.0,2780.09,0.7935,0.2065,0.6373,0.8056,https://www.costco.com/dp/1213496,costco.com,False
Canon EOS R6 Camera,Electronics,507.74,2117.35,0.2398,0.7602,0.0551,0.8995,https://deal-xpress.top/product/3016,deal-xpress.top,True
Garmin DriveSmart 65 GPS,Automotive,48.88,236.04,0.2071,0.7929,0.28,0.5343,https://bestprice-deals.tk/product/491,bestprice-deals.tk,True
"iPad Pro 12.9""",Electronics,2085.77,2438.36,0.8554,0.1446,0.6418,0.8214,https://www.chewy.com/dp/9882867,chewy.com,False
Python Crash Course 3rd Ed,Books,12.82,20.16,0.6359,0.364,0.944,0.7853,https://www.walmart.com/dp/1050402,walmart.com,False
Callaway Golf Driver,Sports,1059.45,1525.7,0.6944,0.3056,0.9091,0.6333,https://www.bestbuy.com/dp/4311495,bestbuy.com,False
Canon EOS R6 Camera,Electronics,479.49,1280.01,0.3746,0.6254,0.0335,0.9073,https://bargain-hunt.gq/product/74705,bargain-hunt.gq,True
Patagonia Fleece Jacket,Clothing,242.72,349.18,0.6951,0.3049,0.8011,0.6038,https://www.amazon.com/dp/3481356,amazon.com,False
Atomic Habits,Books,20.39,22.45,0.9082,0.0916,0.8642,0.9897,https://www.walmart.com/dp/5098984,walmart.com,False
Instant Pot Duo 7-in-1,Home & Garden,56.41,585.12,0.0964,0.9036,0.2633,0.294,https://deal-xpress.top/product/18540,deal-xpress.top,True
La Mer Moisturizing Cream,Beauty,537.42,593.97,0.9048,0.0952,0.6641,0.4816,https://www.newegg.com/dp/9023722,newegg.com,False
Bose SoundBar 700,Electronics,1916.75,2659.57,0.7207,0.2793,0.6971,0.8459,https://www.bhphotovideo.com/dp/3391341,bhphotovideo.com,False
NARS Blush Orgasm,Beauty,418.16,584.02,0.716,0.284,0.6921,0.5247,https://www.newegg.com/dp/5507577,newegg.com,False
Apple AirPods Pro,Electronics,1297.57,1643.54,0.7895,0.2105,0.7445,0.8014,https://www.nordstrom.com/dp/1274903,nordstrom.com,False
Adidas Ultraboost,Clothing,53.44,298.22,0.1792,0.8208,0.1013,0.5774,https://cheapbuy-store.xyz/product/49409,cheapbuy-store.xyz,True
Nike Air Max Sneakers,Clothing,25.97,295.5,0.0879,0.9121,0.0646,0.5906,https://flashsale-today.ml/product/90505,flashsale-today.ml,True
Peloton Bike+,Sports,321.26,474.61,0.6769,0.3231,0.7393,0.6552,https://www.zappos.com/dp/4741787,zappos.com,False
Peloton Bike+,Sports,51.58,54.86,0.9402,0.0598,0.8241,0.76,https://www.amazon.com/dp/6655878,amazon.com,False
Python Crash Course 3rd Ed,Books,26.19,29.33,0.8929,0.107,0.6509,0.882,https://www.wayfair.com/dp/4595669,wayfair.com,False
Instant Pot Duo 7-in-1,Home & Garden,157.93,258.47,0.611,0.389,0.7739,0.4085,https://www.wayfair.com/dp/2022698,wayfair.com,False
Garmin DriveSmart 65 GPS,Automotive,321.32,445.54,0.7212,0.2788,0.7553,0.495,https://www.wayfair.com/dp/8284673,wayfair.com,False
Clean Code,Books,20.39,29.33,0.6952,0.3048,0.621,0.8346,https://www.nordstrom.com/dp/9435412,nordstrom.com,False
Ray-Ban Aviator Sunglasses,Clothing,168.98,181.02,0.9335,0.0665,0.7201,0.7057,https://www.ebay.com/dp/7641644,ebay.com,False
Adidas Ultraboost,Clothing,263.89,341.82,0.772,0.228,0.8677,0.5135,https://www.amazon.com/dp/7083379,amazon.com,False
Dyson V15 Vacuum,Home & Garden,47.89,76.33,0.6274,0.3726,0.7048,0.4289,https://www.ebay.com/dp/5209218,ebay.com,False
Garmin Forerunner 945,Sports,2010.27,2292.47,0.8769,0.1231,0.6477,0.6979,https://www.nordstrom.com/dp/6956976,nordstrom.com,False
Dyson Airwrap Styler,Beauty,261.6,368.6,0.7097,0.2903,0.8914,0.5879,https://www.bestbuy.com/dp/6511885,bestbuy.com,False
Roomba i7+ Robot Vacuum,Home & Garden,179.37,684.35,0.2621,0.7379,0.1476,0.451,https://discount-mega.ru/product/77707,discount-mega.ru,True
Fenty Beauty Foundation,Beauty,294.46,452.66,0.6505,0.3495,0.5626,0.46,https://www.newegg.com/dp/1633753,newegg.com,False
Callaway Golf Driver,Sports,1173.25,1602.8,0.732,0.268,0.8669,0.7456,https://www.walmart.com/dp/2859886,walmart.com,False
Instant Pot Duo 7-in-1,Home & Garden,68.23,79.68,0.8563,0.1437,0.891,0.4412,https://www.amazon.com/dp/3053706,amazon.com,False
Garmin Forerunner 945,Sports,1457.56,2021.58,0.721,0.279,0.7253,0.6417,https://www.nordstrom.com/dp/3701920,nordstrom.com,False
Designing Data-Intensive Applications,Books,36.01,56.9,0.6329,0.3671,0.8761,0.7996,https://www.walmart.com/dp/2470022,walmart.com,False
Bose SoundBar 700,Electronics,498.72,1350.81,0.3692,0.6308,0.159,0.9057,https://buylow-online.icu/product/13182,buylow-online.icu,True
KitchenAid Stand Mixer,Home & Garden,221.03,257.67,0.8578,0.1422,0.742,0.4937,https://www.costco.com/dp/8618181,costco.com,False
"Samsung 4K TV 55""",Electronics,433.52,650.44,0.6665,0.3335,0.5991,0.8616,https://www.chewy.com/dp/1087850,chewy.com,False
Olaplex Hair Perfector,Beauty,374.16,466.48,0.8021,0.1979,0.6943,0.5453,https://www.wayfair.com/dp/6889724,wayfair.com,False
The North Face Parka,Clothing,64.68,93.16,0.6943,0.3057,0.8085,0.4861,https://www.ebay.com/dp/3991801,ebay.com,False
KitchenAid Stand Mixer,Home & Garden,630.24,709.33,0.8885,0.1115,0.7361,0.3597,https://www.chewy.com/dp/1609681,chewy.com,False
NARS Blush Orgasm,Beauty,236.59,347.37,0.6811,0.3189,0.7827,0.5498,https://www.bhphotovideo.com/dp/7183513,bhphotovideo.com,False
Olaplex Hair Perfector,Beauty,357.27,447.71,0.798,0.202,0.7111,0.6023,https://www.ebay.com/dp/5734922,ebay.com,False
Nike Air Max Sneakers,Clothing,114.83,392.99,0.2922,0.7078,0.2188,0.6865,https://ultra-deals99.net/product/91523,ultra-deals99.net,True
La Mer Moisturizing Cream,Beauty,40.39,136.91,0.295,0.705,0.1836,0.3816,https://flashsale-today.ml/product/70721,flashsale-today.ml,True
NOCO Genius5 Battery Charger,Automotive,532.59,729.37,0.7302,0.2698,0.9321,0.5063,https://www.bestbuy.com/dp/7907345,bestbuy.com,False
TRX Suspension Trainer,Sports,1242.09,1680.31,0.7392,0.2608,0.6912,0.7066,https://www.costco.com/dp/5092999,costco.com,False
Peloton Bike+,Sports,131.75,973.03,0.1354,0.8646,0.1397,0.5654,https://bargain-hunt.gq/product/73401,bargain-hunt.gq,True
Designing Data-Intensive Applications,Books,30.18,47.55,0.6347,0.3653,0.7171,0.9995,https://www.homedepot.com/dp/8680964,homedepot.com,False
Ray-Ban Aviator Sunglasses,Clothing,45.92,354.33,0.1296,0.8704,0.0174,0.5076,https://savebig-store.pw/product/85559,savebig-store.pw,True
Designing Data-Intensive Applications,Books,21.19,30.01,0.7061,0.2938,0.8919,0.8303,https://www.target.com/dp/1689341,target.com,False
Garmin Forerunner 945,Sports,507.01,1810.1,0.2801,0.7199,0.1631,0.6066,https://savebig-store.pw/product/17421,savebig-store.pw,True
Fenty Beauty Foundation,Beauty,282.51,369.05,0.7655,0.2345,0.8948,0.4009,https://www.walmart.com/dp/5664879,walmart.com,False
Garmin Forerunner 945,Sports,179.36,806.83,0.2223,0.7777,0.1095,0.6302,https://buylow-online.icu/product/27234,buylow-online.icu,True
Designing Data-Intensive Applications,Books,23.38,28.72,0.8141,0.1859,0.6752,0.8077,https://www.zappos.com/dp/4382050,zappos.com,False
Atomic Habits,Books,18.38,24.91,0.7379,0.262,0.6902,0.8166,https://www.zappos.com/dp/9593384,zappos.com,False
TRX Suspension Trainer,Sports,258.83,896.24,0.2888,0.7112,0.0079,0.7256,https://shop-fast-now.biz/product/27609,shop-fast-now.biz,True
Magna-Tiles 100 Piece Set,Toys,37.22,194.98,0.1909,0.8091,0.1328,0.4205,https://bestprice-deals.tk/product/14794,bestprice-deals.tk,True
Fenty Beauty Foundation,Beauty,78.59,198.95,0.395,0.605,0.2264,0.4311,https://flashsale-today.ml/product/13191,flashsale-today.ml,True
KitchenAid Stand Mixer,Home & Garden,482.37,544.5,0.8859,0.1141,0.6404,0.6055,https://www.bhphotovideo.com/dp/1063641,bhphotovideo.com,False
Hot Wheels Ultimate Garage,Toys,91.12,104.36,0.8731,0.1269,0.6891,0.3253,https://www.chewy.com/dp/6690043,chewy.com,False
NOCO Genius5 Battery Charger,Automotive,473.8,773.81,0.6123,0.3877,0.9362,0.4359,https://www.target.com/dp/9496348,target.com,False
LEGO Technic Bugatti,Toys,111.52,306.63,0.3637,0.6363,0.2694,0.3356,https://bargain-hunt.gq/product/56086,bargain-hunt.gq,True
Barbie Dreamhouse,Toys,337.73,379.98,0.8888,0.1112,0.8988,0.4523,https://www.bestbuy.com/dp/3070407,bestbuy.com,False
La Mer Moisturizing Cream,Beauty,76.75,485.44,0.1581,0.8419,0.0545,0.5194,https://savebig-store.pw/product/15898,savebig-store.pw,True
LEGO Technic Bugatti,Toys,155.2,169.32,0.9166,0.0834,0.9297,0.3252,https://www.bestbuy.com/dp/9010350,bestbuy.com,False
Instant Pot Duo 7-in-1,Home & Garden,150.64,595.87,0.2528,0.7472,0.2033,0.4354,https://bargain-hunt.gq/product/75418,bargain-hunt.gq,True
TRX Suspension Trainer,Sports,106.24,1673.03,0.0635,0.9365,0.1716,0.7313,https://shop-fast-now.biz/product/39044,shop-fast-now.biz,True
Logitech MX Master Mouse,Electronics,1812.29,1954.16,0.9274,0.0726,0.7345,0.7953,https://www.macys.com/dp/1367073,macys.com,False
Nike Air Max Sneakers,Clothing,38.9,192.31,0.2023,0.7977,0.1043,0.7953,https://deal-xpress.top/product/59242,deal-xpress.top,True
Garmin DriveSmart 65 GPS,Automotive,211.97,345.62,0.6133,0.3867,0.6706,0.333,https://www.homedepot.com/dp/6111102,homedepot.com,False
Hot Wheels Ultimate Garage,Toys,40.3,58.9,0.6842,0.3158,0.9695,0.3946,https://www.target.com/dp/1036858,target.com,False
The Pragmatic Programmer,Books,37.65,47.54,0.792,0.208,0.7055,0.8499,https://www.bhphotovideo.com/dp/1496011,bhphotovideo.com,False
Callaway Golf Driver,Sports,793.89,836.55,0.949,0.051,0.7085,0.5869,https://www.homedepot.com/dp/2493219,homedepot.com,False
La Mer Moisturizing Cream,Beauty,460.75,522.45,0.8819,0.1181,0.6931,0.5473,https://www.chewy.com/dp/2729774,chewy.com,False
Dyson Airwrap Styler,Beauty,358.85,424.73,0.8449,0.1551,0.6889,0.5055,https://www.newegg.com/dp/7290045,newegg.com,False
Callaway Golf Driver,Sports,1697.13,2477.92,0.6849,0.3151,0.6731,0.6796,https://www.costco.com/dp/1499778,costco.com,False
Nintendo Switch OLED,Toys,36.81,280.1,0.1314,0.8686,0.213,0.3609,https://bargain-hunt.gq/product/99318,bargain-hunt.gq,True
KitchenAid Stand Mixer,Home & Garden,129.32,205.1,0.6305,0.3695,0.7237,0.5066,https://www.homedepot.com/dp/4232187,homedepot.com,False
LEGO Technic Bugatti,Toys,179.7,195.77,0.9179,0.0821,0.9384,0.3499,https://www.amazon.com/dp/8702666,amazon.com,False
Sony Headphones WH-1000XM5,Electronics,1634.53,2043.67,0.7998,0.2002,0.6663,0.9266,https://www.ebay.com/dp/7164406,ebay.com,False
KitchenAid Stand Mixer,Home & Garden,15.2,179.86,0.0845,0.9155,0.229,0.5674,https://shop-fast-now.biz/product/36880,shop-fast-now.biz,True
Barbie Dreamhouse,Toys,160.25,227.76,0.7036,0.2964,0.6788,0.3137,https://www.bhphotovideo.com/dp/4633195,bhphotovideo.com,False
La Mer Moisturizing Cream,Beauty,352.52,379.46,0.929,0.071,0.7435,0.4636,https://www.costco.com/dp/9367241,costco.com,False
Atomic Habits,Books,39.6,48.86,0.8105,0.1895,0.9347,0.9573,https://www.bestbuy.com/dp/5036611,bestbuy.com,False
Hot Wheels Ultimate Garage,Toys,301.98,398.7,0.7574,0.2426,0.6635,0.3673,https://www.costco.com/dp/8612582,costco.com,False
Logitech MX Master Mouse,Electronics,656.95,884.9,0.7424,0.2576,0.8505,0.8472,https://www.amazon.com/dp/9193429,amazon.com,False
Atomic Habits,Books,45.8,56.5,0.8106,0.1893,0.6435,1.0,https://www.ebay.com/dp/1107714,ebay.com,False
NOCO Genius5 Battery Charger,Automotive,840.78,905.13,0.9289,0.0711,0.6302,0.3434,https://www.nordstrom.com/dp/8215793,nordstrom.com,False
Levi's 501 Jeans,Clothing,387.28,436.72,0.8868,0.1132,0.9435,0.671,https://www.bestbuy.com/dp/9535203,bestbuy.com,False
Ray-Ban Aviator Sunglasses,Clothing,141.02,182.01,0.7748,0.2252,0.7542,0.6168,https://www.zappos.com/dp/9968963,zappos.com,False
Apple AirPods Pro,Electronics,261.78,2414.94,0.1084,0.8916,0.0678,0.9453,https://bestprice-deals.tk/product/69474,bestprice-deals.tk,True
Peloton Bike+,Sports,158.07,2369.89,0.0667,0.9333,0.28,0.6112,https://bestprice-deals.tk/product/36852,bestprice-deals.tk,True
Roomba i7+ Robot Vacuum,Home & Garden,466.31,508.91,0.9163,0.0837,0.9303,0.4353,https://www.walmart.com/dp/9723295,walmart.com,False
Instant Pot Duo 7-in-1,Home & Garden,179.89,548.44,0.328,0.672,0.0928,0.4176,https://bestprice-deals.tk/product/53887,bestprice-deals.tk,True
Adidas Ultraboost,Clothing,344.5,453.89,0.759,0.241,0.6904,0.6241,https://www.zappos.com/dp/7194416,zappos.com,False
Wilson Tennis Racket Pro,Sports,610.77,1612.82,0.3787,0.6213,0.28,0.6633,https://ultra-deals99.net/product/91022,ultra-deals99.net,True
Apple AirPods Pro,Electronics,634.25,2913.42,0.2177,0.7823,0.119,0.8599,https://deal-xpress.top/product/11669,deal-xpress.top,True
Adidas Ultraboost,Clothing,116.65,481.44,0.2423,0.7577,0.009,0.7017,https://ultra-deals99.net/product/16272,ultra-deals99.net,True
Wilson Tennis Racket Pro,Sports,1066.84,1616.42,0.66,0.34,0.6954,0.6935,https://www.nordstrom.com/dp/8199144,nordstrom.com,False
Dyson Airwrap Styler,Beauty,191.36,277.49,0.6896,0.3104,0.7162,0.4574,https://www.macys.com/dp/4499464,macys.com,False
Garmin Forerunner 945,Sports,1687.9,2060.43,0.8192,0.1808,0.6033,0.6881,https://www.homedepot.com/dp/6252627,homedepot.com,False
Sony Headphones WH-1000XM5,Electronics,1727.44,2626.89,0.6576,0.3424,0.712,0.9503,https://www.newegg.com/dp/9196133,newegg.com,False
Michelin X-Tour Tires,Automotive,96.6,112.22,0.8608,0.1392,0.9075,0.4078,https://www.target.com/dp/5515111,target.com,False
Clean Code,Books,46.12,59.59,0.774,0.2261,0.8162,0.8577,https://www.chewy.com/dp/6504576,chewy.com,False
Wilson Tennis Racket Pro,Sports,202.56,826.1,0.2452,0.7548,0.1296,0.6435,https://shop-fast-now.biz/product/7520,shop-fast-now.biz,True
Dyson Airwrap Styler,Beauty,228.38,278.96,0.8187,0.1813,0.6775,0.4395,https://www.wayfair.com/dp/5200727,wayfair.com,False
Python Crash Course 3rd Ed,Books,14.84,19.87,0.7469,0.2532,0.6678,0.9742,https://www.costco.com/dp/6991787,costco.com,False
Olaplex Hair Perfector,Beauty,82.86,599.57,0.1382,0.8618,0.0735,0.5801,https://cheapbuy-store.xyz/product/81475,cheapbuy-store.xyz,True
NOCO Genius5 Battery Charger,Automotive,338.48,385.43,0.8782,0.1218,0.6288,0.3787,https://www.macys.com/dp/1581986,macys.com,False
Fenty Beauty Foundation,Beauty,43.01,207.89,0.2069,0.7931,0.2215,0.5449,https://bargain-hunt.gq/product/35332,bargain-hunt.gq,True
Nespresso Vertuo Coffee Maker,Home & Garden,182.46,227.34,0.8026,0.1974,0.6767,0.4379,https://www.macys.com/dp/8459558,macys.com,False
NARS Blush Orgasm,Beauty,42.11,465.8,0.0904,0.9096,0.2029,0.3835,https://buylow-online.icu/product/35231,buylow-online.icu,True
Hot Wheels Ultimate Garage,Toys,214.27,283.43,0.756,0.244,0.913,0.4125,https://www.target.com/dp/8053918,target.com,False
"Samsung 4K TV 55""",Electronics,1232.09,1846.66,0.6672,0.3328,0.7804,0.9163,https://www.adorama.com/dp/9525883,adorama.com,False
Thinkware U1000 Dash Cam,Automotive,539.39,809.65,0.6662,0.3338,0.8784,0.5018,https://www.walmart.com/dp/4577194,walmart.com,False
LEGO Technic Bugatti,Toys,13.27,18.71,0.7092,0.2909,0.6084,0.2659,https://www.macys.com/dp/6517512,macys.com,False
Magna-Tiles 100 Piece Set,Toys,205.33,324.78,0.6322,0.3678,0.6291,0.2091,https://www.zappos.com/dp/2639417,zappos.com,False
Dell XPS 15 Laptop,Electronics,46.98,322.19,0.1458,0.8542,0.0243,0.7997,https://flashsale-today.ml/product/35224,flashsale-today.ml,True
"Samsung 4K TV 55""",Electronics,2004.25,2757.25,0.7269,0.2731,0.6196,0.789,https://www.zappos.com/dp/8244164,zappos.com,False
Callaway Golf Driver,Sports,1105.94,1400.28,0.7898,0.2102,0.6744,0.6359,https://www.costco.com/dp/7188625,costco.com,False
Magna-Tiles 100 Piece Set,Toys,199.63,298.84,0.668,0.332,0.6518,0.2734,https://www.macys.com/dp/4958384,macys.com,False
Dell XPS 15 Laptop,Electronics,378.43,1646.79,0.2298,0.7702,0.0972,0.764,https://pricedown-shop.cf/product/84077,pricedown-shop.cf,True
Callaway Golf Driver,Sports,1149.19,1429.7,0.8038,0.1962,0.7075,0.7617,https://www.zappos.com/dp/3544205,zappos.com,False
Ray-Ban Aviator Sunglasses,Clothing,222.55,241.04,0.9233,0.0767,0.6936,0.7209,https://www.zappos.com/dp/3201710,zappos.com,False
Ray-Ban Aviator Sunglasses,Clothing,123.39,142.48,0.866,0.134,0.7996,0.5387,https://www.nordstrom.com/dp/7692721,nordstrom.com,False
Callaway Golf Driver,Sports,667.11,2105.12,0.3169,0.6831,0.0438,0.8116,https://pricedown-shop.cf/product/88801,pricedown-shop.cf,True
Instant Pot Duo 7-in-1,Home & Garden,19.43,132.81,0.1463,0.8537,0.0276,0.3932,https://bestprice-deals.tk/product/85790,bestprice-deals.tk,True
Python Crash Course 3rd Ed,Books,27.71,39.79,0.6964,0.3035,0.909,0.8348,https://www.target.com/dp/5969315,target.com,False
Nintendo Switch OLED,Toys,81.45,115.58,0.7047,0.2953,0.6987,0.2795,https://www.bhphotovideo.com/dp/4033474,bhphotovideo.com,False
Fenty Beauty Foundation,Beauty,85.92,125.08,0.6869,0.3131,0.5891,0.4065,https://www.macys.com/dp/3675681,macys.com,False
Dyson V15 Vacuum,Home & Garden,63.56,102.62,0.6194,0.3806,0.8756,0.5771,https://www.amazon.com/dp/2792288,amazon.com,False
Nike Air Max Sneakers,Clothing,229.38,370.38,0.6193,0.3807,0.8481,0.4695,https://www.bestbuy.com/dp/1963205,bestbuy.com,False
Patagonia Fleece Jacket,Clothing,122.14,443.67,0.2753,0.7247,0.1696,0.5446,https://bestprice-deals.tk/product/7174,bestprice-deals.tk,True
Nintendo Switch OLED,Toys,238.1,327.51,0.727,0.273,0.7222,0.2839,https://www.newegg.com/dp/7696015,newegg.com,False
Hot Wheels Ultimate Garage,Toys,68.79,87.5,0.7862,0.2138,0.9797,0.3583,https://www.walmart.com/dp/5675094,walmart.com,False
Instant Pot Duo 7-in-1,Home & Garden,37.77,504.92,0.0748,0.9252,0.28,0.3905,https://shop-fast-now.biz/product/36790,shop-fast-now.biz,True
"Samsung 4K TV 55""",Electronics,142.56,192.26,0.7415,0.2585,0.6314,0.9444,https://www.costco.com/dp/9047872,costco.com,False
Dyson Airwrap Styler,Beauty,286.92,447.69,0.6409,0.3591,0.8263,0.4575,https://www.bhphotovideo.com/dp/8206700,bhphotovideo.com,False
Bose SoundBar 700,Electronics,343.39,1132.17,0.3033,0.6967,0.212,0.8409,https://ultra-deals99.net/product/18655,ultra-deals99.net,True
NOCO Genius5 Battery Charger,Automotive,107.19,115.17,0.9307,0.0693,0.7902,0.3847,https://www.homedepot.com/dp/4274069,homedepot.com,False
Canon EOS R6 Camera,Electronics,195.37,747.69,0.2613,0.7387,0.1992,0.8252,https://bestprice-deals.tk/product/56981,bestprice-deals.tk,True
Roomba i7+ Robot Vacuum,Home & Garden,365.56,487.8,0.7494,0.2506,0.7411,0.383,https://www.adorama.com/dp/1701806,adorama.com,False
Thinkware U1000 Dash Cam,Automotive,76.23,97.99,0.7779,0.2221,0.9134,0.4257,https://www.target.com/dp/6551494,target.com,False
Peloton Bike+,Sports,890.47,1473.32,0.6044,0.3956,0.6953,0.7336,https://www.bhphotovideo.com/dp/5592340,bhphotovideo.com,False
Fenty Beauty Foundation,Beauty,220.39,596.3,0.3696,0.6304,0.0612,0.5951,https://cheapbuy-store.xyz/product/89602,cheapbuy-store.xyz,True
Dell XPS 15 Laptop,Electronics,653.01,1016.83,0.6422,0.3578,0.6782,0.7827,https://www.ebay.com/dp/4559746,ebay.com,False
Michelin X-Tour Tires,Automotive,5.07,48.47,0.1046,0.8953,0.2675,0.4211,https://deal-xpress.top/product/42390,deal-xpress.top,True
NARS Blush Orgasm,Beauty,273.45,291.77,0.9372,0.0628,0.8721,0.475,https://www.walmart.com/dp/8407861,walmart.com,False
Ray-Ban Aviator Sunglasses,Clothing,101.52,115.35,0.8801,0.1199,0.7279,0.6061,https://www.ebay.com/dp/9776935,ebay.com,False
Dyson V15 Vacuum,Home & Garden,480.57,546.1,0.88,0.12,0.7475,0.3312,https://www.nordstrom.com/dp/3700047,nordstrom.com,False
Michelin X-Tour Tires,Automotive,68.42,102.2,0.6695,0.3305,0.7395,0.4272,https://www.ebay.com/dp/3493203,ebay.com,False
Fenty Beauty Foundation,Beauty,486.03,578.68,0.8399,0.1601,0.8955,0.6152,https://www.bestbuy.com/dp/5157165,bestbuy.com,False
Canon EOS R6 Camera,Electronics,1345.91,1511.75,0.8903,0.1097,0.8952,0.8167,https://www.walmart.com/dp/6670004,walmart.com,False
NARS Blush Orgasm,Beauty,215.64,258.07,0.8356,0.1644,0.6261,0.5206,https://www.newegg.com/dp/5397825,newegg.com,False
Roomba i7+ Robot Vacuum,Home & Garden,152.8,423.75,0.3606,0.6394,0.1224,0.4372,https://savebig-store.pw/product/69812,savebig-store.pw,True
Designing Data-Intensive Applications,Books,31.59,37.91,0.8333,0.1667,0.6361,0.8284,https://www.newegg.com/dp/6939848,newegg.com,False
Garmin DriveSmart 65 GPS,Automotive,259.23,351.73,0.737,0.263,0.7046,0.4202,https://www.wayfair.com/dp/8531486,wayfair.com,False
"iPad Pro 12.9""",Electronics,170.67,1096.84,0.1556,0.8444,0.115,0.8708,https://savebig-store.pw/product/33633,savebig-store.pw,True
Thinkware U1000 Dash Cam,Automotive,368.77,391.43,0.9421,0.0579,0.6573,0.3485,https://www.homedepot.com/dp/4064049,homedepot.com,False
Thinkware U1000 Dash Cam,Automotive,328.65,468.57,0.7014,0.2986,0.7069,0.6335,https://www.macys.com/dp/5164353,macys.com,False
Peloton Bike+,Sports,20.36,328.92,0.0619,0.9381,0.1073,0.7545,https://shop-fast-now.biz/product/98752,shop-fast-now.biz,True
Wilson Tennis Racket Pro,Sports,420.18,674.02,0.6234,0.3766,0.7003,0.6812,https://www.chewy.com/dp/2154126,chewy.com,False
Python Crash Course 3rd Ed,Books,1.69,15.96,0.1059,0.8941,0.1068,0.8462,https://bargain-hunt.gq/product/82937,bargain-hunt.gq,True
Sony Headphones WH-1000XM5,Electronics,42.95,53.51,0.8027,0.1973,0.6122,0.7944,https://www.adorama.com/dp/8789111,adorama.com,False
Peloton Bike+,Sports,1219.31,1813.1,0.6725,0.3275,0.9166,0.7152,https://www.bestbuy.com/dp/9191918,bestbuy.com,False
Hot Wheels Ultimate Garage,Toys,271.56,286.0,0.9495,0.0505,0.6888,0.4692,https://www.homedepot.com/dp/2186125,homedepot.com,False
Logitech MX Master Mouse,Electronics,1703.67,2551.55,0.6677,0.3323,0.7245,0.9088,https://www.wayfair.com/dp/3782393,wayfair.com,False
Hot Wheels Ultimate Garage,Toys,270.29,348.85,0.7748,0.2252,0.8775,0.3735,https://www.amazon.com/dp/3847369,amazon.com,False
"Samsung 4K TV 55""",Electronics,143.74,223.31,0.6437,0.3563,0.9136,0.8834,https://www.bestbuy.com/dp/2806478,bestbuy.com,False
Levi's 501 Jeans,Clothing,46.94,294.84,0.1592,0.8408,0.1051,0.3774,https://shop-fast-now.biz/product/12679,shop-fast-now.biz,True
Hot Wheels Ultimate Garage,Toys,126.03,178.18,0.7073,0.2927,0.7098,0.2777,https://www.newegg.com/dp/6594616,newegg.com,False
Nike Air Max Sneakers,Clothing,263.51,433.62,0.6077,0.3923,0.8043,0.5188,https://www.nordstrom.com/dp/3459356,nordstrom.com,False
Ray-Ban Aviator Sunglasses,Clothing,278.11,380.09,0.7317,0.2683,0.7688,0.8039,https://www.walmart.com/dp/9879099,walmart.com,False
The North Face Parka,Clothing,114.68,124.53,0.9209,0.0791,0.6364,0.5078,https://www.nordstrom.com/dp/2151716,nordstrom.com,False
Adidas Ultraboost,Clothing,50.56,374.8,0.1349,0.8651,0.0556,0.5952,https://cheapbuy-store.xyz/product/15025,cheapbuy-store.xyz,True
Clean Code,Books,11.01,30.68,0.3589,0.6411,0.0197,0.9436,https://cheapbuy-store.xyz/product/6814,cheapbuy-store.xyz,True
Instant Pot Duo 7-in-1,Home & Garden,296.14,323.47,0.9155,0.0845,0.6281,0.432,https://www.bhphotovideo.com/dp/3091804,bhphotovideo.com,False
NARS Blush Orgasm,Beauty,83.6,514.78,0.1624,0.8376,0.152,0.63,https://bestprice-deals.tk/product/20516,bestprice-deals.tk,True
Dell XPS 15 Laptop,Electronics,880.34,1122.59,0.7842,0.2158,0.7341,0.927,https://www.macys.com/dp/4725540,macys.com,False
Hot Wheels Ultimate Garage,Toys,43.64,155.7,0.2803,0.7197,0.0278,0.4477,https://discount-mega.ru/product/26351,discount-mega.ru,True
Canon EOS R6 Camera,Electronics,129.79,1238.42,0.1048,0.8952,0.0833,0.8818,https://bestprice-deals.tk/product/86240,bestprice-deals.tk,True
NOCO Genius5 Battery Charger,Automotive,445.53,587.62,0.7582,0.2418,0.6912,0.4319,https://www.chewy.com/dp/6546545,chewy.com,False
Thinkware U1000 Dash Cam,Automotive,669.7,921.95,0.7264,0.2736,0.6897,0.3403,https://www.macys.com/dp/4863356,macys.com,False
TRX Suspension Trainer,Sports,46.47,231.67,0.2006,0.7994,0.2073,0.7131,https://discount-mega.ru/product/77959,discount-mega.ru,True
Nespresso Vertuo Coffee Maker,Home & Garden,496.42,775.66,0.64,0.36,0.882,0.4741,https://www.target.com/dp/2365794,target.com,False
Sony Headphones WH-1000XM5,Electronics,1406.77,2087.51,0.6739,0.3261,0.8077,0.7756,https://www.target.com/dp/5244348,target.com,False
Barbie Dreamhouse,Toys,143.91,162.21,0.8872,0.1128,0.9241,0.3795,https://www.target.com/dp/5456445,target.com,False
Patagonia Fleece Jacket,Clothing,30.72,438.85,0.07,0.93,0.0502,0.7643,https://discount-mega.ru/product/44702,discount-mega.ru,True
The North Face Parka,Clothing,59.64,68.5,0.8707,0.1293,0.6513,0.6806,https://www.wayfair.com/dp/7787380,wayfair.com,False
Thinkware U1000 Dash Cam,Automotive,196.23,290.06,0.6765,0.3235,0.9603,0.4622,https://www.walmart.com/dp/7032783,walmart.com,False
Michelin X-Tour Tires,Automotive,45.69,471.07,0.097,0.903,0.1019,0.4104,https://savebig-store.pw/product/8048,savebig-store.pw,True
Garmin Forerunner 945,Sports,1214.12,1347.67,0.9009,0.0991,0.9181,0.823,https://www.bestbuy.com/dp/5673212,bestbuy.com,False
Hot Wheels Ultimate Garage,Toys,50.95,80.72,0.6312,0.3688,0.661,0.2978,https://www.costco.com/dp/9225504,costco.com,False
Barbie Dreamhouse,Toys,18.91,29.8,0.6346,0.3655,0.6959,0.3694,https://www.homedepot.com/dp/4920197,homedepot.com,False
The Pragmatic Programmer,Books,6.94,23.42,0.2963,0.7038,0.1014,0.871,https://flashsale-today.ml/product/35587,flashsale-today.ml,True
Logitech MX Master Mouse,Electronics,522.78,690.68,0.7569,0.2431,0.9361,0.8589,https://www.bestbuy.com/dp/7447324,bestbuy.com,False
Garmin Forerunner 945,Sports,1283.56,1417.98,0.9052,0.0948,0.8471,0.5002,https://www.bestbuy.com/dp/3352507,bestbuy.com,False
Patagonia Fleece Jacket,Clothing,30.73,148.74,0.2066,0.7934,0.28,0.5974,https://pricedown-shop.cf/product/72642,pricedown-shop.cf,True
Michelin X-Tour Tires,Automotive,734.46,774.99,0.9477,0.0523,0.685,0.396,https://www.zappos.com/dp/8946752,zappos.com,False
Barbie Dreamhouse,Toys,179.32,239.25,0.7495,0.2505,0.7462,0.3352,https://www.ebay.com/dp/7032283,ebay.com,False
Roomba i7+ Robot Vacuum,Home & Garden,391.44,525.77,0.7445,0.2555,0.5989,0.4419,https://www.adorama.com/dp/6273015,adorama.com,False
Wilson Tennis Racket Pro,Sports,669.85,742.38,0.9023,0.0977,0.6546,0.8348,https://www.wayfair.com/dp/7904546,wayfair.com,False
Dyson Airwrap Styler,Beauty,53.95,482.95,0.1117,0.8883,0.0797,0.5325,https://deal-xpress.top/product/10693,deal-xpress.top,True
The North Face Parka,Clothing,130.04,385.66,0.3372,0.6628,0.2113,0.4612,https://ultra-deals99.net/product/19316,ultra-deals99.net,True
Logitech MX Master Mouse,Electronics,671.15,882.51,0.7605,0.2395,0.8103,0.7416,https://www.walmart.com/dp/4555258,walmart.com,False
Nespresso Vertuo Coffee Maker,Home & Garden,194.33,716.01,0.2714,0.7286,0.1564,0.2809,https://deal-xpress.top/product/86925,deal-xpress.top,True
Dell XPS 15 Laptop,Electronics,244.25,388.31,0.629,0.371,0.6737,0.9611,https://www.costco.com/dp/8788747,costco.com,False
Levi's 501 Jeans,Clothing,175.55,199.01,0.8821,0.1179,0.6886,0.4874,https://www.chewy.com/dp/3191822,chewy.com,False
La Mer Moisturizing Cream,Beauty,364.47,463.94,0.7856,0.2144,0.8487,0.5984,https://www.bestbuy.com/dp/9849143,bestbuy.com,False
Sony Headphones WH-1000XM5,Electronics,313.44,1836.18,0.1707,0.8293,0.0985,0.828,https://savebig-store.pw/product/22413,savebig-store.pw,True
Logitech MX Master Mouse,Electronics,1010.24,1124.61,0.8983,0.1017,0.8112,0.8827,https://www.bestbuy.com/dp/6037789,bestbuy.com,False
Nike Air Max Sneakers,Clothing,133.52,142.47,0.9372,0.0628,0.7205,0.5779,https://www.macys.com/dp/5931635,macys.com,False
Nespresso Vertuo Coffee Maker,Home & Garden,398.35,513.4,0.7759,0.2241,0.7553,0.4049,https://www.nordstrom.com/dp/1250681,nordstrom.com,False
Michelin X-Tour Tires,Automotive,31.06,442.4,0.0702,0.9298,0.1373,0.3939,https://cheapbuy-store.xyz/product/81677,cheapbuy-store.xyz,True
Nintendo Switch OLED,Toys,118.05,131.18,0.8999,0.1001,0.7259,0.2919,https://www.homedepot.com/dp/9745141,homedepot.com,False
Ray-Ban Aviator Sunglasses,Clothing,114.02,136.83,0.8333,0.1667,0.7553,0.418,https://www.nordstrom.com/dp/1206766,nordstrom.com,False
Python Crash Course 3rd Ed,Books,28.54,43.92,0.6498,0.3501,0.7518,0.7862,https://www.costco.com/dp/1750496,costco.com,False
Atomic Habits,Books,49.34,52.38,0.942,0.0581,0.7184,0.732,https://www.macys.com/dp/9941274,macys.com,False
Olaplex Hair Perfector,Beauty,468.71,552.59,0.8482,0.1518,0.9204,0.5441,https://www.amazon.com/dp/8938605,amazon.com,False
KitchenAid Stand Mixer,Home & Garden,249.48,414.69,0.6016,0.3984,0.7147,0.3415,https://www.zappos.com/dp/9673937,zappos.com,False
NOCO Genius5 Battery Charger,Automotive,612.69,896.8,0.6832,0.3168,0.9122,0.3549,https://www.amazon.com/dp/2670586,amazon.com,False
Roomba i7+ Robot Vacuum,Home & Garden,269.46,346.97,0.7766,0.2234,0.7057,0.503,https://www.homedepot.com/dp/7718473,homedepot.com,False
Dyson Airwrap Styler,Beauty,390.66,420.52,0.929,0.071,0.6192,0.5932,https://www.zappos.com/dp/5266272,zappos.com,False
Instant Pot Duo 7-in-1,Home & Garden,33.57,54.31,0.6181,0.3819,0.7652,0.4457,https://www.walmart.com/dp/4200829,walmart.com,False
TRX Suspension Trainer,Sports,576.09,723.19,0.7966,0.2034,0.6292,0.6663,https://www.adorama.com/dp/6075395,adorama.com,False
TRX Suspension Trainer,Sports,1342.92,1837.86,0.7307,0.2693,0.6889,0.6779,https://www.macys.com/dp/2265001,macys.com,False
NOCO Genius5 Battery Charger,Automotive,25.11,117.85,0.2131,0.7869,0.0731,0.4575,https://deal-xpress.top/product/49133,deal-xpress.top,True
Bose SoundBar 700,Electronics,1112.65,1252.98,0.888,0.112,0.6524,0.8227,https://www.homedepot.com/dp/9754480,homedepot.com,False
Patagonia Fleece Jacket,Clothing,120.14,129.15,0.9302,0.0698,0.6715,0.5901,https://www.homedepot.com/dp/1406431,homedepot.com,False
Apple AirPods Pro,Electronics,259.65,2384.32,0.1089,0.8911,0.1805,0.8066,https://shop-fast-now.biz/product/1776,shop-fast-now.biz,True
Clean Code,Books,10.24,53.84,0.1902,0.8098,0.0787,0.937,https://ultra-deals99.net/product/73800,ultra-deals99.net,True
Magna-Tiles 100 Piece Set,Toys,22.57,168.91,0.1336,0.8664,0.1684,0.3481,https://ultra-deals99.net/product/31261,ultra-deals99.net,True
Olaplex Hair Perfector,Beauty,290.55,342.79,0.8476,0.1524,0.6183,0.466,https://www.newegg.com/dp/7408963,newegg.com,False
Hot Wheels Ultimate Garage,Toys,255.73,320.18,0.7987,0.2013,0.7128,0.4455,https://www.nordstrom.com/dp/9596976,nordstrom.com,False
Hot Wheels Ultimate Garage,Toys,275.62,305.91,0.901,0.099,0.7723,0.3657,https://www.macys.com/dp/2315798,macys.com,False
Atomic Habits,Books,27.9,29.42,0.9483,0.0515,0.7619,0.8796,https://www.chewy.com/dp/1161836,chewy.com,False
Dyson Airwrap Styler,Beauty,125.79,187.5,0.6709,0.3291,0.733,0.575,https://www.newegg.com/dp/6296376,newegg.com,False
LEGO Technic Bugatti,Toys,75.67,189.27,0.3998,0.6002,0.203,0.2883,https://flashsale-today.ml/product/57096,flashsale-today.ml,True
Roomba i7+ Robot Vacuum,Home & Garden,355.99,560.17,0.6355,0.3645,0.6297,0.4434,https://www.chewy.com/dp/3269160,chewy.com,False
Nespresso Vertuo Coffee Maker,Home & Garden,662.96,758.45,0.8741,0.1259,0.8577,0.4489,https://www.amazon.com/dp/7564784,amazon.com,False
Levi's 501 Jeans,Clothing,88.06,106.93,0.8235,0.1765,0.609,0.5435,https://www.nordstrom.com/dp/1914394,nordstrom.com,False
Olaplex Hair Perfector,Beauty,115.81,453.96,0.2551,0.7449,0.067,0.3715,https://topdeal-online.cc/product/49907,topdeal-online.cc,True
The North Face Parka,Clothing,55.26,78.55,0.7035,0.2965,0.914,0.6233,https://www.target.com/dp/2361565,target.com,False
La Mer Moisturizing Cream,Beauty,36.23,129.7,0.2793,0.7207,0.1833,0.433,https://pricedown-shop.cf/product/77433,pricedown-shop.cf,True
LEGO Technic Bugatti,Toys,26.86,34.3,0.7831,0.2169,0.6596,0.3099,https://www.chewy.com/dp/9910817,chewy.com,False
Olaplex Hair Perfector,Beauty,193.35,239.41,0.8076,0.1924,0.8973,0.4262,https://www.walmart.com/dp/4634483,walmart.com,False
Sony Headphones WH-1000XM5,Electronics,342.72,1513.79,0.2264,0.7736,0.1497,0.9269,https://deal-xpress.top/product/22324,deal-xpress.top,True
Thinkware U1000 Dash Cam,Automotive,320.91,356.69,0.8997,0.1003,0.6613,0.3004,https://www.zappos.com/dp/6357240,zappos.com,False
"iPad Pro 12.9""",Electronics,51.14,136.51,0.3746,0.6254,0.1016,0.9469,https://buylow-online.icu/product/38229,buylow-online.icu,True
Thinkware U1000 Dash Cam,Automotive,356.19,398.74,0.8933,0.1067,0.847,0.36,https://www.bestbuy.com/dp/6575585,bestbuy.com,False
Nespresso Vertuo Coffee Maker,Home & Garden,108.82,163.71,0.6647,0.3353,0.8395,0.498,https://www.walmart.com/dp/7499587,walmart.com,False
Apple AirPods Pro,Electronics,1533.6,1751.69,0.8755,0.1245,0.7606,0.8709,https://www.zappos.com/dp/8839914,zappos.com,False
La Mer Moisturizing Cream,Beauty,119.29,182.79,0.6526,0.3474,0.9084,0.593,https://www.walmart.com/dp/9908069,walmart.com,False
Thinkware U1000 Dash Cam,Automotive,754.1,888.22,0.849,0.151,0.6803,0.4801,https://www.chewy.com/dp/5352496,chewy.com,False
Dyson Airwrap Styler,Beauty,23.51,25.97,0.9053,0.0949,0.6102,0.4736,https://www.zappos.com/dp/1473717,zappos.com,False
Wilson Tennis Racket Pro,Sports,145.69,209.24,0.6963,0.3037,0.7043,0.4607,https://www.ebay.com/dp/3754127,ebay.com,False
Ray-Ban Aviator Sunglasses,Clothing,119.74,160.62,0.7455,0.2545,0.8711,0.5938,https://www.amazon.com/dp/5449671,amazon.com,False
Nintendo Switch OLED,Toys,83.46,129.56,0.6442,0.3558,0.7383,0.3169,https://www.macys.com/dp/5962643,macys.com,False
Barbie Dreamhouse,Toys,93.08,133.07,0.6995,0.3005,0.697,0.3895,https://www.wayfair.com/dp/6112711,wayfair.com,False
LEGO Technic Bugatti,Toys,231.71,338.85,0.6838,0.3162,0.6671,0.3257,https://www.ebay.com/dp/4407796,ebay.com,False
Thinkware U1000 Dash Cam,Automotive,853.6,948.76,0.8997,0.1003,0.6464,0.4191,https://www.chewy.com/dp/5329406,chewy.com,False
Barbie Dreamhouse,Toys,69.6,111.71,0.623,0.377,0.7015,0.4058,https://www.newegg.com/dp/8729025,newegg.com,False
Python Crash Course 3rd Ed,Books,38.32,50.39,0.7605,0.2396,0.9484,0.9395,https://www.walmart.com/dp/7691144,walmart.com,False
The Pragmatic Programmer,Books,33.35,41.23,0.8089,0.1911,0.6741,0.893,https://www.ebay.com/dp/4398864,ebay.com,False
Callaway Golf Driver,Sports,280.17,304.27,0.9208,0.0792,0.8508,0.6366,https://www.target.com/dp/2675639,target.com,False
KitchenAid Stand Mixer,Home & Garden,416.09,539.05,0.7719,0.2281,0.7276,0.3751,https://www.ebay.com/dp/7699083,ebay.com,False
Logitech MX Master Mouse,Electronics,1613.48,2317.22,0.6963,0.3037,0.9346,0.9385,https://www.amazon.com/dp/1238423,amazon.com,False
Garmin DriveSmart 65 GPS,Automotive,28.14,280.8,0.1002,0.8998,0.2718,0.4349,https://savebig-store.pw/product/91871,savebig-store.pw,True
Hot Wheels Ultimate Garage,Toys,53.6,65.34,0.8203,0.1797,0.6111,0.4697,https://www.adorama.com/dp/2781470,adorama.com,False
The North Face Parka,Clothing,324.28,387.94,0.8359,0.1641,0.5881,0.4303,https://www.bhphotovideo.com/dp/3765541,bhphotovideo.com,False
Fenty Beauty Foundation,Beauty,396.33,445.16,0.8903,0.1097,0.7036,0.483,https://www.costco.com/dp/4127273,costco.com,False
Dyson Airwrap Styler,Beauty,191.77,311.02,0.6166,0.3834,0.6871,0.5866,https://www.nordstrom.com/dp/6137252,nordstrom.com,False
Instant Pot Duo 7-in-1,Home & Garden,671.67,716.98,0.9368,0.0632,0.6977,0.3514,https://www.costco.com/dp/1568932,costco.com,False
Peloton Bike+,Sports,1345.56,1562.06,0.8614,0.1386,0.7477,0.723,https://www.bhphotovideo.com/dp/9348805,bhphotovideo.com,False
Dell XPS 15 Laptop,Electronics,809.19,2461.03,0.3288,0.6712,0.0586,0.8126,https://bargain-hunt.gq/product/59049,bargain-hunt.gq,True
Clean Code,Books,40.85,43.32,0.943,0.057,0.7046,0.9631,https://www.nordstrom.com/dp/8423649,nordstrom.com,False
Patagonia Fleece Jacket,Clothing,414.72,481.17,0.8619,0.1381,0.6817,0.4663,https://www.bhphotovideo.com/dp/1684155,bhphotovideo.com,False
Logitech MX Master Mouse,Electronics,1812.45,2235.11,0.8109,0.1891,0.7114,0.7014,https://www.homedepot.com/dp/9933361,homedepot.com,False
Garmin DriveSmart 65 GPS,Automotive,40.64,156.02,0.2605,0.7395,0.0798,0.4614,https://shop-fast-now.biz/product/45017,shop-fast-now.biz,True
Thinkware U1000 Dash Cam,Automotive,698.26,744.18,0.9383,0.0617,0.696,0.4362,https://www.bhphotovideo.com/dp/2576392,bhphotovideo.com,False
Callaway Golf Driver,Sports,479.49,1656.28,0.2895,0.7105,0.28,0.7002,https://savebig-store.pw/product/12805,savebig-store.pw,True
Callaway Golf Driver,Sports,247.94,290.7,0.8529,0.1471,0.6824,0.8251,https://www.adorama.com/dp/9288134,adorama.com,False
Magna-Tiles 100 Piece Set,Toys,62.25,379.55,0.164,0.836,0.28,0.368,https://buylow-online.icu/product/32148,buylow-online.icu,True
Magna-Tiles 100 Piece Set,Toys,331.81,396.71,0.8364,0.1636,0.7175,0.3891,https://www.costco.com/dp/7917972,costco.com,False
Michelin X-Tour Tires,Automotive,672.65,776.11,0.8667,0.1333,0.6662,0.3884,https://www.bhphotovideo.com/dp/3806547,bhphotovideo.com,False
La Mer Moisturizing Cream,Beauty,387.5,561.02,0.6907,0.3093,0.8029,0.3092,https://www.amazon.com/dp/5171839,amazon.com,False
Ray-Ban Aviator Sunglasses,Clothing,122.19,203.18,0.6014,0.3986,0.7104,0.4432,https://www.adorama.com/dp/5218028,adorama.com,False
KitchenAid Stand Mixer,Home & Garden,145.03,208.43,0.6958,0.3042,0.6542,0.5584,https://www.costco.com/dp/3488634,costco.com,False
Garmin Forerunner 945,Sports,1927.92,2072.14,0.9304,0.0696,0.97,0.5926,https://www.bestbuy.com/dp/2966890,bestbuy.com,False
Hot Wheels Ultimate Garage,Toys,164.43,240.78,0.6829,0.3171,0.7752,0.4202,https://www.homedepot.com/dp/2109227,homedepot.com,False
Michelin X-Tour Tires,Automotive,370.7,549.68,0.6744,0.3256,0.7167,0.5145,https://www.homedepot.com/dp/2300622,homedepot.com,False
Wilson Tennis Racket Pro,Sports,270.19,355.33,0.7604,0.2396,0.6472,0.616,https://www.ebay.com/dp/9445469,ebay.com,False
Logitech MX Master Mouse,Electronics,507.92,1551.37,0.3274,0.6726,0.0703,0.8919,https://cheapbuy-store.xyz/product/99705,cheapbuy-store.xyz,True
Dyson V15 Vacuum,Home & Garden,32.56,49.21,0.6617,0.3383,0.708,0.503,https://www.costco.com/dp/5686341,costco.com,False
Python Crash Course 3rd Ed,Books,26.43,30.55,0.8651,0.1349,0.7249,0.8726,https://www.zappos.com/dp/8689594,zappos.com,False
"Samsung 4K TV 55""",Electronics,1606.56,2023.37,0.794,0.206,0.7736,0.8333,https://www.chewy.com/dp/5090740,chewy.com,False
Clean Code,Books,39.45,45.65,0.8642,0.1358,0.641,0.8079,https://www.homedepot.com/dp/6536394,homedepot.com,False
Olaplex Hair Perfector,Beauty,144.01,197.74,0.7283,0.2717,0.8172,0.458,https://www.target.com/dp/4720771,target.com,False
Garmin DriveSmart 65 GPS,Automotive,72.33,346.58,0.2087,0.7913,0.009,0.5594,https://shop-fast-now.biz/product/8933,shop-fast-now.biz,True
KitchenAid Stand Mixer,Home & Garden,427.46,514.27,0.8312,0.1688,0.6568,0.4399,https://www.zappos.com/dp/2075235,zappos.com,False
Canon EOS R6 Camera,Electronics,308.99,338.21,0.9136,0.0864,0.7318,0.7509,https://www.bhphotovideo.com/dp/6897466,bhphotovideo.com,False
Michelin X-Tour Tires,Automotive,120.27,173.87,0.6917,0.3083,0.766,0.33,https://www.newegg.com/dp/8039672,newegg.com,False
Instant Pot Duo 7-in-1,Home & Garden,72.28,120.03,0.6022,0.3978,0.5894,0.5727,https://www.wayfair.com/dp/3121873,wayfair.com,False
Hot Wheels Ultimate Garage,Toys,103.74,114.01,0.9099,0.0901,0.8671,0.4184,https://www.walmart.com/dp/3821189,walmart.com,False
Olaplex Hair Perfector,Beauty,42.65,52.48,0.8127,0.1873,0.6703,0.4867,https://www.zappos.com/dp/2295356,zappos.com,False
Canon EOS R6 Camera,Electronics,1104.09,1510.79,0.7308,0.2692,0.7822,0.8789,https://www.adorama.com/dp/9173748,adorama.com,False
Nespresso Vertuo Coffee Maker,Home & Garden,631.29,694.72,0.9087,0.0913,0.9352,0.5131,https://www.target.com/dp/8640887,target.com,False
Garmin Forerunner 945,Sports,1182.63,1425.37,0.8297,0.1703,0.7846,0.7115,https://www.ebay.com/dp/7323816,ebay.com,False
NOCO Genius5 Battery Charger,Automotive,694.67,909.97,0.7634,0.2366,0.9178,0.4153,https://www.target.com/dp/7415747,target.com,False
NOCO Genius5 Battery Charger,Automotive,377.88,403.8,0.9358,0.0642,0.8588,0.3153,https://www.amazon.com/dp/9641104,amazon.com,False
NOCO Genius5 Battery Charger,Automotive,193.95,212.99,0.9106,0.0894,0.9355,0.4355,https://www.bestbuy.com/dp/8699307,bestbuy.com,False
Dyson Airwrap Styler,Beauty,39.8,205.39,0.1938,0.8062,0.0311,0.5968,https://flashsale-today.ml/product/44391,flashsale-today.ml,True
Wilson Tennis Racket Pro,Sports,428.04,684.09,0.6257,0.3743,0.7328,0.7156,https://www.wayfair.com/dp/7156735,wayfair.com,False
Clean Code,Books,4.76,33.17,0.1435,0.8565,0.0625,0.8936,https://ultra-deals99.net/product/6802,ultra-deals99.net,True
The North Face Parka,Clothing,28.58,117.51,0.2432,0.7568,0.28,0.5491,https://pricedown-shop.cf/product/12917,pricedown-shop.cf,True
Dyson Airwrap Styler,Beauty,104.16,306.18,0.3402,0.6598,0.1462,0.61,https://ultra-deals99.net/product/52725,ultra-deals99.net,True
Clean Code,Books,2.99,46.32,0.0646,0.9355,0.261,1.0,https://ultra-deals99.net/product/69807,ultra-deals99.net,True
Dyson V15 Vacuum,Home & Garden,161.21,187.0,0.8621,0.1379,0.6135,0.6062,https://www.macys.com/dp/9031619,macys.com,False
Thinkware U1000 Dash Cam,Automotive,131.29,763.75,0.1719,0.8281,0.0296,0.3414,https://buylow-online.icu/product/84242,buylow-online.icu,True
"Samsung 4K TV 55""",Electronics,925.82,1017.94,0.9095,0.0905,0.6768,0.887,https://www.ebay.com/dp/8666277,ebay.com,False
Garmin DriveSmart 65 GPS,Automotive,438.81,554.26,0.7917,0.2083,0.8194,0.4947,https://www.chewy.com/dp/7914190,chewy.com,False
Python Crash Course 3rd Ed,Books,38.93,56.82,0.6851,0.3148,0.6539,0.8197,https://www.ebay.com/dp/4529699,ebay.com,False
Thinkware U1000 Dash Cam,Automotive,270.16,292.73,0.9229,0.0771,0.6555,0.3347,https://www.ebay.com/dp/4934149,ebay.com,False
Ray-Ban Aviator Sunglasses,Clothing,466.9,496.81,0.9398,0.0602,0.6829,0.6136,https://www.chewy.com/dp/6477774,chewy.com,False
TRX Suspension Trainer,Sports,557.19,663.56,0.8397,0.1603,0.72,0.7518,https://www.nordstrom.com/dp/7592651,nordstrom.com,False
Fenty Beauty Foundation,Beauty,117.33,133.34,0.8799,0.1201,0.7448,0.4495,https://www.chewy.com/dp/4376603,chewy.com,False
Garmin Forerunner 945,Sports,534.08,821.92,0.6498,0.3502,0.7054,0.6724,https://www.costco.com/dp/8908508,costco.com,False
Magna-Tiles 100 Piece Set,Toys,38.48,40.92,0.9404,0.0597,0.8919,0.3851,https://www.walmart.com/dp/3967512,walmart.com,False
NOCO Genius5 Battery Charger,Automotive,548.56,775.13,0.7077,0.2923,0.7105,0.3607,https://www.homedepot.com/dp/6425820,homedepot.com,False
Garmin Forerunner 945,Sports,619.91,672.65,0.9216,0.0784,0.9633,0.6434,https://www.target.com/dp/3916107,target.com,False
Barbie Dreamhouse,Toys,28.65,39.19,0.7311,0.2689,0.8629,0.3112,https://www.amazon.com/dp/9052500,amazon.com,False
Dyson Airwrap Styler,Beauty,294.09,397.9,0.7391,0.2609,0.6941,0.5012,https://www.ebay.com/dp/1404438,ebay.com,False
Nike Air Max Sneakers,Clothing,49.8,165.05,0.3017,0.6983,0.1082,0.6162,https://flashsale-today.ml/product/5760,flashsale-today.ml,True
La Mer Moisturizing Cream,Beauty,301.38,400.61,0.7523,0.2477,0.8248,0.5608,https://www.bestbuy.com/dp/6326702,bestbuy.com,False
"Samsung 4K TV 55""",Electronics,895.7,968.12,0.9252,0.0748,0.8678,0.6309,https://www.walmart.com/dp/9824168,walmart.com,False
TRX Suspension Trainer,Sports,344.23,1659.75,0.2074,0.7926,0.1109,0.7091,https://deal-xpress.top/product/47354,deal-xpress.top,True
Hot Wheels Ultimate Garage,Toys,274.64,340.07,0.8076,0.1924,0.8704,0.3599,https://www.walmart.com/dp/9695551,walmart.com,False
Garmin Forerunner 945,Sports,1269.14,2036.49,0.6232,0.3768,0.8223,0.7103,https://www.macys.com/dp/6246485,macys.com,False
Instant Pot Duo 7-in-1,Home & Garden,246.29,325.05,0.7577,0.2423,0.6226,0.4706,https://www.adorama.com/dp/9955185,adorama.com,False
Garmin Forerunner 945,Sports,1774.18,2394.95,0.7408,0.2592,0.8656,0.592,https://www.walmart.com/dp/5959673,walmart.com,False
Instant Pot Duo 7-in-1,Home & Garden,245.71,769.76,0.3192,0.6808,0.0357,0.4955,https://ultra-deals99.net/product/50059,ultra-deals99.net,True
NOCO Genius5 Battery Charger,Automotive,366.1,576.62,0.6349,0.3651,0.785,0.4857,https://www.nordstrom.com/dp/7330138,nordstrom.com,False
"iPad Pro 12.9""",Electronics,19.36,362.6,0.0534,0.9466,0.0665,0.8323,https://buylow-online.icu/product/95844,buylow-online.icu,True
Dell XPS 15 Laptop,Electronics,2556.58,2891.41,0.8842,0.1158,0.6807,0.8848,https://www.macys.com/dp/8516010,macys.com,False
Dyson Airwrap Styler,Beauty,39.02,58.6,0.6659,0.3342,0.7478,0.686,https://www.ebay.com/dp/9305654,ebay.com,False
Ray-Ban Aviator Sunglasses,Clothing,300.86,409.28,0.7351,0.2649,0.6753,0.7155,https://www.newegg.com/dp/8147380,newegg.com,False
Fenty Beauty Foundation,Beauty,80.73,125.5,0.6433,0.3567,0.7276,0.5272,https://www.zappos.com/dp/4766269,zappos.com,False
Patagonia Fleece Jacket,Clothing,256.53,345.54,0.7424,0.2576,0.6865,0.6574,https://www.adorama.com/dp/6174418,adorama.com,False
Clean Code,Books,7.27,19.38,0.3751,0.6251,0.1951,0.9112,https://flashsale-today.ml/product/10545,flashsale-today.ml,True
Olaplex Hair Perfector,Beauty,296.97,404.64,0.7339,0.2661,0.7765,0.4378,https://www.chewy.com/dp/5177120,chewy.com,False
Magna-Tiles 100 Piece Set,Toys,41.98,64.79,0.6479,0.3521,0.6331,0.4054,https://www.nordstrom.com/dp/5747180,nordstrom.com,False
Adidas Ultraboost,Clothing,131.44,152.52,0.8618,0.1382,0.6717,0.6665,https://www.chewy.com/dp/1462664,chewy.com,False
Adidas Ultraboost,Clothing,75.29,80.85,0.9312,0.0688,0.798,0.636,https://www.macys.com/dp/9951364,macys.com,False
Olaplex Hair Perfector,Beauty,529.56,597.16,0.8868,0.1132,0.7043,0.4875,https://www.ebay.com/dp/6389033,ebay.com,False
"Samsung 4K TV 55""",Electronics,79.31,90.69,0.8745,0.1255,0.6208,0.9108,https://www.chewy.com/dp/2014499,chewy.com,False
Dyson V15 Vacuum,Home & Garden,151.65,162.63,0.9325,0.0675,0.7483,0.5489,https://www.ebay.com/dp/2632292,ebay.com,False
Atomic Habits,Books,36.11,45.3,0.7971,0.2028,0.725,0.9378,https://www.chewy.com/dp/9303225,chewy.com,False
Thinkware U1000 Dash Cam,Automotive,51.12,405.08,0.1262,0.8738,0.1986,0.5139,https://topdeal-online.cc/product/8518,topdeal-online.cc,True
Nintendo Switch OLED,Toys,128.33,135.61,0.9463,0.0537,0.8868,0.1897,https://www.amazon.com/dp/2140044,amazon.com,False
Instant Pot Duo 7-in-1,Home & Garden,149.17,468.78,0.3182,0.6818,0.2243,0.4741,https://flashsale-today.ml/product/50395,flashsale-today.ml,True
NARS Blush Orgasm,Beauty,1.64,27.0,0.0607,0.9393,0.0625,0.6005,https://savebig-store.pw/product/13541,savebig-store.pw,True
NOCO Genius5 Battery Charger,Automotive,578.41,712.07,0.8123,0.1877,0.7695,0.543,https://www.bhphotovideo.com/dp/6629822,bhphotovideo.com,False
NOCO Genius5 Battery Charger,Automotive,88.53,113.71,0.7786,0.2214,0.7372,0.3836,https://www.costco.com/dp/9937879,costco.com,False
Nespresso Vertuo Coffee Maker,Home & Garden,121.08,730.71,0.1657,0.8343,0.111,0.3163,https://deal-xpress.top/product/57664,deal-xpress.top,True
Instant Pot Duo 7-in-1,Home & Garden,588.73,744.47,0.7908,0.2092,0.6886,0.3705,https://www.newegg.com/dp/7266039,newegg.com,False
Dyson Airwrap Styler,Beauty,480.71,581.83,0.8262,0.1738,0.7377,0.516,https://www.nordstrom.com/dp/3347640,nordstrom.com,False
Atomic Habits,Books,4.41,33.57,0.1314,0.8685,0.2199,0.942,https://bargain-hunt.gq/product/49723,bargain-hunt.gq,True
TRX Suspension Trainer,Sports,565.16,914.94,0.6177,0.3823,0.9436,0.6739,https://www.amazon.com/dp/3574265,amazon.com,False
Magna-Tiles 100 Piece Set,Toys,89.47,138.88,0.6442,0.3558,0.6963,0.3352,https://www.nordstrom.com/dp/8217588,nordstrom.com,False
"Samsung 4K TV 55""",Electronics,1542.68,1665.24,0.9264,0.0736,0.9099,0.8749,https://www.amazon.com/dp/8005748,amazon.com,False
Barbie Dreamhouse,Toys,61.22,378.16,0.1619,0.8381,0.1985,0.2052,https://bestprice-deals.tk/product/76117,bestprice-deals.tk,True
Olaplex Hair Perfector,Beauty,361.97,476.65,0.7594,0.2406,0.9127,0.5374,https://www.target.com/dp/3903892,target.com,False
Bose SoundBar 700,Electronics,584.84,865.27,0.6759,0.3241,0.8319,0.8741,https://www.nordstrom.com/dp/3319495,nordstrom.com,False
Atomic Habits,Books,5.04,26.3,0.1916,0.8082,0.1865,0.7861,https://deal-xpress.top/product/85422,deal-xpress.top,True
Garmin DriveSmart 65 GPS,Automotive,744.67,825.3,0.9023,0.0977,0.8778,0.3769,https://www.amazon.com/dp/1550763,amazon.com,False
NOCO Genius5 Battery Charger,Automotive,249.96,287.51,0.8694,0.1306,0.5857,0.3374,https://www.costco.com/dp/4604147,costco.com,False
Barbie Dreamhouse,Toys,52.73,64.64,0.8157,0.1842,0.7284,0.4803,https://www.wayfair.com/dp/6135759,wayfair.com,False
Fenty Beauty Foundation,Beauty,261.32,351.99,0.7424,0.2576,0.6881,0.5373,https://www.chewy.com/dp/6192707,chewy.com,False
Instant Pot Duo 7-in-1,Home & Garden,464.5,532.44,0.8724,0.1276,0.8495,0.4088,https://www.target.com/dp/9982810,target.com,False
Logitech MX Master Mouse,Electronics,563.25,633.58,0.889,0.111,0.7437,0.798,https://www.chewy.com/dp/5395611,chewy.com,False
Apple AirPods Pro,Electronics,253.15,752.98,0.3362,0.6638,0.0118,0.763,https://pricedown-shop.cf/product/12410,pricedown-shop.cf,True
The Pragmatic Programmer,Books,26.65,43.38,0.6143,0.3857,0.7436,0.8748,https://www.bhphotovideo.com/dp/7162932,bhphotovideo.com,False
Olaplex Hair Perfector,Beauty,506.03,560.82,0.9023,0.0977,0.7664,0.5251,https://www.bhphotovideo.com/dp/9640458,bhphotovideo.com,False
LEGO Technic Bugatti,Toys,92.55,119.37,0.7753,0.2247,0.6409,0.386,https://www.costco.com/dp/5452689,costco.com,False
Fenty Beauty Foundation,Beauty,81.67,103.51,0.789,0.211,0.7289,0.4897,https://www.macys.com/dp/4808186,macys.com,False
Apple AirPods Pro,Electronics,2563.05,2745.05,0.9337,0.0663,0.655,0.7594,https://www.newegg.com/dp/9811471,newegg.com,False
The North Face Parka,Clothing,326.17,451.89,0.7218,0.2782,0.9102,0.6613,https://www.bestbuy.com/dp/1424388,bestbuy.com,False
Patagonia Fleece Jacket,Clothing,20.62,205.77,0.1002,0.8998,0.2153,0.4746,https://shop-fast-now.biz/product/21359,shop-fast-now.biz,True
Adidas Ultraboost,Clothing,336.58,401.21,0.8389,0.1611,0.7505,0.5324,https://www.zappos.com/dp/1597875,zappos.com,False
Garmin DriveSmart 65 GPS,Automotive,294.88,385.06,0.7658,0.2342,0.7299,0.4535,https://www.wayfair.com/dp/9706452,wayfair.com,False
Clean Code,Books,20.62,33.14,0.6222,0.3777,0.5648,0.8496,https://www.chewy.com/dp/3270615,chewy.com,False
La Mer Moisturizing Cream,Beauty,3.9,20.64,0.189,0.8109,0.1107,0.4818,https://ultra-deals99.net/product/58110,ultra-deals99.net,True
Ray-Ban Aviator Sunglasses,Clothing,217.24,287.05,0.7568,0.2432,0.6504,0.4277,https://www.zappos.com/dp/5633880,zappos.com,False
Peloton Bike+,Sports,213.65,2142.95,0.0997,0.9003,0.177,0.6417,https://bargain-hunt.gq/product/20306,bargain-hunt.gq,True
Garmin DriveSmart 65 GPS,Automotive,21.9,247.47,0.0885,0.9115,0.28,0.3495,https://cheapbuy-store.xyz/product/92444,cheapbuy-store.xyz,True
The North Face Parka,Clothing,32.57,294.22,0.1107,0.8893,0.0163,0.52,https://savebig-store.pw/product/57580,savebig-store.pw,True
Callaway Golf Driver,Sports,236.56,299.1,0.7909,0.2091,0.7996,0.6334,https://www.adorama.com/dp/3612902,adorama.com,False
Nike Air Max Sneakers,Clothing,223.91,241.13,0.9286,0.0714,0.6831,0.5498,https://www.adorama.com/dp/8782032,adorama.com,False
Wilson Tennis Racket Pro,Sports,1437.0,1736.56,0.8275,0.1725,0.6786,0.7772,https://www.bhphotovideo.com/dp/3989617,bhphotovideo.com,False
Atomic Habits,Books,33.93,52.67,0.6442,0.3558,0.6493,0.9069,https://www.wayfair.com/dp/2747213,wayfair.com,False
Dyson Airwrap Styler,Beauty,456.61,524.48,0.8706,0.1294,0.7369,0.5492,https://www.homedepot.com/dp/1191837,homedepot.com,False
Nespresso Vertuo Coffee Maker,Home & Garden,111.45,528.22,0.211,0.789,0.1444,0.3178,https://deal-xpress.top/product/50820,deal-xpress.top,True
Python Crash Course 3rd Ed,Books,11.38,14.71,0.7736,0.2261,0.8025,0.9001,https://www.macys.com/dp/8998677,macys.com,False
TRX Suspension Trainer,Sports,1343.15,1775.01,0.7567,0.2433,0.8559,0.643,https://www.bestbuy.com/dp/4756912,bestbuy.com,False
Peloton Bike+,Sports,1656.39,1922.01,0.8618,0.1382,0.7277,0.6561,https://www.ebay.com/dp/6668492,ebay.com,False
Clean Code,Books,9.44,14.66,0.6439,0.3564,0.6612,0.9063,https://www.costco.com/dp/3485842,costco.com,False
Dell XPS 15 Laptop,Electronics,433.94,644.69,0.6731,0.3269,0.7503,0.8038,https://www.chewy.com/dp/1703065,chewy.com,False
Dyson Airwrap Styler,Beauty,232.41,316.72,0.7338,0.2662,0.6647,0.4955,https://www.ebay.com/dp/2912813,ebay.com,False
Peloton Bike+,Sports,23.55,37.75,0.6238,0.3762,0.6374,0.5774,https://www.newegg.com/dp/3688786,newegg.com,False
Ray-Ban Aviator Sunglasses,Clothing,265.84,414.98,0.6406,0.3594,0.8572,0.6028,https://www.walmart.com/dp/9354503,walmart.com,False
NARS Blush Orgasm,Beauty,411.39,456.54,0.9011,0.0989,0.9051,0.3149,https://www.walmart.com/dp/2497141,walmart.com,False
Wilson Tennis Racket Pro,Sports,762.88,1050.22,0.7264,0.2736,0.7378,0.6262,https://www.bhphotovideo.com/dp/5859883,bhphotovideo.com,False
"iPad Pro 12.9""",Electronics,1200.75,1620.23,0.7411,0.2589,0.8777,0.8655,https://www.bestbuy.com/dp/6430006,bestbuy.com,False
Adidas Ultraboost,Clothing,275.55,386.52,0.7129,0.2871,0.9254,0.9141,https://www.bestbuy.com/dp/8393014,bestbuy.com,False
Instant Pot Duo 7-in-1,Home & Garden,112.64,126.68,0.8892,0.1108,0.7162,0.3582,https://www.adorama.com/dp/4428815,adorama.com,False
TRX Suspension Trainer,Sports,1356.79,1753.64,0.7737,0.2263,0.6943,0.7177,https://www.zappos.com/dp/5512234,zappos.com,False
Instant Pot Duo 7-in-1,Home & Garden,17.77,66.34,0.2679,0.7322,0.28,0.3081,https://deal-xpress.top/product/3708,deal-xpress.top,True
KitchenAid Stand Mixer,Home & Garden,14.61,109.53,0.1334,0.8666,0.1473,0.3631,https://bargain-hunt.gq/product/48726,bargain-hunt.gq,True
NARS Blush Orgasm,Beauty,187.62,257.97,0.7273,0.2727,0.7934,0.5336,https://www.wayfair.com/dp/4761327,wayfair.com,False
TRX Suspension Trainer,Sports,719.55,1006.5,0.7149,0.2851,0.7515,0.7745,https://www.costco.com/dp/8350099,costco.com,False
Sony Headphones WH-1000XM5,Electronics,400.43,2165.67,0.1849,0.8151,0.1663,0.8099,https://ultra-deals99.net/product/96742,ultra-deals99.net,True
Adidas Ultraboost,Clothing,123.94,441.05,0.281,0.719,0.2381,0.5054,https://ultra-deals99.net/product/8463,ultra-deals99.net,True
Wilson Tennis Racket Pro,Sports,1168.14,1712.81,0.682,0.318,0.9808,0.6742,https://www.bestbuy.com/dp/5750117,bestbuy.com,False
Magna-Tiles 100 Piece Set,Toys,24.05,219.21,0.1097,0.8903,0.1891,0.4721,https://flashsale-today.ml/product/22617,flashsale-today.ml,True
LEGO Technic Bugatti,Toys,317.85,372.23,0.8539,0.1461,0.676,0.4057,https://www.zappos.com/dp/8149873,zappos.com,False
Thinkware U1000 Dash Cam,Automotive,63.02,383.81,0.1642,0.8358,0.0831,0.4907,https://topdeal-online.cc/product/92273,topdeal-online.cc,True
Bose SoundBar 700,Electronics,705.59,1123.73,0.6279,0.3721,0.9448,0.9008,https://www.bestbuy.com/dp/1593302,bestbuy.com,False
The North Face Parka,Clothing,163.79,205.69,0.7963,0.2037,0.6098,0.6265,https://www.ebay.com/dp/1739687,ebay.com,False
Hot Wheels Ultimate Garage,Toys,13.46,188.8,0.0713,0.9287,0.0684,0.3856,https://savebig-store.pw/product/27390,savebig-store.pw,True
Olaplex Hair Perfector,Beauty,238.15,369.69,0.6442,0.3558,0.8712,0.5098,https://www.target.com/dp/4640933,target.com,False
"iPad Pro 12.9""",Electronics,2272.31,2890.25,0.7862,0.2138,0.6542,0.783,https://www.macys.com/dp/8689839,macys.com,False
Roomba i7+ Robot Vacuum,Home & Garden,572.02,764.63,0.7481,0.2519,0.8314,0.3932,https://www.amazon.com/dp/6214340,amazon.com,False
Nike Air Max Sneakers,Clothing,57.92,61.16,0.947,0.053,0.6406,0.596,https://www.zappos.com/dp/1885043,zappos.com,False
Garmin DriveSmart 65 GPS,Automotive,242.41,917.52,0.2642,0.7358,0.0908,0.3765,https://pricedown-shop.cf/product/4903,pricedown-shop.cf,True
Nintendo Switch OLED,Toys,367.05,392.69,0.9347,0.0653,0.6552,0.435,https://www.ebay.com/dp/6389136,ebay.com,False
Magna-Tiles 100 Piece Set,Toys,184.23,237.07,0.7771,0.2229,0.7103,0.2201,https://www.macys.com/dp/1640552,macys.com,False
Thinkware U1000 Dash Cam,Automotive,841.01,904.02,0.9303,0.0697,0.6884,0.3539,https://www.newegg.com/dp/3568550,newegg.com,False
Olaplex Hair Perfector,Beauty,187.46,307.46,0.6097,0.3903,0.6694,0.3875,https://www.homedepot.com/dp/7394713,homedepot.com,False
Dyson Airwrap Styler,Beauty,43.57,71.31,0.611,0.389,0.6826,0.494,https://www.ebay.com/dp/4631296,ebay.com,False
Garmin DriveSmart 65 GPS,Automotive,328.27,349.6,0.939,0.061,0.7336,0.4307,https://www.zappos.com/dp/1179145,zappos.com,False
Levi's 501 Jeans,Clothing,2.55,22.44,0.1136,0.8864,0.0099,0.6187,https://flashsale-today.ml/product/85071,flashsale-today.ml,True
Magna-Tiles 100 Piece Set,Toys,194.12,221.32,0.8771,0.1229,0.6158,0.2855,https://www.homedepot.com/dp/6565326,homedepot.com,False
Peloton Bike+,Sports,179.9,1425.51,0.1262,0.8738,0.0428,0.6482,https://topdeal-online.cc/product/96446,topdeal-online.cc,True
NOCO Genius5 Battery Charger,Automotive,6.56,49.12,0.1336,0.8664,0.28,0.4129,https://bestprice-deals.tk/product/55577,bestprice-deals.tk,True
Nespresso Vertuo Coffee Maker,Home & Garden,274.89,442.8,0.6208,0.3792,0.9057,0.4867,https://www.amazon.com/dp/7154486,amazon.com,False
Nespresso Vertuo Coffee Maker,Home & Garden,230.84,263.13,0.8773,0.1227,0.9603,0.3278,https://www.target.com/dp/9007468,target.com,False
Bose SoundBar 700,Electronics,286.0,1481.09,0.1931,0.8069,0.2166,0.807,https://deal-xpress.top/product/18405,deal-xpress.top,True
Garmin Forerunner 945,Sports,333.62,1936.25,0.1723,0.8277,0.2168,0.7688,https://pricedown-shop.cf/product/73612,pricedown-shop.cf,True
Garmin DriveSmart 65 GPS,Automotive,11.42,69.2,0.165,0.835,0.0639,0.3735,https://deal-xpress.top/product/68847,deal-xpress.top,True
Wilson Tennis Racket Pro,Sports,397.17,457.73,0.8677,0.1323,0.6972,0.727,https://www.costco.com/dp/6701752,costco.com,False
Garmin DriveSmart 65 GPS,Automotive,318.81,398.16,0.8007,0.1993,0.7272,0.3704,https://www.costco.com/dp/4602338,costco.com,False
Garmin Forerunner 945,Sports,19.36,93.34,0.2074,0.7926,0.1993,0.7269,https://bestprice-deals.tk/product/89902,bestprice-deals.tk,True
Dell XPS 15 Laptop,Electronics,793.42,1112.63,0.7131,0.2869,0.6454,0.8247,https://www.newegg.com/dp/2944497,newegg.com,False
Clean Code,Books,49.51,54.46,0.9091,0.0909,0.6377,0.9044,https://www.wayfair.com/dp/6817736,wayfair.com,False
Nintendo Switch OLED,Toys,114.63,185.7,0.6173,0.3827,0.7012,0.3898,https://www.zappos.com/dp/7084862,zappos.com,False
La Mer Moisturizing Cream,Beauty,102.22,503.78,0.2029,0.7971,0.1429,0.5358,https://savebig-store.pw/product/2059,savebig-store.pw,True
Designing Data-Intensive Applications,Books,26.68,35.17,0.7586,0.2415,0.8009,0.7801,https://www.bestbuy.com/dp/6333803,bestbuy.com,False
Wilson Tennis Racket Pro,Sports,1107.49,1778.81,0.6226,0.3774,0.657,0.6288,https://www.adorama.com/dp/3715204,adorama.com,False
Peloton Bike+,Sports,137.86,147.05,0.9375,0.0625,0.763,0.7917,https://www.ebay.com/dp/5005847,ebay.com,False
Callaway Golf Driver,Sports,1771.94,2338.89,0.7576,0.2424,0.6777,0.8643,https://www.adorama.com/dp/7152047,adorama.com,False
Atomic Habits,Books,27.82,35.3,0.7881,0.2118,0.8697,0.9366,https://www.walmart.com/dp/8749462,walmart.com,False
Nike Air Max Sneakers,Clothing,113.19,174.84,0.6474,0.3526,0.7011,0.7355,https://www.chewy.com/dp/7887260,chewy.com,False
Designing Data-Intensive Applications,Books,13.79,49.04,0.2812,0.7187,0.1649,0.9283,https://deal-xpress.top/product/13247,deal-xpress.top,True
Dyson Airwrap Styler,Beauty,277.52,326.15,0.8509,0.1491,0.6365,0.6362,https://www.macys.com/dp/4273103,macys.com,False
Dyson V15 Vacuum,Home & Garden,349.97,500.1,0.6998,0.3002,0.6262,0.5944,https://www.newegg.com/dp/3429853,newegg.com,False
Hot Wheels Ultimate Garage,Toys,211.31,322.91,0.6544,0.3456,0.6311,0.3048,https://www.wayfair.com/dp/4476383,wayfair.com,False
Clean Code,Books,36.13,56.51,0.6394,0.3606,0.677,0.9435,https://www.nordstrom.com/dp/4433725,nordstrom.com,False
LEGO Technic Bugatti,Toys,87.68,100.57,0.8718,0.1282,0.6853,0.4498,https://www.zappos.com/dp/6152035,zappos.com,False
Thinkware U1000 Dash Cam,Automotive,376.3,439.96,0.8553,0.1447,0.7155,0.3098,https://www.homedepot.com/dp/5133583,homedepot.com,False
"Samsung 4K TV 55""",Electronics,2152.1,2690.12,0.8,0.2,0.6112,0.9351,https://www.nordstrom.com/dp/5981239,nordstrom.com,False
Levi's 501 Jeans,Clothing,347.88,383.17,0.9079,0.0921,0.754,0.6754,https://www.bhphotovideo.com/dp/7012792,bhphotovideo.com,False
Designing Data-Intensive Applications,Books,20.57,22.24,0.9249,0.0749,0.7866,1.0,https://www.wayfair.com/dp/6683095,wayfair.com,False
Nespresso Vertuo Coffee Maker,Home & Garden,566.07,610.98,0.9265,0.0735,0.6908,0.3596,https://www.newegg.com/dp/3280095,newegg.com,False
Dyson V15 Vacuum,Home & Garden,29.57,188.81,0.1566,0.8434,0.214,0.4474,https://flashsale-today.ml/product/90141,flashsale-today.ml,True
Dell XPS 15 Laptop,Electronics,302.12,803.08,0.3762,0.6238,0.0908,0.885,https://shop-fast-now.biz/product/8152,shop-fast-now.biz,True
Olaplex Hair Perfector,Beauty,471.26,502.09,0.9386,0.0614,0.741,0.4844,https://www.nordstrom.com/dp/6264565,nordstrom.com,False
Designing Data-Intensive Applications,Books,23.06,38.28,0.6024,0.3977,0.9104,0.9047,https://www.bestbuy.com/dp/3106447,bestbuy.com,False
Python Crash Course 3rd Ed,Books,39.93,56.21,0.7104,0.2896,0.7111,0.8617,https://www.ebay.com/dp/1552000,ebay.com,False
KitchenAid Stand Mixer,Home & Garden,122.87,146.08,0.8411,0.1589,0.7191,0.4749,https://www.homedepot.com/dp/9064003,homedepot.com,False
Hot Wheels Ultimate Garage,Toys,8.54,44.95,0.19,0.81,0.0583,0.5341,https://pricedown-shop.cf/product/65880,pricedown-shop.cf,True
Sony Headphones WH-1000XM5,Electronics,1744.54,2544.17,0.6857,0.3143,0.671,0.8011,https://www.adorama.com/dp/2720012,adorama.com,False
Fenty Beauty Foundation,Beauty,245.24,383.54,0.6394,0.3606,0.7341,0.4752,https://www.bhphotovideo.com/dp/1602286,bhphotovideo.com,False
Levi's 501 Jeans,Clothing,286.48,349.92,0.8187,0.1813,0.7408,0.5962,https://www.costco.com/dp/8564486,costco.com,False
Nintendo Switch OLED,Toys,140.14,190.8,0.7345,0.2655,0.8375,0.3288,https://www.walmart.com/dp/9786580,walmart.com,False
Patagonia Fleece Jacket,Clothing,84.98,127.75,0.6652,0.3348,0.9803,0.4335,https://www.bestbuy.com/dp/5310948,bestbuy.com,False
Canon EOS R6 Camera,Electronics,1765.77,2174.59,0.812,0.188,0.6098,0.7233,https://www.macys.com/dp/9995261,macys.com,False
Garmin Forerunner 945,Sports,951.55,1203.28,0.7908,0.2092,0.6222,0.7485,https://www.wayfair.com/dp/7268384,wayfair.com,False
Bose SoundBar 700,Electronics,773.19,1101.73,0.7018,0.2982,0.7038,0.9094,https://www.bhphotovideo.com/dp/8679933,bhphotovideo.com,False
Dyson V15 Vacuum,Home & Garden,68.28,384.89,0.1774,0.8226,0.0302,0.4265,https://bestprice-deals.tk/product/43173,bestprice-deals.tk,True
Nintendo Switch OLED,Toys,116.85,134.08,0.8715,0.1285,0.8047,0.229,https://www.ebay.com/dp/3006411,ebay.com,False
Olaplex Hair Perfector,Beauty,71.31,86.25,0.8268,0.1732,0.7295,0.5887,https://www.bhphotovideo.com/dp/3894531,bhphotovideo.com,False
Atomic Habits,Books,4.51,15.89,0.2838,0.7162,0.0483,0.8341,https://bestprice-deals.tk/product/8879,bestprice-deals.tk,True
Michelin X-Tour Tires,Automotive,95.18,110.94,0.8579,0.1421,0.7044,0.5182,https://www.costco.com/dp/2342843,costco.com,False
KitchenAid Stand Mixer,Home & Garden,145.81,207.85,0.7015,0.2985,0.8641,0.3472,https://www.bestbuy.com/dp/9460029,bestbuy.com,False
Apple AirPods Pro,Electronics,896.01,1393.26,0.6431,0.3569,0.7001,0.7264,https://www.nordstrom.com/dp/6057746,nordstrom.com,False
Dell XPS 15 Laptop,Electronics,766.56,2872.08,0.2669,0.7331,0.0919,0.8608,https://topdeal-online.cc/product/97308,topdeal-online.cc,True
Peloton Bike+,Sports,2166.93,2396.78,0.9041,0.0959,0.7179,0.6043,https://www.chewy.com/dp/2941686,chewy.com,False
Designing Data-Intensive Applications,Books,9.5,10.41,0.9126,0.0876,0.9941,1.0,https://www.bestbuy.com/dp/5437118,bestbuy.com,False
Wilson Tennis Racket Pro,Sports,1667.02,2038.92,0.8176,0.1824,0.7039,0.5401,https://www.macys.com/dp/5941179,macys.com,False
Nespresso Vertuo Coffee Maker,Home & Garden,86.05,244.75,0.3516,0.6484,0.0456,0.4207,https://shop-fast-now.biz/product/64933,shop-fast-now.biz,True
Olaplex Hair Perfector,Beauty,81.15,533.55,0.1521,0.8479,0.0259,0.3442,https://ultra-deals99.net/product/97142,ultra-deals99.net,True
Thinkware U1000 Dash Cam,Automotive,553.89,588.43,0.9413,0.0587,0.7284,0.316,https://www.nordstrom.com/dp/4894252,nordstrom.com,False
Nike Air Max Sneakers,Clothing,129.91,159.3,0.8155,0.1845,0.714,0.51,https://www.wayfair.com/dp/8015136,wayfair.com,False
Garmin Forerunner 945,Sports,1221.37,1302.79,0.9375,0.0625,0.7326,0.5695,https://www.bhphotovideo.com/dp/2834486,bhphotovideo.com,False
Adidas Ultraboost,Clothing,328.94,349.3,0.9417,0.0583,0.7016,0.5397,https://www.macys.com/dp/6565260,macys.com,False
Garmin Forerunner 945,Sports,489.42,554.14,0.8832,0.1168,0.9205,0.7286,https://www.target.com/dp/7097090,target.com,False
TRX Suspension Trainer,Sports,421.75,619.04,0.6813,0.3187,0.6817,0.6879,https://www.costco.com/dp/4873703,costco.com,False
Nespresso Vertuo Coffee Maker,Home & Garden,63.79,82.5,0.7732,0.2268,0.6778,0.3792,https://www.newegg.com/dp/7768215,newegg.com,False
Callaway Golf Driver,Sports,1047.03,1386.98,0.7549,0.2451,0.9512,0.7474,https://www.bestbuy.com/dp/7211142,bestbuy.com,False
Python Crash Course 3rd Ed,Books,3.79,16.49,0.2298,0.7702,0.1367,0.8911,https://flashsale-today.ml/product/58875,flashsale-today.ml,True
Adidas Ultraboost,Clothing,341.02,426.86,0.7989,0.2011,0.7278,0.5265,https://www.newegg.com/dp/9316519,newegg.com,False
Ray-Ban Aviator Sunglasses,Clothing,312.12,471.27,0.6623,0.3377,0.6933,0.4943,https://www.chewy.com/dp/3801999,chewy.com,False
Nintendo Switch OLED,Toys,43.94,62.06,0.708,0.292,0.7977,0.405,https://www.newegg.com/dp/6481363,newegg.com,False
Patagonia Fleece Jacket,Clothing,57.87,160.05,0.3616,0.6384,0.1349,0.4596,https://topdeal-online.cc/product/69646,topdeal-online.cc,True
Wilson Tennis Racket Pro,Sports,348.42,2308.95,0.1509,0.8491,0.2771,0.8402,https://discount-mega.ru/product/23458,discount-mega.ru,True
NARS Blush Orgasm,Beauty,331.27,422.49,0.7841,0.2159,0.7568,0.4877,https://www.newegg.com/dp/3253793,newegg.com,False
Magna-Tiles 100 Piece Set,Toys,69.91,86.11,0.8119,0.1881,0.6619,0.3668,https://www.newegg.com/dp/5446406,newegg.com,False
Thinkware U1000 Dash Cam,Automotive,828.73,900.01,0.9208,0.0792,0.7689,0.4816,https://www.bhphotovideo.com/dp/1376030,bhphotovideo.com,False
NOCO Genius5 Battery Charger,Automotive,375.0,566.21,0.6623,0.3377,0.9154,0.3687,https://www.bestbuy.com/dp/6167981,bestbuy.com,False
Hot Wheels Ultimate Garage,Toys,103.46,118.08,0.8762,0.1238,0.6425,0.3801,https://www.wayfair.com/dp/6279418,wayfair.com,False
Wilson Tennis Racket Pro,Sports,1497.14,2317.92,0.6459,0.3541,0.7488,0.7401,https://www.zappos.com/dp/5826554,zappos.com,False
NOCO Genius5 Battery Charger,Automotive,27.1,33.9,0.7994,0.2007,0.7149,0.3399,https://www.ebay.com/dp/4879150,ebay.com,False
Nike Air Max Sneakers,Clothing,20.05,24.67,0.8127,0.1874,0.7058,0.4972,https://www.homedepot.com/dp/4627767,homedepot.com,False
Fenty Beauty Foundation,Beauty,196.76,285.91,0.6882,0.3118,0.7307,0.4182,https://www.wayfair.com/dp/2603516,wayfair.com,False
TRX Suspension Trainer,Sports,172.51,2114.07,0.0816,0.9184,0.0796,0.6259,https://pricedown-shop.cf/product/59831,pricedown-shop.cf,True
TRX Suspension Trainer,Sports,1137.28,1389.3,0.8186,0.1814,0.9041,0.7852,https://www.bestbuy.com/dp/7376562,bestbuy.com,False
"Samsung 4K TV 55""",Electronics,1296.94,1390.52,0.9327,0.0673,0.6018,0.7315,https://www.zappos.com/dp/9132441,zappos.com,False
Callaway Golf Driver,Sports,334.02,1811.37,0.1844,0.8156,0.1559,0.7869,https://discount-mega.ru/product/84005,discount-mega.ru,True
Garmin Forerunner 945,Sports,1435.35,1646.99,0.8715,0.1285,0.9166,0.6401,https://www.walmart.com/dp/6873938,walmart.com,False
Adidas Ultraboost,Clothing,280.58,360.92,0.7774,0.2226,0.8844,0.5363,https://www.target.com/dp/2347342,target.com,False
La Mer Moisturizing Cream,Beauty,254.84,377.37,0.6753,0.3247,0.7304,0.5149,https://www.zappos.com/dp/4471922,zappos.com,False
Apple AirPods Pro,Electronics,1733.89,2119.41,0.8181,0.1819,0.765,0.9268,https://www.macys.com/dp/7698366,macys.com,False
The Pragmatic Programmer,Books,28.75,34.23,0.8399,0.16,0.6762,0.8339,https://www.chewy.com/dp/9997791,chewy.com,False
Thinkware U1000 Dash Cam,Automotive,662.89,723.21,0.9166,0.0834,0.6441,0.5231,https://www.adorama.com/dp/3314386,adorama.com,False
LEGO Technic Bugatti,Toys,171.68,205.31,0.8362,0.1638,0.8157,0.2006,https://www.bhphotovideo.com/dp/4558780,bhphotovideo.com,False
Patagonia Fleece Jacket,Clothing,37.71,232.47,0.1622,0.8378,0.28,0.5034,https://savebig-store.pw/product/63544,savebig-store.pw,True
NARS Blush Orgasm,Beauty,53.48,160.3,0.3336,0.6664,0.1769,0.4758,https://discount-mega.ru/product/90566,discount-mega.ru,True
Dyson Airwrap Styler,Beauty,317.23,340.45,0.9318,0.0682,0.6512,0.6043,https://www.nordstrom.com/dp/7328832,nordstrom.com,False
Instant Pot Duo 7-in-1,Home & Garden,240.14,298.94,0.8033,0.1967,0.7126,0.5608,https://www.bhphotovideo.com/dp/9984304,bhphotovideo.com,False
"iPad Pro 12.9""",Electronics,437.7,1236.78,0.3539,0.6461,0.2452,0.8243,https://ultra-deals99.net/product/11264,ultra-deals99.net,True
Designing Data-Intensive Applications,Books,22.47,33.13,0.6782,0.3217,0.8859,0.9985,https://www.walmart.com/dp/8990770,walmart.com,False
Nintendo Switch OLED,Toys,159.31,259.93,0.6129,0.3871,0.7554,0.2668,https://www.zappos.com/dp/6632941,zappos.com,False
Michelin X-Tour Tires,Automotive,750.89,992.58,0.7565,0.2435,0.7146,0.385,https://www.costco.com/dp/2284021,costco.com,False
TRX Suspension Trainer,Sports,1671.05,2142.1,0.7801,0.2199,0.648,0.8556,https://www.costco.com/dp/8344546,costco.com,False
Dyson Airwrap Styler,Beauty,180.42,195.58,0.9225,0.0775,0.7724,0.4748,https://www.zappos.com/dp/1098052,zappos.com,False
Atomic Habits,Books,39.02,48.81,0.7994,0.2005,0.5583,1.0,https://www.wayfair.com/dp/1918930,wayfair.com,False
Barbie Dreamhouse,Toys,34.62,325.95,0.1062,0.8938,0.1163,0.1605,https://cheapbuy-store.xyz/product/49486,cheapbuy-store.xyz,True
Olaplex Hair Perfector,Beauty,290.83,445.17,0.6533,0.3467,0.6738,0.5395,https://www.adorama.com/dp/1862877,adorama.com,False
Adidas Ultraboost,Clothing,232.62,367.32,0.6333,0.3667,0.6632,0.6989,https://www.homedepot.com/dp/4878226,homedepot.com,False
Sony Headphones WH-1000XM5,Electronics,341.29,1068.52,0.3194,0.6806,0.0714,0.8461,https://deal-xpress.top/product/83218,deal-xpress.top,True
Sony Headphones WH-1000XM5,Electronics,378.58,454.26,0.8334,0.1666,0.6921,0.8158,https://www.bhphotovideo.com/dp/9712957,bhphotovideo.com,False
Hot Wheels Ultimate Garage,Toys,37.23,130.96,0.2843,0.7157,0.109,0.2444,https://bargain-hunt.gq/product/7030,bargain-hunt.gq,True
LEGO Technic Bugatti,Toys,61.81,188.16,0.3285,0.6715,0.0659,0.1334,https://ultra-deals99.net/product/75809,ultra-deals99.net,True
Atomic Habits,Books,13.03,19.13,0.6811,0.3189,0.8454,0.9712,https://www.bestbuy.com/dp/6147152,bestbuy.com,False
NARS Blush Orgasm,Beauty,37.95,62.9,0.6033,0.3967,0.771,0.4543,https://www.bhphotovideo.com/dp/7724393,bhphotovideo.com,False
"iPad Pro 12.9""",Electronics,134.43,571.55,0.2352,0.7648,0.1485,0.8889,https://savebig-store.pw/product/8868,savebig-store.pw,True
LEGO Technic Bugatti,Toys,226.53,342.09,0.6622,0.3378,0.9285,0.4408,https://www.walmart.com/dp/8273315,walmart.com,False
Designing Data-Intensive Applications,Books,21.86,28.82,0.7585,0.2414,0.7611,0.9107,https://www.macys.com/dp/5443133,macys.com,False
Bose SoundBar 700,Electronics,1122.25,1269.08,0.8843,0.1157,0.8067,0.6938,https://www.costco.com/dp/9363326,costco.com,False
Garmin Forerunner 945,Sports,1233.51,1549.63,0.796,0.204,0.5968,0.6746,https://www.ebay.com/dp/2792386,ebay.com,False
La Mer Moisturizing Cream,Beauty,112.73,144.4,0.7807,0.2193,0.6456,0.7048,https://www.chewy.com/dp/2397572,chewy.com,False
Olaplex Hair Perfector,Beauty,536.42,568.72,0.9432,0.0568,0.6868,0.7176,https://www.chewy.com/dp/7381734,chewy.com,False
Adidas Ultraboost,Clothing,187.99,225.49,0.8337,0.1663,0.8048,0.7156,https://www.bestbuy.com/dp/1104984,bestbuy.com,False
Instant Pot Duo 7-in-1,Home & Garden,83.06,134.16,0.6191,0.3809,0.8085,0.4993,https://www.amazon.com/dp/5227221,amazon.com,False
Canon EOS R6 Camera,Electronics,362.62,463.89,0.7817,0.2183,0.8577,0.8943,https://www.bestbuy.com/dp/5067855,bestbuy.com,False
Nike Air Max Sneakers,Clothing,134.28,143.75,0.9341,0.0659,0.6415,0.5423,https://www.costco.com/dp/7765944,costco.com,False
Garmin DriveSmart 65 GPS,Automotive,174.07,193.35,0.9003,0.0997,0.7375,0.3522,https://www.bhphotovideo.com/dp/7506379,bhphotovideo.com,False
Atomic Habits,Books,44.45,56.64,0.7848,0.2152,0.6702,0.972,https://www.zappos.com/dp/6093866,zappos.com,False
La Mer Moisturizing Cream,Beauty,387.01,491.26,0.7878,0.2122,0.64,0.5559,https://www.newegg.com/dp/6428764,newegg.com,False
Dyson V15 Vacuum,Home & Garden,459.4,490.76,0.9361,0.0639,0.7215,0.4804,https://www.chewy.com/dp/4273782,chewy.com,False
Barbie Dreamhouse,Toys,85.14,91.29,0.9326,0.0674,0.7339,0.285,https://www.bhphotovideo.com/dp/9365975,bhphotovideo.com,False
The Pragmatic Programmer,Books,3.88,16.84,0.2304,0.7696,0.1727,0.7582,https://buylow-online.icu/product/9941,buylow-online.icu,True
Designing Data-Intensive Applications,Books,33.93,45.01,0.7538,0.2462,0.7185,0.9467,https://www.nordstrom.com/dp/3984802,nordstrom.com,False
The North Face Parka,Clothing,209.08,222.52,0.9396,0.0604,0.9324,0.7218,https://www.target.com/dp/4903402,target.com,False
Dyson Airwrap Styler,Beauty,163.27,194.58,0.8391,0.1609,0.6989,0.5566,https://www.ebay.com/dp/4581784,ebay.com,False
"Samsung 4K TV 55""",Electronics,103.71,494.1,0.2099,0.7901,0.28,0.9418,https://bestprice-deals.tk/product/11474,bestprice-deals.tk,True
NARS Blush Orgasm,Beauty,212.31,322.12,0.6591,0.3409,0.7835,0.4246,https://www.ebay.com/dp/2839032,ebay.com,False
Hot Wheels Ultimate Garage,Toys,215.83,293.89,0.7344,0.2656,0.8447,0.3328,https://www.amazon.com/dp/3946567,amazon.com,False
Patagonia Fleece Jacket,Clothing,47.57,124.54,0.382,0.618,0.2234,0.5475,https://pricedown-shop.cf/product/87060,pricedown-shop.cf,True
Thinkware U1000 Dash Cam,Automotive,210.16,240.21,0.8749,0.1251,0.6699,0.3493,https://www.costco.com/dp/2624977,costco.com,False
Thinkware U1000 Dash Cam,Automotive,130.63,492.02,0.2655,0.7345,0.1037,0.3754,https://pricedown-shop.cf/product/73523,pricedown-shop.cf,True
Canon EOS R6 Camera,Electronics,1652.63,1934.48,0.8543,0.1457,1.0,0.8302,https://www.bestbuy.com/dp/8753086,bestbuy.com,False
NARS Blush Orgasm,Beauty,16.89,78.29,0.2157,0.7842,0.2421,0.6013,https://pricedown-shop.cf/product/43773,pricedown-shop.cf,True
Logitech MX Master Mouse,Electronics,852.51,1148.78,0.7421,0.2579,0.9459,0.7244,https://www.bestbuy.com/dp/8962169,bestbuy.com,False
Patagonia Fleece Jacket,Clothing,245.19,296.73,0.8263,0.1737,0.8212,0.5358,https://www.walmart.com/dp/4006246,walmart.com,False
NARS Blush Orgasm,Beauty,22.79,32.14,0.7091,0.2909,0.9473,0.5044,https://www.bestbuy.com/dp/1035751,bestbuy.com,False
Nespresso Vertuo Coffee Maker,Home & Garden,66.07,99.48,0.6642,0.3358,0.718,0.3771,https://www.zappos.com/dp/8609696,zappos.com,False
NARS Blush Orgasm,Beauty,21.67,101.6,0.2133,0.7867,0.157,0.5899,https://flashsale-today.ml/product/30075,flashsale-today.ml,True
Nespresso Vertuo Coffee Maker,Home & Garden,176.08,275.12,0.64,0.36,0.6566,0.4946,https://www.nordstrom.com/dp/2835292,nordstrom.com,False
Python Crash Course 3rd Ed,Books,46.34,57.37,0.8077,0.1923,0.5547,0.87,https://www.costco.com/dp/2512308,costco.com,False
Python Crash Course 3rd Ed,Books,1.6,26.48,0.0604,0.9394,0.2537,0.84,https://deal-xpress.top/product/19935,deal-xpress.top,True
Magna-Tiles 100 Piece Set,Toys,156.71,244.55,0.6408,0.3592,0.8518,0.4049,https://www.bestbuy.com/dp/3640899,bestbuy.com,False
Garmin DriveSmart 65 GPS,Automotive,418.21,514.91,0.8122,0.1878,0.7457,0.3357,https://www.homedepot.com/dp/3932663,homedepot.com,False
Garmin Forerunner 945,Sports,1588.65,1812.49,0.8765,0.1235,0.8148,0.626,https://www.target.com/dp/9654113,target.com,False
Hot Wheels Ultimate Garage,Toys,26.76,188.34,0.1421,0.8579,0.0844,0.4553,https://flashsale-today.ml/product/78137,flashsale-today.ml,True
NOCO Genius5 Battery Charger,Automotive,95.04,115.1,0.8257,0.1743,0.743,0.4064,https://www.costco.com/dp/6852886,costco.com,False
Levi's 501 Jeans,Clothing,91.17,115.25,0.7911,0.2089,0.88,0.5404,https://www.walmart.com/dp/3225760,walmart.com,False
Callaway Golf Driver,Sports,267.94,2446.91,0.1095,0.8905,0.1183,0.8999,https://flashsale-today.ml/product/41150,flashsale-today.ml,True
The North Face Parka,Clothing,20.64,23.8,0.8672,0.1326,0.7146,0.6026,https://www.chewy.com/dp/5947520,chewy.com,False
Nespresso Vertuo Coffee Maker,Home & Garden,209.91,724.84,0.2896,0.7104,0.0105,0.3441,https://discount-mega.ru/product/35552,discount-mega.ru,True
Python Crash Course 3rd Ed,Books,9.05,14.9,0.6074,0.3928,0.9021,0.9354,https://www.target.com/dp/7352396,target.com,False
Bose SoundBar 700,Electronics,1930.67,2708.57,0.7128,0.2872,0.8994,0.7782,https://www.bestbuy.com/dp/2239197,bestbuy.com,False
Dyson Airwrap Styler,Beauty,110.98,418.01,0.2655,0.7345,0.0256,0.3125,https://deal-xpress.top/product/38442,deal-xpress.top,True
Levi's 501 Jeans,Clothing,39.21,128.68,0.3047,0.6953,0.0857,0.527,https://shop-fast-now.biz/product/28338,shop-fast-now.biz,True
LEGO Technic Bugatti,Toys,7.54,97.32,0.0775,0.9225,0.058,0.272,https://bestprice-deals.tk/product/67105,bestprice-deals.tk,True
La Mer Moisturizing Cream,Beauty,230.01,374.06,0.6149,0.3851,0.7235,0.3772,https://www.costco.com/dp/6748465,costco.com,False
Garmin Forerunner 945,Sports,18.8,21.64,0.8688,0.1311,0.8609,0.6792,https://www.target.com/dp/2532401,target.com,False
Michelin X-Tour Tires,Automotive,314.53,355.56,0.8846,0.1154,0.7289,0.3838,https://www.macys.com/dp/9347057,macys.com,False
Adidas Ultraboost,Clothing,349.19,452.02,0.7725,0.2275,0.6196,0.6148,https://www.homedepot.com/dp/7851696,homedepot.com,False
Dell XPS 15 Laptop,Electronics,609.49,1734.46,0.3514,0.6486,0.1006,0.9131,https://cheapbuy-store.xyz/product/91125,cheapbuy-store.xyz,True
Hot Wheels Ultimate Garage,Toys,171.33,237.8,0.7205,0.2795,0.6582,0.5172,https://www.nordstrom.com/dp/6474513,nordstrom.com,False
Bose SoundBar 700,Electronics,1884.17,1994.89,0.9445,0.0555,0.6965,0.7171,https://www.adorama.com/dp/7901115,adorama.com,False
The Pragmatic Programmer,Books,33.87,52.14,0.6496,0.3504,0.7692,0.9451,https://www.homedepot.com/dp/2647814,homedepot.com,False
Magna-Tiles 100 Piece Set,Toys,198.79,320.73,0.6198,0.3802,0.7994,0.3075,https://www.nordstrom.com/dp/8357303,nordstrom.com,False
Dyson V15 Vacuum,Home & Garden,21.15,343.29,0.0616,0.9384,0.153,0.4029,https://deal-xpress.top/product/22110,deal-xpress.top,True
NOCO Genius5 Battery Charger,Automotive,70.02,578.18,0.1211,0.8789,0.1504,0.4607,https://bestprice-deals.tk/product/89002,bestprice-deals.tk,True
"Samsung 4K TV 55""",Electronics,765.11,1045.94,0.7315,0.2685,0.7445,0.7603,https://www.ebay.com/dp/5767885,ebay.com,False
Adidas Ultraboost,Clothing,91.85,108.45,0.8469,0.1531,0.79,0.6991,https://www.homedepot.com/dp/2270273,homedepot.com,False
Clean Code,Books,9.95,43.47,0.2289,0.7712,0.1776,0.7935,https://buylow-online.icu/product/32285,buylow-online.icu,True
Logitech MX Master Mouse,Electronics,384.42,405.46,0.9481,0.0519,0.8839,0.7231,https://www.target.com/dp/4361577,target.com,False
The North Face Parka,Clothing,40.11,170.91,0.2347,0.7653,0.1594,0.5816,https://bestprice-deals.tk/product/38791,bestprice-deals.tk,True
Bose SoundBar 700,Electronics,38.8,121.47,0.3194,0.6806,0.0495,0.837,https://pricedown-shop.cf/product/69528,pricedown-shop.cf,True
Thinkware U1000 Dash Cam,Automotive,200.31,310.22,0.6457,0.3543,0.7118,0.3249,https://www.bhphotovideo.com/dp/2470058,bhphotovideo.com,False
Nintendo Switch OLED,Toys,30.94,42.97,0.72,0.2799,0.6901,0.5154,https://www.costco.com/dp/3433361,costco.com,False
The North Face Parka,Clothing,154.75,246.07,0.6289,0.3711,0.6707,0.6263,https://www.ebay.com/dp/1502947,ebay.com,False
Designing Data-Intensive Applications,Books,37.19,50.66,0.7341,0.2659,0.6885,0.8319,https://www.macys.com/dp/7626953,macys.com,False
The Pragmatic Programmer,Books,4.96,29.55,0.1679,0.8322,0.1853,0.9143,https://pricedown-shop.cf/product/48266,pricedown-shop.cf,True
Patagonia Fleece Jacket,Clothing,294.31,424.32,0.6936,0.3064,0.7345,0.6212,https://www.chewy.com/dp/5222335,chewy.com,False
Wilson Tennis Racket Pro,Sports,550.36,655.43,0.8397,0.1603,0.6688,0.7598,https://www.macys.com/dp/3049847,macys.com,False
Apple AirPods Pro,Electronics,1344.98,1657.61,0.8114,0.1886,0.7022,0.9049,https://www.costco.com/dp/5437697,costco.com,False
Python Crash Course 3rd Ed,Books,10.28,11.09,0.927,0.0726,0.7247,0.9209,https://www.chewy.com/dp/8439543,chewy.com,False
KitchenAid Stand Mixer,Home & Garden,201.03,678.68,0.2962,0.7038,0.1028,0.4712,https://savebig-store.pw/product/26984,savebig-store.pw,True
"iPad Pro 12.9""",Electronics,706.15,820.06,0.8611,0.1389,0.63,0.7284,https://www.nordstrom.com/dp/9357022,nordstrom.com,False
Canon EOS R6 Camera,Electronics,2192.96,2904.97,0.7549,0.2451,0.8525,1.0,https://www.bestbuy.com/dp/7516590,bestbuy.com,False
Barbie Dreamhouse,Toys,47.2,64.47,0.7321,0.2678,0.9524,0.4824,https://www.walmart.com/dp/5277642,walmart.com,False
The Pragmatic Programmer,Books,9.5,45.02,0.211,0.7889,0.1175,0.9527,https://cheapbuy-store.xyz/product/77524,cheapbuy-store.xyz,True
TRX Suspension Trainer,Sports,1303.76,1674.92,0.7784,0.2216,0.748,0.737,https://www.homedepot.com/dp/7580192,homedepot.com,False
La Mer Moisturizing Cream,Beauty,27.08,167.16,0.162,0.838,0.2001,0.3682,https://bestprice-deals.tk/product/82526,bestprice-deals.tk,True
Nintendo Switch OLED,Toys,14.38,17.63,0.8157,0.1843,0.7163,0.2499,https://www.bhphotovideo.com/dp/5479421,bhphotovideo.com,False
Canon EOS R6 Camera,Electronics,222.17,282.19,0.7873,0.2127,0.7073,0.8082,https://www.chewy.com/dp/3476564,chewy.com,False
Designing Data-Intensive Applications,Books,11.04,15.13,0.7297,0.27,0.6705,0.8633,https://www.bhphotovideo.com/dp/4895353,bhphotovideo.com,False
Fenty Beauty Foundation,Beauty,185.52,492.35,0.3768,0.6232,0.2547,0.4839,https://bestprice-deals.tk/product/17757,bestprice-deals.tk,True
Peloton Bike+,Sports,1693.11,2382.32,0.7107,0.2893,0.6354,0.6574,https://www.ebay.com/dp/5229054,ebay.com,False
Peloton Bike+,Sports,1416.55,1994.58,0.7102,0.2898,0.7188,0.6278,https://www.chewy.com/dp/8959326,chewy.com,False
The Pragmatic Programmer,Books,39.57,51.18,0.7732,0.2268,0.709,1.0,https://www.homedepot.com/dp/3078241,homedepot.com,False
The North Face Parka,Clothing,130.62,191.98,0.6804,0.3196,0.7112,0.6838,https://www.bhphotovideo.com/dp/6172545,bhphotovideo.com,False
KitchenAid Stand Mixer,Home & Garden,140.35,360.97,0.3888,0.6112,0.128,0.5637,https://deal-xpress.top/product/88063,deal-xpress.top,True
Sony Headphones WH-1000XM5,Electronics,29.28,294.86,0.0993,0.9007,0.0629,0.7545,https://deal-xpress.top/product/36073,deal-xpress.top,True
Thinkware U1000 Dash Cam,Automotive,246.74,388.94,0.6344,0.3656,0.7163,0.2889,https://www.macys.com/dp/3444368,macys.com,False
Nike Air Max Sneakers,Clothing,90.25,99.09,0.9108,0.0892,0.8595,0.4994,https://www.bestbuy.com/dp/9327014,bestbuy.com,False
The North Face Parka,Clothing,194.71,256.84,0.7581,0.2419,0.7594,0.5228,https://www.bhphotovideo.com/dp/7025440,bhphotovideo.com,False
Nintendo Switch OLED,Toys,64.57,282.1,0.2289,0.7711,0.1637,0.337,https://pricedown-shop.cf/product/43074,pricedown-shop.cf,True
Bose SoundBar 700,Electronics,178.03,909.73,0.1957,0.8043,0.0864,0.7279,https://topdeal-online.cc/product/74234,topdeal-online.cc,True
Barbie Dreamhouse,Toys,15.37,18.04,0.852,0.1479,0.66,0.3449,https://www.adorama.com/dp/3463932,adorama.com,False
Clean Code,Books,17.9,22.68,0.7892,0.2106,0.7597,0.9716,https://www.zappos.com/dp/6916088,zappos.com,False
Roomba i7+ Robot Vacuum,Home & Garden,216.77,303.43,0.7144,0.2856,0.6492,0.4549,https://www.bhphotovideo.com/dp/8498243,bhphotovideo.com,False
Ray-Ban Aviator Sunglasses,Clothing,247.78,314.56,0.7877,0.2123,0.9214,0.6554,https://www.bestbuy.com/dp/3811450,bestbuy.com,False
KitchenAid Stand Mixer,Home & Garden,4.6,30.84,0.1492,0.851,0.0626,0.5251,https://shop-fast-now.biz/product/35524,shop-fast-now.biz,True
Roomba i7+ Robot Vacuum,Home & Garden,456.47,634.42,0.7195,0.2805,0.6282,0.3447,https://www.chewy.com/dp/7609027,chewy.com,False
Magna-Tiles 100 Piece Set,Toys,6.2,97.79,0.0634,0.9366,0.1611,0.37,https://shop-fast-now.biz/product/52763,shop-fast-now.biz,True
La Mer Moisturizing Cream,Beauty,318.13,494.61,0.6432,0.3568,0.6634,0.6512,https://www.zappos.com/dp/2424664,zappos.com,False
The North Face Parka,Clothing,361.1,489.96,0.737,0.263,0.8575,0.5614,https://www.bestbuy.com/dp/9531555,bestbuy.com,False
Nespresso Vertuo Coffee Maker,Home & Garden,40.64,101.73,0.3995,0.6005,0.1524,0.4173,https://bargain-hunt.gq/product/6179,bargain-hunt.gq,True
La Mer Moisturizing Cream,Beauty,53.84,238.22,0.226,0.774,0.165,0.5472,https://pricedown-shop.cf/product/24182,pricedown-shop.cf,True
Barbie Dreamhouse,Toys,169.82,179.88,0.9441,0.0559,0.6365,0.4729,https://www.chewy.com/dp/2532162,chewy.com,False
Barbie Dreamhouse,Toys,147.77,208.42,0.709,0.291,0.7159,0.3234,https://www.ebay.com/dp/9024252,ebay.com,False
Patagonia Fleece Jacket,Clothing,425.54,464.77,0.9156,0.0844,0.8861,0.6676,https://www.walmart.com/dp/7043772,walmart.com,False
The North Face Parka,Clothing,170.15,499.4,0.3407,0.6593,0.0909,0.5647,https://deal-xpress.top/product/19990,deal-xpress.top,True
Designing Data-Intensive Applications,Books,7.0,30.53,0.2293,0.7708,0.1347,0.9052,https://flashsale-today.ml/product/66568,flashsale-today.ml,True
Michelin X-Tour Tires,Automotive,632.95,834.8,0.7582,0.2418,0.7411,0.5517,https://www.chewy.com/dp/3670226,chewy.com,False
Garmin Forerunner 945,Sports,130.9,193.04,0.6781,0.3219,0.6473,0.6146,https://www.costco.com/dp/2503148,costco.com,False
KitchenAid Stand Mixer,Home & Garden,365.09,443.07,0.824,0.176,0.8504,0.3344,https://www.bestbuy.com/dp/5812771,bestbuy.com,False
Patagonia Fleece Jacket,Clothing,180.94,228.69,0.7912,0.2088,0.7369,0.6137,https://www.macys.com/dp/5418934,macys.com,False
Instant Pot Duo 7-in-1,Home & Garden,550.31,732.28,0.7515,0.2485,1.0,0.3705,https://www.amazon.com/dp/8018930,amazon.com,False
NOCO Genius5 Battery Charger,Automotive,627.12,842.11,0.7447,0.2553,0.6723,0.3797,https://www.nordstrom.com/dp/7833008,nordstrom.com,False
Instant Pot Duo 7-in-1,Home & Garden,112.75,734.07,0.1536,0.8464,0.0858,0.5019,https://savebig-store.pw/product/57865,savebig-store.pw,True
Atomic Habits,Books,34.41,45.72,0.7526,0.2473,0.693,0.9592,https://www.homedepot.com/dp/9580328,homedepot.com,False
Bose SoundBar 700,Electronics,1026.27,1684.62,0.6092,0.3908,0.7208,0.9434,https://www.homedepot.com/dp/3832054,homedepot.com,False
Garmin DriveSmart 65 GPS,Automotive,677.15,717.55,0.9437,0.0563,0.6907,0.497,https://www.macys.com/dp/1835187,macys.com,False
Apple AirPods Pro,Electronics,1582.68,1999.6,0.7915,0.2085,0.7189,0.8477,https://www.ebay.com/dp/7542823,ebay.com,False
Dyson V15 Vacuum,Home & Garden,118.84,139.14,0.8541,0.1459,0.8696,0.4438,https://www.walmart.com/dp/6005260,walmart.com,False
Dell XPS 15 Laptop,Electronics,182.41,240.01,0.76,0.24,0.6817,0.8903,https://www.homedepot.com/dp/2573623,homedepot.com,False
Atomic Habits,Books,4.06,32.2,0.1261,0.8738,0.0622,0.9371,https://cheapbuy-store.xyz/product/80701,cheapbuy-store.xyz,True
Wilson Tennis Racket Pro,Sports,300.69,1403.78,0.2142,0.7858,0.28,0.658,https://flashsale-today.ml/product/58138,flashsale-today.ml,True
NOCO Genius5 Battery Charger,Automotive,483.59,696.92,0.6939,0.3061,0.7213,0.4015,https://www.chewy.com/dp/1672446,chewy.com,False
Callaway Golf Driver,Sports,329.32,1346.35,0.2446,0.7554,0.0874,0.687,https://topdeal-online.cc/product/82385,topdeal-online.cc,True
KitchenAid Stand Mixer,Home & Garden,497.63,617.48,0.8059,0.1941,0.8366,0.4365,https://www.bestbuy.com/dp/3301718,bestbuy.com,False
Dell XPS 15 Laptop,Electronics,594.13,715.47,0.8304,0.1696,0.6689,0.8656,https://www.newegg.com/dp/3302852,newegg.com,False
Garmin Forerunner 945,Sports,189.69,618.69,0.3066,0.6934,0.0181,0.6963,https://ultra-deals99.net/product/12872,ultra-deals99.net,True
Michelin X-Tour Tires,Automotive,487.87,546.39,0.8929,0.1071,0.7153,0.3815,https://www.costco.com/dp/2703840,costco.com,False
Designing Data-Intensive Applications,Books,3.37,11.21,0.3006,0.6998,0.1496,0.8136,https://shop-fast-now.biz/product/25538,shop-fast-now.biz,True
Patagonia Fleece Jacket,Clothing,274.5,323.78,0.8478,0.1522,0.7296,0.6079,https://www.homedepot.com/dp/5132400,homedepot.com,False
Thinkware U1000 Dash Cam,Automotive,193.74,607.35,0.319,0.681,0.28,0.3089,https://topdeal-online.cc/product/92132,topdeal-online.cc,True
KitchenAid Stand Mixer,Home & Garden,65.83,87.62,0.7513,0.2487,0.6871,0.3165,https://www.newegg.com/dp/3192921,newegg.com,False
NARS Blush Orgasm,Beauty,136.6,555.73,0.2458,0.7542,0.1174,0.3975,https://bestprice-deals.tk/product/3410,bestprice-deals.tk,True
Atomic Habits,Books,38.36,46.21,0.8301,0.1699,0.6608,0.9519,https://www.bhphotovideo.com/dp/2154992,bhphotovideo.com,False
Peloton Bike+,Sports,361.07,563.11,0.6412,0.3588,0.6792,0.6096,https://www.nordstrom.com/dp/3816607,nordstrom.com,False
NOCO Genius5 Battery Charger,Automotive,224.48,561.2,0.4,0.6,0.0252,0.3413,https://shop-fast-now.biz/product/64768,shop-fast-now.biz,True
Nintendo Switch OLED,Toys,39.63,390.02,0.1016,0.8984,0.1731,0.2857,https://deal-xpress.top/product/68658,deal-xpress.top,True
Michelin X-Tour Tires,Automotive,218.11,267.82,0.8144,0.1856,0.7004,0.381,https://www.macys.com/dp/3963386,macys.com,False
Peloton Bike+,Sports,965.57,1131.57,0.8533,0.1467,0.9217,0.6685,https://www.walmart.com/dp/9203793,walmart.com,False
Dyson Airwrap Styler,Beauty,52.35,80.1,0.6536,0.3465,0.7105,0.4127,https://www.nordstrom.com/dp/2875419,nordstrom.com,False
La Mer Moisturizing Cream,Beauty,409.96,453.2,0.9046,0.0954,0.7306,0.4217,https://www.zappos.com/dp/9645534,zappos.com,False
Dyson V15 Vacuum,Home & Garden,178.15,767.89,0.232,0.768,0.1125,0.3358,https://bargain-hunt.gq/product/46590,bargain-hunt.gq,True
Thinkware U1000 Dash Cam,Automotive,321.3,436.9,0.7354,0.2646,0.9806,0.4717,https://www.amazon.com/dp/9673311,amazon.com,False
Designing Data-Intensive Applications,Books,36.69,59.45,0.6172,0.3828,0.7061,0.8665,https://www.zappos.com/dp/8134635,zappos.com,False
Michelin X-Tour Tires,Automotive,65.75,86.42,0.7608,0.2392,0.7425,0.389,https://www.ebay.com/dp/9383308,ebay.com,False
Dyson Airwrap Styler,Beauty,170.28,195.32,0.8718,0.1282,0.7038,0.4591,https://www.zappos.com/dp/9277057,zappos.com,False
Roomba i7+ Robot Vacuum,Home & Garden,634.52,682.79,0.9293,0.0707,0.9435,0.5259,https://www.target.com/dp/4746911,target.com,False
The Pragmatic Programmer,Books,11.07,17.16,0.6451,0.3551,0.6956,0.8704,https://www.zappos.com/dp/9659503,zappos.com,False
Nike Air Max Sneakers,Clothing,39.14,204.29,0.1916,0.8084,0.2673,0.6933,https://shop-fast-now.biz/product/84106,shop-fast-now.biz,True
Nike Air Max Sneakers,Clothing,15.32,48.77,0.3141,0.6859,0.1111,0.6175,https://shop-fast-now.biz/product/76765,shop-fast-now.biz,True
Sony Headphones WH-1000XM5,Electronics,1829.11,2447.3,0.7474,0.2526,0.7154,0.9153,https://www.nordstrom.com/dp/4569531,nordstrom.com,False
Nintendo Switch OLED,Toys,136.82,360.23,0.3798,0.6202,0.0211,0.3043,https://bargain-hunt.gq/product/42515,bargain-hunt.gq,True
Barbie Dreamhouse,Toys,68.04,99.1,0.6866,0.3134,0.6314,0.2209,https://www.adorama.com/dp/8966781,adorama.com,False
Patagonia Fleece Jacket,Clothing,83.43,120.83,0.6905,0.3095,0.6289,0.7201,https://www.macys.com/dp/6768873,macys.com,False
Instant Pot Duo 7-in-1,Home & Garden,117.69,126.01,0.934,0.066,0.9358,0.4459,https://www.walmart.com/dp/2161873,walmart.com,False
La Mer Moisturizing Cream,Beauty,419.27,507.28,0.8265,0.1735,0.7703,0.4613,https://www.newegg.com/dp/8065567,newegg.com,False
Olaplex Hair Perfector,Beauty,201.01,321.0,0.6262,0.3738,0.6911,0.427,https://www.newegg.com/dp/1706341,newegg.com,False
Apple AirPods Pro,Electronics,1992.01,2508.51,0.7941,0.2059,0.7051,0.8262,https://www.wayfair.com/dp/1788429,wayfair.com,False
Dyson V15 Vacuum,Home & Garden,282.59,335.18,0.8431,0.1569,0.6237,0.3946,https://www.macys.com/dp/4928281,macys.com,False
Nespresso Vertuo Coffee Maker,Home & Garden,472.82,732.72,0.6453,0.3547,0.6942,0.4259,https://www.ebay.com/dp/9517169,ebay.com,False
Roomba i7+ Robot Vacuum,Home & Garden,193.61,270.89,0.7147,0.2853,0.6758,0.5173,https://www.nordstrom.com/dp/9456053,nordstrom.com,False
Wilson Tennis Racket Pro,Sports,650.33,700.56,0.9283,0.0717,0.7022,0.8356,https://www.ebay.com/dp/7495644,ebay.com,False
Instant Pot Duo 7-in-1,Home & Garden,347.73,415.45,0.837,0.163,0.6156,0.3604,https://www.nordstrom.com/dp/7640569,nordstrom.com,False
Garmin DriveSmart 65 GPS,Automotive,480.2,617.78,0.7773,0.2227,0.8694,0.4289,https://www.target.com/dp/8981122,target.com,False
KitchenAid Stand Mixer,Home & Garden,46.68,184.01,0.2537,0.7463,0.1399,0.3458,https://cheapbuy-store.xyz/product/43009,cheapbuy-store.xyz,True
Garmin Forerunner 945,Sports,452.84,1203.41,0.3763,0.6237,0.0081,0.763,https://buylow-online.icu/product/27169,buylow-online.icu,True
NARS Blush Orgasm,Beauty,263.0,291.44,0.9024,0.0976,0.6303,0.5843,https://www.ebay.com/dp/1005932,ebay.com,False
Dyson Airwrap Styler,Beauty,76.73,555.61,0.1381,0.8619,0.2505,0.3868,https://ultra-deals99.net/product/62228,ultra-deals99.net,True
Thinkware U1000 Dash Cam,Automotive,222.12,254.11,0.8741,0.1259,0.6956,0.3637,https://www.macys.com/dp/3211404,macys.com,False
Designing Data-Intensive Applications,Books,41.84,51.47,0.8129,0.1871,0.7237,0.8259,https://www.costco.com/dp/1132108,costco.com,False
Python Crash Course 3rd Ed,Books,16.58,22.41,0.7398,0.2603,0.6662,1.0,https://www.macys.com/dp/5780177,macys.com,False
Dyson Airwrap Styler,Beauty,34.68,238.81,0.1452,0.8548,0.1096,0.3973,https://savebig-store.pw/product/43558,savebig-store.pw,True
Garmin DriveSmart 65 GPS,Automotive,170.85,230.16,0.7423,0.2577,0.9336,0.4133,https://www.walmart.com/dp/2932234,walmart.com,False
The North Face Parka,Clothing,40.17,48.2,0.8334,0.1665,0.8782,0.4715,https://www.target.com/dp/8900934,target.com,False
KitchenAid Stand Mixer,Home & Garden,281.21,300.69,0.9352,0.0648,0.7169,0.417,https://www.zappos.com/dp/6914963,zappos.com,False
Levi's 501 Jeans,Clothing,283.72,370.49,0.7658,0.2342,0.7562,0.6758,https://www.zappos.com/dp/5687895,zappos.com,False
The Pragmatic Programmer,Books,24.48,30.85,0.7935,0.2064,0.7493,0.843,https://www.ebay.com/dp/1597521,ebay.com,False
Michelin X-Tour Tires,Automotive,695.7,888.28,0.7832,0.2168,0.6993,0.3448,https://www.wayfair.com/dp/8097946,wayfair.com,False
Dell XPS 15 Laptop,Electronics,742.97,1172.98,0.6334,0.3666,0.6503,0.87,https://www.newegg.com/dp/7516222,newegg.com,False
Callaway Golf Driver,Sports,615.06,757.65,0.8118,0.1882,0.6925,0.71,https://www.zappos.com/dp/1582647,zappos.com,False
Olaplex Hair Perfector,Beauty,324.73,497.59,0.6526,0.3474,0.6681,0.5367,https://www.newegg.com/dp/5179788,newegg.com,False
Dyson V15 Vacuum,Home & Garden,418.69,565.19,0.7408,0.2592,0.7363,0.4913,https://www.ebay.com/dp/5369510,ebay.com,False
Adidas Ultraboost,Clothing,67.86,275.74,0.2461,0.7539,0.0077,0.5699,https://topdeal-online.cc/product/36588,topdeal-online.cc,True
Ray-Ban Aviator Sunglasses,Clothing,344.55,434.1,0.7937,0.2063,0.6646,0.5569,https://www.zappos.com/dp/7815765,zappos.com,False
Clean Code,Books,36.98,40.25,0.9188,0.0813,0.7379,0.9225,https://www.bhphotovideo.com/dp/4546544,bhphotovideo.com,False
Python Crash Course 3rd Ed,Books,35.5,50.51,0.7028,0.2972,0.6536,0.9995,https://www.adorama.com/dp/2536829,adorama.com,False
Nike Air Max Sneakers,Clothing,73.36,97.76,0.7504,0.2496,0.7644,0.6012,https://www.homedepot.com/dp/4297008,homedepot.com,False
Hot Wheels Ultimate Garage,Toys,56.69,83.22,0.6812,0.3188,0.7311,0.4563,https://www.macys.com/dp/1141455,macys.com,False
Thinkware U1000 Dash Cam,Automotive,551.2,740.96,0.7439,0.2561,0.9415,0.3845,https://www.target.com/dp/9723352,target.com,False
Wilson Tennis Racket Pro,Sports,63.37,95.28,0.6651,0.3349,0.8317,0.682,https://www.walmart.com/dp/4763253,walmart.com,False
Thinkware U1000 Dash Cam,Automotive,254.66,289.12,0.8808,0.1192,0.6969,0.4193,https://www.bhphotovideo.com/dp/7580559,bhphotovideo.com,False
"Samsung 4K TV 55""",Electronics,2211.82,2523.76,0.8764,0.1236,0.5848,0.8211,https://www.ebay.com/dp/2479872,ebay.com,False
NARS Blush Orgasm,Beauty,274.01,365.93,0.7488,0.2512,0.7691,0.5519,https://www.newegg.com/dp/4116429,newegg.com,False
Atomic Habits,Books,15.58,42.31,0.3682,0.6317,0.2746,0.9618,https://discount-mega.ru/product/21402,discount-mega.ru,True
Michelin X-Tour Tires,Automotive,122.14,952.76,0.1282,0.8718,0.073,0.4488,https://topdeal-online.cc/product/25246,topdeal-online.cc,True
Clean Code,Books,43.86,50.66,0.8658,0.1342,0.6812,0.956,https://www.nordstrom.com/dp/9327907,nordstrom.com,False
NOCO Genius5 Battery Charger,Automotive,592.48,730.2,0.8114,0.1886,0.6818,0.3954,https://www.zappos.com/dp/1050591,zappos.com,False
Callaway Golf Driver,Sports,1104.53,1676.07,0.659,0.341,0.6632,0.8325,https://www.macys.com/dp/5072535,macys.com,False
Apple AirPods Pro,Electronics,93.22,993.81,0.0938,0.9062,0.092,0.837,https://topdeal-online.cc/product/39398,topdeal-online.cc,True
NOCO Genius5 Battery Charger,Automotive,17.48,172.37,0.1014,0.8986,0.1858,0.4059,https://deal-xpress.top/product/52350,deal-xpress.top,True
Hot Wheels Ultimate Garage,Toys,263.82,317.36,0.8313,0.1687,0.8083,0.4452,https://www.costco.com/dp/8229326,costco.com,False
TRX Suspension Trainer,Sports,58.64,206.85,0.2835,0.7165,0.28,0.802,https://discount-mega.ru/product/99991,discount-mega.ru,True
Designing Data-Intensive Applications,Books,13.6,16.26,0.8364,0.1638,0.7521,0.9467,https://www.macys.com/dp/4101936,macys.com,False
Nike Air Max Sneakers,Clothing,162.34,266.4,0.6094,0.3906,0.6372,0.6651,https://www.homedepot.com/dp/4761958,homedepot.com,False
Peloton Bike+,Sports,483.9,671.71,0.7204,0.2796,0.6801,0.6118,https://www.bhphotovideo.com/dp/7317976,bhphotovideo.com,False
KitchenAid Stand Mixer,Home & Garden,269.56,417.21,0.6461,0.3539,0.7415,0.3815,https://www.zappos.com/dp/3083077,zappos.com,False
The North Face Parka,Clothing,83.46,106.93,0.7805,0.2195,0.6568,0.7024,https://www.homedepot.com/dp/8275548,homedepot.com,False
Magna-Tiles 100 Piece Set,Toys,231.88,312.21,0.7427,0.2573,0.6661,0.3245,https://www.ebay.com/dp/8942448,ebay.com,False
Apple AirPods Pro,Electronics,407.38,618.65,0.6585,0.3415,0.6154,0.8421,https://www.zappos.com/dp/1966829,zappos.com,False
Olaplex Hair Perfector,Beauty,439.35,591.16,0.7432,0.2568,0.6944,0.5239,https://www.bhphotovideo.com/dp/9332423,bhphotovideo.com,False
Magna-Tiles 100 Piece Set,Toys,196.52,311.98,0.6299,0.3701,0.663,0.4022,https://www.macys.com/dp/2105263,macys.com,False
Michelin X-Tour Tires,Automotive,519.78,758.69,0.6851,0.3149,0.6954,0.329,https://www.costco.com/dp/5954178,costco.com,False
Python Crash Course 3rd Ed,Books,7.12,34.54,0.2061,0.7938,0.0502,0.9132,https://deal-xpress.top/product/65233,deal-xpress.top,True
Fenty Beauty Foundation,Beauty,18.9,28.09,0.6728,0.327,0.6921,0.4853,https://www.homedepot.com/dp/3898766,homedepot.com,False
Callaway Golf Driver,Sports,625.28,1039.71,0.6014,0.3986,0.9171,0.6952,https://www.walmart.com/dp/2721596,walmart.com,False
Thinkware U1000 Dash Cam,Automotive,383.71,452.49,0.848,0.152,0.6688,0.3556,https://www.macys.com/dp/2160289,macys.com,False
Fenty Beauty Foundation,Beauty,261.25,323.61,0.8073,0.1927,0.7397,0.5779,https://www.adorama.com/dp/9384022,adorama.com,False
Bose SoundBar 700,Electronics,1451.61,1568.97,0.9252,0.0748,0.8836,0.8983,https://www.target.com/dp/8462856,target.com,False
Ray-Ban Aviator Sunglasses,Clothing,137.55,495.48,0.2776,0.7224,0.0347,0.5813,https://bestprice-deals.tk/product/55024,bestprice-deals.tk,True
Barbie Dreamhouse,Toys,98.83,305.98,0.323,0.677,0.1597,0.4783,https://bargain-hunt.gq/product/91658,bargain-hunt.gq,True
Ray-Ban Aviator Sunglasses,Clothing,298.03,398.59,0.7477,0.2523,0.7435,0.6397,https://www.nordstrom.com/dp/4784650,nordstrom.com,False
Olaplex Hair Perfector,Beauty,14.1,141.75,0.0995,0.9005,0.0378,0.4821,https://ultra-deals99.net/product/52032,ultra-deals99.net,True
La Mer Moisturizing Cream,Beauty,29.76,116.16,0.2562,0.7438,0.1303,0.5099,https://pricedown-shop.cf/product/16983,pricedown-shop.cf,True
Garmin DriveSmart 65 GPS,Automotive,81.89,353.3,0.2318,0.7682,0.28,0.4473,https://topdeal-online.cc/product/54997,topdeal-online.cc,True
Dyson V15 Vacuum,Home & Garden,81.25,116.69,0.6963,0.3037,0.7491,0.338,https://www.bhphotovideo.com/dp/5582437,bhphotovideo.com,False
Olaplex Hair Perfector,Beauty,5.18,49.86,0.1039,0.8962,0.0563,0.4577,https://pricedown-shop.cf/product/57812,pricedown-shop.cf,True
LEGO Technic Bugatti,Toys,335.27,368.14,0.9107,0.0893,0.7106,0.3423,https://www.zappos.com/dp/9480665,zappos.com,False
Patagonia Fleece Jacket,Clothing,221.0,281.96,0.7838,0.2162,0.8885,0.5261,https://www.target.com/dp/5659599,target.com,False
LEGO Technic Bugatti,Toys,57.59,72.94,0.7896,0.2105,0.9261,0.3422,https://www.bestbuy.com/dp/9379307,bestbuy.com,False
Peloton Bike+,Sports,1152.72,1735.5,0.6642,0.3358,0.8424,0.7087,https://www.target.com/dp/5863660,target.com,False
Callaway Golf Driver,Sports,2041.89,2289.11,0.892,0.108,0.6487,0.705,https://www.homedepot.com/dp/9279258,homedepot.com,False
Clean Code,Books,7.91,41.14,0.1923,0.8078,0.28,0.8661,https://ultra-deals99.net/product/55203,ultra-deals99.net,True
LEGO Technic Bugatti,Toys,147.86,226.46,0.6529,0.3471,0.9505,0.3465,https://www.bestbuy.com/dp/7815424,bestbuy.com,False
Garmin DriveSmart 65 GPS,Automotive,75.41,108.68,0.6939,0.3061,0.6889,0.5637,https://www.chewy.com/dp/7659629,chewy.com,False
Callaway Golf Driver,Sports,1884.17,2168.46,0.8689,0.1311,0.5896,0.6816,https://www.zappos.com/dp/5077356,zappos.com,False
Atomic Habits,Books,36.16,40.53,0.8922,0.1077,0.8301,0.9962,https://www.bestbuy.com/dp/6488547,bestbuy.com,False
Dell XPS 15 Laptop,Electronics,786.61,880.27,0.8936,0.1064,0.9254,0.8454,https://www.amazon.com/dp/2053323,amazon.com,False
Thinkware U1000 Dash Cam,Automotive,405.97,496.9,0.817,0.183,0.6966,0.4291,https://www.homedepot.com/dp/2086368,homedepot.com,False
Nespresso Vertuo Coffee Maker,Home & Garden,561.5,605.78,0.9269,0.0731,0.6878,0.4736,https://www.costco.com/dp/4293083,costco.com,False
Dell XPS 15 Laptop,Electronics,1753.02,2105.73,0.8325,0.1675,0.6408,0.8298,https://www.nordstrom.com/dp/9599736,nordstrom.com,False
NARS Blush Orgasm,Beauty,186.49,277.56,0.6719,0.3281,0.6327,0.4775,https://www.wayfair.com/dp/1108971,wayfair.com,False
NARS Blush Orgasm,Beauty,67.17,370.51,0.1813,0.8187,0.2097,0.533,https://flashsale-today.ml/product/53544,flashsale-today.ml,True
Roomba i7+ Robot Vacuum,Home & Garden,259.4,287.65,0.9018,0.0982,0.7019,0.3341,https://www.zappos.com/dp/4387157,zappos.com,False
"Samsung 4K TV 55""",Electronics,271.12,1873.67,0.1447,0.8553,0.079,0.7511,https://topdeal-online.cc/product/37282,topdeal-online.cc,True
Levi's 501 Jeans,Clothing,68.72,217.06,0.3166,0.6834,0.1797,0.6667,https://buylow-online.icu/product/96577,buylow-online.icu,True
Callaway Golf Driver,Sports,50.21,139.42,0.3601,0.6399,0.0793,0.633,https://bargain-hunt.gq/product/84056,bargain-hunt.gq,True
Fenty Beauty Foundation,Beauty,173.99,220.32,0.7897,0.2103,0.6912,0.5393,https://www.wayfair.com/dp/5095330,wayfair.com,False
Barbie Dreamhouse,Toys,157.64,246.93,0.6384,0.3616,0.5962,0.3431,https://www.ebay.com/dp/3176277,ebay.com,False
NOCO Genius5 Battery Charger,Automotive,317.55,827.59,0.3837,0.6163,0.2462,0.372,https://buylow-online.icu/product/18422,buylow-online.icu,True
KitchenAid Stand Mixer,Home & Garden,97.71,125.36,0.7794,0.2206,0.8448,0.4235,https://www.bestbuy.com/dp/5196564,bestbuy.com,False
Bose SoundBar 700,Electronics,59.28,62.62,0.9467,0.0534,0.898,0.8392,https://www.bestbuy.com/dp/7931725,bestbuy.com,False
Clean Code,Books,1.64,15.5,0.1058,0.8943,0.0082,0.8953,https://bargain-hunt.gq/product/72047,bargain-hunt.gq,True
Roomba i7+ Robot Vacuum,Home & Garden,465.06,766.66,0.6066,0.3934,0.6619,0.5329,https://www.homedepot.com/dp/7994575,homedepot.com,False
Nespresso Vertuo Coffee Maker,Home & Garden,418.06,473.08,0.8837,0.1163,0.8943,0.4711,https://www.walmart.com/dp/2271373,walmart.com,False
NARS Blush Orgasm,Beauty,8.91,38.69,0.2303,0.7696,0.1028,0.4808,https://bargain-hunt.gq/product/32033,bargain-hunt.gq,True
Nintendo Switch OLED,Toys,321.68,384.33,0.837,0.163,0.8089,0.3022,https://www.walmart.com/dp/4184143,walmart.com,False
Nespresso Vertuo Coffee Maker,Home & Garden,101.39,555.87,0.1824,0.8176,0.28,0.493,https://bestprice-deals.tk/product/6570,bestprice-deals.tk,True
"iPad Pro 12.9""",Electronics,564.07,760.72,0.7415,0.2585,0.8956,1.0,https://www.bestbuy.com/dp/8658687,bestbuy.com,False
TRX Suspension Trainer,Sports,303.16,441.86,0.6861,0.3139,0.8456,0.6131,https://www.amazon.com/dp/2655671,amazon.com,False
Garmin DriveSmart 65 GPS,Automotive,37.69,471.1,0.08,0.92,0.2693,0.3792,https://ultra-deals99.net/product/70078,ultra-deals99.net,True
Hot Wheels Ultimate Garage,Toys,244.49,263.32,0.9285,0.0715,0.9311,0.3204,https://www.target.com/dp/3330636,target.com,False
Designing Data-Intensive Applications,Books,36.11,42.23,0.8551,0.1449,0.6464,0.6663,https://www.bhphotovideo.com/dp/7092894,bhphotovideo.com,False
KitchenAid Stand Mixer,Home & Garden,420.42,683.05,0.6155,0.3845,0.9477,0.5475,https://www.bestbuy.com/dp/1441357,bestbuy.com,False
Michelin X-Tour Tires,Automotive,384.03,536.66,0.7156,0.2844,0.7213,0.4335,https://www.ebay.com/dp/4088321,ebay.com,False
Garmin Forerunner 945,Sports,208.74,346.69,0.6021,0.3979,0.6452,0.7658,https://www.wayfair.com/dp/4922062,wayfair.com,False
Thinkware U1000 Dash Cam,Automotive,810.57,877.62,0.9236,0.0764,0.6982,0.5252,https://www.nordstrom.com/dp/2642635,nordstrom.com,False
Atomic Habits,Books,32.86,36.88,0.891,0.1089,0.632,0.9597,https://www.bhphotovideo.com/dp/9309978,bhphotovideo.com,False
Apple AirPods Pro,Electronics,2061.62,2741.15,0.7521,0.2479,0.6455,0.9629,https://www.homedepot.com/dp/3518087,homedepot.com,False
Atomic Habits,Books,3.84,51.34,0.0748,0.9252,0.0363,0.9869,https://discount-mega.ru/product/44796,discount-mega.ru,True
KitchenAid Stand Mixer,Home & Garden,331.47,516.14,0.6422,0.3578,0.7104,0.4555,https://www.nordstrom.com/dp/7816395,nordstrom.com,False
Python Crash Course 3rd Ed,Books,39.22,43.35,0.9047,0.0952,0.9511,1.0,https://www.target.com/dp/3622515,target.com,False
Levi's 501 Jeans,Clothing,71.63,84.77,0.845,0.155,0.7552,0.5795,https://www.newegg.com/dp/3507958,newegg.com,False
Sony Headphones WH-1000XM5,Electronics,1820.16,2908.54,0.6258,0.3742,0.569,0.9158,https://www.zappos.com/dp/4965789,zappos.com,False
Thinkware U1000 Dash Cam,Automotive,144.99,225.52,0.6429,0.3571,0.7563,0.3959,https://www.ebay.com/dp/6109503,ebay.com,False
Bose SoundBar 700,Electronics,543.66,883.43,0.6154,0.3846,0.6029,0.8497,https://www.bhphotovideo.com/dp/2675927,bhphotovideo.com,False
Dyson V15 Vacuum,Home & Garden,90.61,135.66,0.6679,0.3321,0.6901,0.4379,https://www.zappos.com/dp/8650891,zappos.com,False
Ray-Ban Aviator Sunglasses,Clothing,132.76,367.85,0.3609,0.6391,0.0468,0.6005,https://bargain-hunt.gq/product/65897,bargain-hunt.gq,True
Hot Wheels Ultimate Garage,Toys,43.16,354.97,0.1216,0.8784,0.2658,0.2478,https://savebig-store.pw/product/95642,savebig-store.pw,True
Nintendo Switch OLED,Toys,214.82,237.34,0.9051,0.0949,0.7952,0.4801,https://www.macys.com/dp/1162422,macys.com,False
The North Face Parka,Clothing,338.59,436.1,0.7764,0.2236,0.864,0.5261,https://www.bestbuy.com/dp/2506684,bestbuy.com,False
Clean Code,Books,37.94,42.49,0.8929,0.1072,0.6758,0.851,https://www.bhphotovideo.com/dp/2396771,bhphotovideo.com,False
KitchenAid Stand Mixer,Home & Garden,25.75,31.66,0.8133,0.1866,0.7046,0.291,https://www.chewy.com/dp/8633773,chewy.com,False
Canon EOS R6 Camera,Electronics,1927.39,2783.23,0.6925,0.3075,0.8316,1.0,https://www.target.com/dp/9014904,target.com,False
Fenty Beauty Foundation,Beauty,19.63,146.46,0.134,0.866,0.0466,0.4855,https://deal-xpress.top/product/78454,deal-xpress.top,True
Canon EOS R6 Camera,Electronics,646.42,859.72,0.7519,0.2481,0.7206,0.8049,https://www.homedepot.com/dp/1822825,homedepot.com,False
Nespresso Vertuo Coffee Maker,Home & Garden,123.9,179.2,0.6914,0.3086,0.6591,0.5726,https://www.homedepot.com/dp/3944885,homedepot.com,False
Garmin Forerunner 945,Sports,854.82,1021.41,0.8369,0.1631,0.8999,0.6574,https://www.target.com/dp/1657853,target.com,False
Designing Data-Intensive Applications,Books,47.31,52.32,0.9042,0.0957,0.6926,0.8475,https://www.newegg.com/dp/6046176,newegg.com,False
Sony Headphones WH-1000XM5,Electronics,415.48,2376.86,0.1748,0.8252,0.1421,0.8216,https://ultra-deals99.net/product/74938,ultra-deals99.net,True
The North Face Parka,Clothing,42.67,294.7,0.1448,0.8552,0.1689,0.5904,https://pricedown-shop.cf/product/35790,pricedown-shop.cf,True
Designing Data-Intensive Applications,Books,39.24,42.89,0.9149,0.0852,0.6905,0.7802,https://www.newegg.com/dp/1683460,newegg.com,False
LEGO Technic Bugatti,Toys,40.83,114.57,0.3564,0.6436,0.1706,0.332,https://flashsale-today.ml/product/68655,flashsale-today.ml,True
Dyson V15 Vacuum,Home & Garden,92.92,409.86,0.2267,0.7733,0.1591,0.5556,https://topdeal-online.cc/product/91773,topdeal-online.cc,True
Dell XPS 15 Laptop,Electronics,471.08,530.61,0.8878,0.1122,0.6569,0.8524,https://www.newegg.com/dp/4151566,newegg.com,False
LEGO Technic Bugatti,Toys,126.14,185.39,0.6804,0.3196,0.7186,0.3811,https://www.macys.com/dp/9679670,macys.com,False
Dyson V15 Vacuum,Home & Garden,141.14,212.79,0.6633,0.3367,0.7315,0.3857,https://www.adorama.com/dp/1916158,adorama.com,False
Nespresso Vertuo Coffee Maker,Home & Garden,263.35,410.53,0.6415,0.3585,0.916,0.5823,https://www.target.com/dp/4018484,target.com,False
Hot Wheels Ultimate Garage,Toys,84.11,116.69,0.7208,0.2792,0.7491,0.324,https://www.wayfair.com/dp/8936405,wayfair.com,False
Instant Pot Duo 7-in-1,Home & Garden,15.31,39.42,0.3884,0.6116,0.1717,0.34,https://discount-mega.ru/product/25690,discount-mega.ru,True
Instant Pot Duo 7-in-1,Home & Garden,391.73,560.41,0.699,0.301,0.9617,0.4494,https://www.target.com/dp/2511450,target.com,False
"iPad Pro 12.9""",Electronics,256.4,337.55,0.7596,0.2404,0.7375,0.8723,https://www.zappos.com/dp/4257839,zappos.com,False
The North Face Parka,Clothing,192.58,275.82,0.6982,0.3018,0.9041,0.4834,https://www.bestbuy.com/dp/6328403,bestbuy.com,False
NOCO Genius5 Battery Charger,Automotive,30.81,173.5,0.1776,0.8224,0.0177,0.4999,https://flashsale-today.ml/product/61713,flashsale-today.ml,True
Logitech MX Master Mouse,Electronics,1069.57,1169.31,0.9147,0.0853,0.6989,0.7902,https://www.costco.com/dp/5357055,costco.com,False
Levi's 501 Jeans,Clothing,202.72,322.96,0.6277,0.3723,0.9162,0.5896,https://www.target.com/dp/2516313,target.com,False
Logitech MX Master Mouse,Electronics,1523.31,2162.26,0.7045,0.2955,0.6883,0.8313,https://www.newegg.com/dp/4698379,newegg.com,False
Clean Code,Books,34.8,50.09,0.6947,0.3052,0.6306,0.9611,https://www.zappos.com/dp/5253262,zappos.com,False
Nintendo Switch OLED,Toys,11.71,17.16,0.6824,0.3175,0.6259,0.2428,https://www.adorama.com/dp/7945843,adorama.com,False
Adidas Ultraboost,Clothing,272.99,444.68,0.6139,0.3861,0.7162,0.4557,https://www.nordstrom.com/dp/6331381,nordstrom.com,False
Nintendo Switch OLED,Toys,163.21,220.55,0.74,0.26,0.7257,0.3644,https://www.chewy.com/dp/6911017,chewy.com,False
Michelin X-Tour Tires,Automotive,126.73,192.83,0.6572,0.3428,0.6915,0.5309,https://www.bhphotovideo.com/dp/5683785,bhphotovideo.com,False
Dell XPS 15 Laptop,Electronics,1476.15,2322.81,0.6355,0.3645,0.7767,0.9398,https://www.ebay.com/dp/3379648,ebay.com,False
Garmin DriveSmart 65 GPS,Automotive,714.14,931.33,0.7668,0.2332,0.8669,0.3588,https://www.walmart.com/dp/6340871,walmart.com,False
Apple AirPods Pro,Electronics,1245.66,2015.3,0.6181,0.3819,0.8141,0.8006,https://www.homedepot.com/dp/5459377,homedepot.com,False
Apple AirPods Pro,Electronics,301.45,360.15,0.837,0.163,0.7173,1.0,https://www.macys.com/dp/8309538,macys.com,False
Clean Code,Books,11.93,16.36,0.7292,0.2706,0.8412,0.939,https://www.bestbuy.com/dp/1831808,bestbuy.com,False
Dyson V15 Vacuum,Home & Garden,651.93,707.31,0.9217,0.0783,0.8746,0.4382,https://www.amazon.com/dp/4010048,amazon.com,False
Fenty Beauty Foundation,Beauty,5.64,20.03,0.2816,0.7185,0.28,0.6388,https://flashsale-today.ml/product/95516,flashsale-today.ml,True
Ray-Ban Aviator Sunglasses,Clothing,314.35,435.15,0.7224,0.2776,0.6024,0.6115,https://www.ebay.com/dp/8467845,ebay.com,False
Thinkware U1000 Dash Cam,Automotive,618.13,833.06,0.742,0.258,0.6813,0.36,https://www.homedepot.com/dp/4616959,homedepot.com,False
Magna-Tiles 100 Piece Set,Toys,236.16,391.44,0.6033,0.3967,0.6887,0.382,https://www.macys.com/dp/9511530,macys.com,False
Michelin X-Tour Tires,Automotive,162.16,511.05,0.3173,0.6827,0.0495,0.377,https://bargain-hunt.gq/product/96354,bargain-hunt.gq,True
Designing Data-Intensive Applications,Books,17.04,20.53,0.83,0.17,0.7943,0.914,https://www.homedepot.com/dp/5428914,homedepot.com,False
Michelin X-Tour Tires,Automotive,122.58,131.45,0.9325,0.0675,1.0,0.2816,https://www.target.com/dp/2863660,target.com,False
Thinkware U1000 Dash Cam,Automotive,316.36,423.4,0.7472,0.2528,0.8978,0.4146,https://www.walmart.com/dp/5637988,walmart.com,False
KitchenAid Stand Mixer,Home & Garden,49.97,53.36,0.9365,0.0636,0.7721,0.409,https://www.adorama.com/dp/3018015,adorama.com,False
Callaway Golf Driver,Sports,975.75,1529.87,0.6378,0.3622,0.6485,0.7037,https://www.chewy.com/dp/4696718,chewy.com,False
"iPad Pro 12.9""",Electronics,467.53,751.06,0.6225,0.3775,0.6906,0.8417,https://www.newegg.com/dp/8304317,newegg.com,False
Designing Data-Intensive Applications,Books,10.94,42.12,0.2597,0.7403,0.2725,0.799,https://bargain-hunt.gq/product/98088,bargain-hunt.gq,True
Patagonia Fleece Jacket,Clothing,7.44,64.29,0.1157,0.8842,0.1954,0.562,https://cheapbuy-store.xyz/product/61538,cheapbuy-store.xyz,True
NOCO Genius5 Battery Charger,Automotive,139.88,218.76,0.6394,0.3606,0.7594,0.6072,https://www.zappos.com/dp/4653880,zappos.com,False
Clean Code,Books,6.76,35.43,0.1908,0.8092,0.1799,0.8892,https://buylow-online.icu/product/96929,buylow-online.icu,True
Canon EOS R6 Camera,Electronics,1020.18,1371.02,0.7441,0.2559,1.0,0.7264,https://www.target.com/dp/5217304,target.com,False
Python Crash Course 3rd Ed,Books,21.29,29.32,0.7261,0.2739,0.7825,1.0,https://www.target.com/dp/8393823,target.com,False
Thinkware U1000 Dash Cam,Automotive,403.93,640.55,0.6306,0.3694,0.6969,0.4384,https://www.costco.com/dp/1736600,costco.com,False
Garmin Forerunner 945,Sports,598.61,892.78,0.6705,0.3295,0.9097,0.8048,https://www.amazon.com/dp/1119359,amazon.com,False
Wilson Tennis Racket Pro,Sports,551.85,1954.85,0.2823,0.7177,0.28,0.7108,https://pricedown-shop.cf/product/62473,pricedown-shop.cf,True
Dyson V15 Vacuum,Home & Garden,245.58,297.02,0.8268,0.1732,0.7062,0.4941,https://www.homedepot.com/dp/6072192,homedepot.com,False
Ray-Ban Aviator Sunglasses,Clothing,46.74,240.7,0.1942,0.8058,0.1679,0.5903,https://shop-fast-now.biz/product/21078,shop-fast-now.biz,True
Dyson Airwrap Styler,Beauty,346.67,377.55,0.9182,0.0818,0.9368,0.6425,https://www.amazon.com/dp/7381258,amazon.com,False
Roomba i7+ Robot Vacuum,Home & Garden,573.79,605.26,0.948,0.052,0.7446,0.5964,https://www.chewy.com/dp/4329683,chewy.com,False
Atomic Habits,Books,40.78,57.36,0.7109,0.2891,0.7831,0.8634,https://www.chewy.com/dp/4190481,chewy.com,False
Levi's 501 Jeans,Clothing,187.43,286.41,0.6544,0.3456,0.8888,0.5257,https://www.target.com/dp/5173131,target.com,False
Magna-Tiles 100 Piece Set,Toys,133.33,354.03,0.3766,0.6234,0.28,0.4883,https://buylow-online.icu/product/33400,buylow-online.icu,True
Olaplex Hair Perfector,Beauty,372.87,423.47,0.8805,0.1195,0.895,0.4954,https://www.walmart.com/dp/7788683,walmart.com,False
Thinkware U1000 Dash Cam,Automotive,627.78,836.59,0.7504,0.2496,0.6771,0.3873,https://www.bhphotovideo.com/dp/9402873,bhphotovideo.com,False
KitchenAid Stand Mixer,Home & Garden,235.96,296.96,0.7946,0.2054,0.7494,0.4439,https://www.homedepot.com/dp/1360413,homedepot.com,False
Barbie Dreamhouse,Toys,81.94,95.66,0.8566,0.1434,0.7733,0.3319,https://www.chewy.com/dp/2197935,chewy.com,False
Bose SoundBar 700,Electronics,542.29,687.75,0.7885,0.2115,0.8898,1.0,https://www.target.com/dp/1580613,target.com,False
The North Face Parka,Clothing,251.96,311.29,0.8094,0.1906,0.8546,0.7215,https://www.amazon.com/dp/9245549,amazon.com,False
Clean Code,Books,30.96,33.42,0.9264,0.0737,0.7601,0.9007,https://www.macys.com/dp/3061177,macys.com,False
Olaplex Hair Perfector,Beauty,340.13,391.54,0.8687,0.1313,0.6942,0.5172,https://www.wayfair.com/dp/1222997,wayfair.com,False
Atomic Habits,Books,23.92,25.18,0.95,0.05,0.7442,0.8938,https://www.zappos.com/dp/3286742,zappos.com,False
Apple AirPods Pro,Electronics,361.54,1190.46,0.3037,0.6963,0.28,0.7676,https://bestprice-deals.tk/product/15543,bestprice-deals.tk,True
The North Face Parka,Clothing,10.32,31.58,0.3268,0.6732,0.28,0.5093,https://savebig-store.pw/product/51697,savebig-store.pw,True
Patagonia Fleece Jacket,Clothing,28.31,108.5,0.2609,0.7391,0.2252,0.5709,https://bargain-hunt.gq/product/10249,bargain-hunt.gq,True
Nintendo Switch OLED,Toys,130.29,176.0,0.7403,0.2597,0.7928,0.3115,https://www.costco.com/dp/7093060,costco.com,False
Apple AirPods Pro,Electronics,182.81,827.94,0.2208,0.7792,0.28,0.8996,https://savebig-store.pw/product/25439,savebig-store.pw,True
LEGO Technic Bugatti,Toys,8.58,25.01,0.3431,0.657,0.0825,0.4552,https://cheapbuy-store.xyz/product/39979,cheapbuy-store.xyz,True
Nespresso Vertuo Coffee Maker,Home & Garden,530.32,692.14,0.7662,0.2338,0.7054,0.481,https://www.nordstrom.com/dp/9944877,nordstrom.com,False
Ray-Ban Aviator Sunglasses,Clothing,99.71,122.01,0.8172,0.1828,0.7651,0.611,https://www.ebay.com/dp/3181170,ebay.com,False
Michelin X-Tour Tires,Automotive,42.71,54.51,0.7835,0.2164,0.5735,0.3771,https://www.costco.com/dp/9030449,costco.com,False
Barbie Dreamhouse,Toys,175.6,242.57,0.7239,0.2761,0.7221,0.2899,https://www.zappos.com/dp/4227225,zappos.com,False
La Mer Moisturizing Cream,Beauty,81.09,227.72,0.3561,0.6439,0.1733,0.6428,https://flashsale-today.ml/product/56623,flashsale-today.ml,True
Patagonia Fleece Jacket,Clothing,379.28,480.46,0.7894,0.2106,0.898,0.6545,https://www.target.com/dp/4789255,target.com,False
Thinkware U1000 Dash Cam,Automotive,157.68,170.59,0.9243,0.0757,0.7596,0.3345,https://www.nordstrom.com/dp/6582253,nordstrom.com,False
La Mer Moisturizing Cream,Beauty,187.0,505.53,0.3699,0.6301,0.28,0.4909,https://buylow-online.icu/product/42997,buylow-online.icu,True
Hot Wheels Ultimate Garage,Toys,41.84,56.35,0.7425,0.2575,0.6501,0.3915,https://www.zappos.com/dp/2814986,zappos.com,False
Callaway Golf Driver,Sports,1477.1,2265.49,0.652,0.348,0.8839,0.6799,https://www.bestbuy.com/dp/3700366,bestbuy.com,False
Atomic Habits,Books,27.3,35.53,0.7684,0.2316,0.7774,1.0,https://www.wayfair.com/dp/4708297,wayfair.com,False
NARS Blush Orgasm,Beauty,459.83,497.54,0.9242,0.0758,0.7091,0.5199,https://www.costco.com/dp/2244282,costco.com,False
NOCO Genius5 Battery Charger,Automotive,182.42,877.88,0.2078,0.7922,0.1691,0.2854,https://cheapbuy-store.xyz/product/20903,cheapbuy-store.xyz,True
Roomba i7+ Robot Vacuum,Home & Garden,343.66,454.15,0.7567,0.2433,0.8896,0.4106,https://www.walmart.com/dp/4769851,walmart.com,False
KitchenAid Stand Mixer,Home & Garden,51.65,170.97,0.3021,0.6979,0.037,0.4342,https://topdeal-online.cc/product/29015,topdeal-online.cc,True
Levi's 501 Jeans,Clothing,322.21,416.02,0.7745,0.2255,0.7095,0.6238,https://www.macys.com/dp/5473408,macys.com,False
Nintendo Switch OLED,Toys,16.56,43.75,0.3785,0.6215,0.1091,0.23,https://bargain-hunt.gq/product/74217,bargain-hunt.gq,True
Patagonia Fleece Jacket,Clothing,66.75,74.95,0.8906,0.1094,0.6853,0.5943,https://www.adorama.com/dp/6471332,adorama.com,False
Logitech MX Master Mouse,Electronics,720.02,850.58,0.8465,0.1535,0.7393,0.7078,https://www.ebay.com/dp/3206651,ebay.com,False
LEGO Technic Bugatti,Toys,166.17,257.35,0.6457,0.3543,0.825,0.2877,https://www.amazon.com/dp/3663391,amazon.com,False
Garmin Forerunner 945,Sports,1484.53,2244.18,0.6615,0.3385,0.741,0.7339,https://www.bhphotovideo.com/dp/2804196,bhphotovideo.com,False
Michelin X-Tour Tires,Automotive,8.71,48.44,0.1798,0.8202,0.1331,0.3345,https://bargain-hunt.gq/product/83017,bargain-hunt.gq,True
Adidas Ultraboost,Clothing,225.44,295.58,0.7627,0.2373,0.7468,0.7017,https://www.macys.com/dp/1625760,macys.com,False
Canon EOS R6 Camera,Electronics,362.85,1474.99,0.246,0.754,0.0635,0.9031,https://bestprice-deals.tk/product/3016,bestprice-deals.tk,True
Callaway Golf Driver,Sports,289.49,1826.41,0.1585,0.8415,0.2688,0.6527,https://cheapbuy-store.xyz/product/45256,cheapbuy-store.xyz,True
Python Crash Course 3rd Ed,Books,35.18,49.49,0.7109,0.2891,0.6699,0.9933,https://www.homedepot.com/dp/9804957,homedepot.com,False
Canon EOS R6 Camera,Electronics,2455.09,2626.33,0.9348,0.0652,0.7319,0.7171,https://www.newegg.com/dp/7262974,newegg.com,False
Garmin Forerunner 945,Sports,965.61,1229.14,0.7856,0.2144,0.8719,0.7383,https://www.amazon.com/dp/6258986,amazon.com,False
Olaplex Hair Perfector,Beauty,110.43,130.73,0.8447,0.1553,0.7461,0.5386,https://www.bhphotovideo.com/dp/3485807,bhphotovideo.com,False
NOCO Genius5 Battery Charger,Automotive,93.44,152.78,0.6116,0.3884,0.944,0.3138,https://www.amazon.com/dp/9950091,amazon.com,False
Logitech MX Master Mouse,Electronics,873.19,1213.44,0.7196,0.2804,0.8722,0.8526,https://www.walmart.com/dp/2140673,walmart.com,False
Python Crash Course 3rd Ed,Books,42.09,47.66,0.8831,0.1169,0.7265,1.0,https://www.costco.com/dp/1802018,costco.com,False
TRX Suspension Trainer,Sports,814.26,1027.97,0.7921,0.2079,0.8007,0.7109,https://www.newegg.com/dp/8264954,newegg.com,False
Fenty Beauty Foundation,Beauty,65.53,81.82,0.8009,0.1991,0.7771,0.6605,https://www.wayfair.com/dp/5255251,wayfair.com,False
Atomic Habits,Books,47.8,57.56,0.8304,0.1696,0.7844,0.9705,https://www.nordstrom.com/dp/9158272,nordstrom.com,False
Thinkware U1000 Dash Cam,Automotive,474.15,616.1,0.7696,0.2304,0.6494,0.2676,https://www.costco.com/dp/6344047,costco.com,False
LEGO Technic Bugatti,Toys,317.22,395.44,0.8022,0.1978,0.8374,0.4655,https://www.bestbuy.com/dp/9014480,bestbuy.com,False
Magna-Tiles 100 Piece Set,Toys,14.68,20.46,0.7175,0.2826,0.6504,0.2994,https://www.newegg.com/dp/2031520,newegg.com,False
Ray-Ban Aviator Sunglasses,Clothing,36.69,45.82,0.8007,0.1993,0.8099,0.5566,https://www.bestbuy.com/dp/8479891,bestbuy.com,False
Dyson V15 Vacuum,Home & Garden,173.63,478.05,0.3632,0.6368,0.1062,0.4979,https://bestprice-deals.tk/product/87418,bestprice-deals.tk,True
Instant Pot Duo 7-in-1,Home & Garden,183.95,252.99,0.7271,0.2729,0.6776,0.5525,https://www.wayfair.com/dp/8596173,wayfair.com,False
TRX Suspension Trainer,Sports,504.52,1620.16,0.3114,0.6886,0.2201,0.766,https://topdeal-online.cc/product/28787,topdeal-online.cc,True
Peloton Bike+,Sports,1453.71,1641.68,0.8855,0.1145,0.7591,0.7385,https://www.adorama.com/dp/8387157,adorama.com,False
Clean Code,Books,2.72,13.01,0.2091,0.7909,0.1915,1.0,https://discount-mega.ru/product/19616,discount-mega.ru,True
Designing Data-Intensive Applications,Books,37.23,40.09,0.9287,0.0714,0.7675,0.902,https://www.zappos.com/dp/4005495,zappos.com,False
Hot Wheels Ultimate Garage,Toys,203.26,294.16,0.691,0.309,0.9424,0.1702,https://www.bestbuy.com/dp/9732032,bestbuy.com,False
LEGO Technic Bugatti,Toys,2.79,42.34,0.0659,0.9342,0.1148,0.3285,https://deal-xpress.top/product/672,deal-xpress.top,True
LEGO Technic Bugatti,Toys,71.48,83.34,0.8577,0.1423,0.8325,0.3168,https://www.walmart.com/dp/3864292,walmart.com,False
Atomic Habits,Books,8.65,11.68,0.7406,0.2598,0.7757,0.9505,https://www.adorama.com/dp/4886793,adorama.com,False
TRX Suspension Trainer,Sports,1276.12,1700.59,0.7504,0.2496,0.7463,0.8528,https://www.bhphotovideo.com/dp/8745704,bhphotovideo.com,False
Michelin X-Tour Tires,Automotive,545.82,611.77,0.8922,0.1078,0.7294,0.5131,https://www.bhphotovideo.com/dp/9056009,bhphotovideo.com,False
LEGO Technic Bugatti,Toys,98.52,158.83,0.6203,0.3797,0.6964,0.347,https://www.newegg.com/dp/2695038,newegg.com,False
Peloton Bike+,Sports,492.34,703.34,0.7,0.3,0.8557,0.6734,https://www.bestbuy.com/dp/4674504,bestbuy.com,False
Callaway Golf Driver,Sports,887.26,972.87,0.912,0.088,0.894,0.7336,https://www.target.com/dp/9769641,target.com,False
Wilson Tennis Racket Pro,Sports,831.56,891.94,0.9323,0.0677,0.6605,0.7377,https://www.bhphotovideo.com/dp/8895137,bhphotovideo.com,False
LEGO Technic Bugatti,Toys,91.87,284.07,0.3234,0.6766,0.0737,0.3506,https://pricedown-shop.cf/product/29573,pricedown-shop.cf,True
La Mer Moisturizing Cream,Beauty,398.14,574.1,0.6935,0.3065,0.7336,0.38,https://www.nordstrom.com/dp/6485389,nordstrom.com,False
Nike Air Max Sneakers,Clothing,308.64,400.67,0.7703,0.2297,0.9618,0.5143,https://www.amazon.com/dp/8869895,amazon.com,False
Callaway Golf Driver,Sports,1147.73,1746.4,0.6572,0.3428,0.6856,0.723,https://www.nordstrom.com/dp/9772377,nordstrom.com,False
NARS Blush Orgasm,Beauty,205.35,564.61,0.3637,0.6363,0.1008,0.4806,https://discount-mega.ru/product/88209,discount-mega.ru,True
Atomic Habits,Books,16.83,22.33,0.7537,0.2465,0.6699,1.0,https://www.ebay.com/dp/8187926,ebay.com,False
Callaway Golf Driver,Sports,896.86,1344.42,0.6671,0.3329,0.6396,0.7647,https://www.wayfair.com/dp/4622993,wayfair.com,False
Levi's 501 Jeans,Clothing,259.87,354.39,0.7333,0.2667,0.6384,0.6762,https://www.ebay.com/dp/3866741,ebay.com,False
Michelin X-Tour Tires,Automotive,870.56,957.61,0.9091,0.0909,0.7723,0.3632,https://www.chewy.com/dp/9441757,chewy.com,False
Instant Pot Duo 7-in-1,Home & Garden,59.93,72.4,0.8278,0.1722,0.8936,0.2995,https://www.bestbuy.com/dp/1544120,bestbuy.com,False
Hot Wheels Ultimate Garage,Toys,284.74,374.02,0.7613,0.2387,1.0,0.3978,https://www.amazon.com/dp/1431056,amazon.com,False
Dyson Airwrap Styler,Beauty,304.74,378.04,0.8061,0.1939,0.5735,0.4763,https://www.zappos.com/dp/1177948,zappos.com,False
Logitech MX Master Mouse,Electronics,833.2,949.95,0.8771,0.1229,0.7687,0.8788,https://www.adorama.com/dp/9769743,adorama.com,False
NARS Blush Orgasm,Beauty,286.11,365.26,0.7833,0.2167,0.7042,0.4429,https://www.newegg.com/dp/6253650,newegg.com,False
Bose SoundBar 700,Electronics,1816.41,2158.03,0.8417,0.1583,0.7225,0.8417,https://www.homedepot.com/dp/3423349,homedepot.com,False
KitchenAid Stand Mixer,Home & Garden,353.53,403.94,0.8752,0.1248,0.7044,0.4261,https://www.newegg.com/dp/1983738,newegg.com,False
Hot Wheels Ultimate Garage,Toys,118.06,187.69,0.629,0.371,0.7009,0.3778,https://www.newegg.com/dp/7302286,newegg.com,False
Olaplex Hair Perfector,Beauty,236.03,598.9,0.3941,0.6059,0.0561,0.5562,https://bestprice-deals.tk/product/41817,bestprice-deals.tk,True
Nike Air Max Sneakers,Clothing,101.1,132.7,0.7619,0.2381,0.7345,0.5679,https://www.newegg.com/dp/8610879,newegg.com,False
Atomic Habits,Books,32.07,40.0,0.8018,0.1982,0.6582,0.9878,https://www.chewy.com/dp/9467237,chewy.com,False
Wilson Tennis Racket Pro,Sports,1156.22,1244.72,0.9289,0.0711,0.7426,0.7979,https://www.wayfair.com/dp/2032110,wayfair.com,False
Roomba i7+ Robot Vacuum,Home & Garden,325.17,395.92,0.8213,0.1787,0.7445,0.5328,https://www.ebay.com/dp/1353566,ebay.com,False
Callaway Golf Driver,Sports,467.08,606.36,0.7703,0.2297,0.6828,0.5331,https://www.homedepot.com/dp/6331060,homedepot.com,False
Magna-Tiles 100 Piece Set,Toys,10.65,27.19,0.3917,0.6083,0.2149,0.3645,https://buylow-online.icu/product/40155,buylow-online.icu,True
Barbie Dreamhouse,Toys,84.34,119.51,0.7057,0.2943,0.7988,0.2249,https://www.costco.com/dp/2607817,costco.com,False
Magna-Tiles 100 Piece Set,Toys,64.14,103.71,0.6185,0.3815,0.7162,0.4527,https://www.adorama.com/dp/3797658,adorama.com,False
La Mer Moisturizing Cream,Beauty,85.83,117.16,0.7326,0.2674,0.6614,0.4602,https://www.bhphotovideo.com/dp/2122405,bhphotovideo.com,False
Dyson Airwrap Styler,Beauty,431.14,497.8,0.8661,0.1339,0.9191,0.6092,https://www.bestbuy.com/dp/2685776,bestbuy.com,False
Barbie Dreamhouse,Toys,198.82,215.45,0.9228,0.0772,0.6617,0.3131,https://www.bhphotovideo.com/dp/8774013,bhphotovideo.com,False
La Mer Moisturizing Cream,Beauty,75.8,85.86,0.8828,0.1172,0.8685,0.6227,https://www.target.com/dp/6210006,target.com,False
Fenty Beauty Foundation,Beauty,20.71,405.37,0.0511,0.9489,0.1674,0.4899,https://bestprice-deals.tk/product/3858,bestprice-deals.tk,True
Bose SoundBar 700,Electronics,56.68,939.91,0.0603,0.9397,0.1784,1.0,https://deal-xpress.top/product/49769,deal-xpress.top,True
LEGO Technic Bugatti,Toys,14.36,16.81,0.8543,0.1457,0.7482,0.5268,https://www.nordstrom.com/dp/3828735,nordstrom.com,False
Dyson Airwrap Styler,Beauty,73.15,303.65,0.2409,0.7591,0.0272,0.6166,https://discount-mega.ru/product/70089,discount-mega.ru,True
Atomic Habits,Books,15.44,17.58,0.8783,0.1215,0.8555,0.9764,https://www.amazon.com/dp/4994050,amazon.com,False
Dyson V15 Vacuum,Home & Garden,331.12,414.89,0.7981,0.2019,0.7048,0.413,https://www.nordstrom.com/dp/6557798,nordstrom.com,False
Dyson Airwrap Styler,Beauty,134.19,174.07,0.7709,0.2291,0.8952,0.4734,https://www.bestbuy.com/dp/2086491,bestbuy.com,False
Designing Data-Intensive Applications,Books,25.56,37.5,0.6816,0.3185,0.8455,0.8671,https://www.walmart.com/dp/6591559,walmart.com,False
The Pragmatic Programmer,Books,30.87,46.24,0.6676,0.3325,0.7675,0.8477,https://www.zappos.com/dp/3149723,zappos.com,False
"iPad Pro 12.9""",Electronics,267.42,772.89,0.346,0.654,0.28,0.7789,https://savebig-store.pw/product/5461,savebig-store.pw,True
Levi's 501 Jeans,Clothing,117.36,313.8,0.374,0.626,0.2206,0.7459,https://bestprice-deals.tk/product/6277,bestprice-deals.tk,True
KitchenAid Stand Mixer,Home & Garden,56.44,59.61,0.9468,0.0532,0.7513,0.498,https://www.costco.com/dp/6753964,costco.com,False
KitchenAid Stand Mixer,Home & Garden,11.29,62.08,0.1819,0.8181,0.1768,0.4876,https://flashsale-today.ml/product/56511,flashsale-today.ml,True
Clean Code,Books,51.13,58.63,0.8721,0.128,0.712,1.0,https://www.newegg.com/dp/6920646,newegg.com,False
Ray-Ban Aviator Sunglasses,Clothing,377.61,398.79,0.9469,0.0531,0.9097,0.5717,https://www.amazon.com/dp/8973718,amazon.com,False
Wilson Tennis Racket Pro,Sports,1419.94,1919.35,0.7398,0.2602,0.6707,0.7179,https://www.homedepot.com/dp/6758373,homedepot.com,False
Dell XPS 15 Laptop,Electronics,24.29,73.91,0.3286,0.6714,0.2033,0.8233,https://shop-fast-now.biz/product/72654,shop-fast-now.biz,True
Designing Data-Intensive Applications,Books,11.97,14.63,0.8182,0.182,0.9622,0.9982,https://www.amazon.com/dp/2507449,amazon.com,False
Python Crash Course 3rd Ed,Books,8.94,14.57,0.6136,0.3867,0.7582,0.9008,https://www.zappos.com/dp/1348050,zappos.com,False
Dell XPS 15 Laptop,Electronics,229.35,328.16,0.6989,0.3011,0.7157,0.8213,https://www.wayfair.com/dp/1208983,wayfair.com,False
Clean Code,Books,30.94,43.08,0.7182,0.2819,0.7836,0.9335,https://www.ebay.com/dp/3301222,ebay.com,False
Designing Data-Intensive Applications,Books,40.42,44.81,0.902,0.098,0.5675,0.9873,https://www.wayfair.com/dp/5014486,wayfair.com,False
Thinkware U1000 Dash Cam,Automotive,611.3,739.45,0.8267,0.1733,0.9089,0.2932,https://www.bestbuy.com/dp/9192588,bestbuy.com,False
Garmin Forerunner 945,Sports,329.68,2427.68,0.1358,0.8642,0.28,0.6861,https://flashsale-today.ml/product/93633,flashsale-today.ml,True
Nespresso Vertuo Coffee Maker,Home & Garden,43.85,270.7,0.162,0.838,0.048,0.3535,https://savebig-store.pw/product/92326,savebig-store.pw,True
Roomba i7+ Robot Vacuum,Home & Garden,99.21,591.59,0.1677,0.8323,0.28,0.3428,https://deal-xpress.top/product/53280,deal-xpress.top,True
"iPad Pro 12.9""",Electronics,2277.3,2510.81,0.907,0.093,0.7211,0.8713,https://www.nordstrom.com/dp/8634097,nordstrom.com,False
Ray-Ban Aviator Sunglasses,Clothing,152.87,202.05,0.7566,0.2434,0.9469,0.5587,https://www.amazon.com/dp/1158547,amazon.com,False
Barbie Dreamhouse,Toys,342.22,384.08,0.891,0.109,0.7269,0.4358,https://www.costco.com/dp/5130133,costco.com,False
LEGO Technic Bugatti,Toys,292.4,390.7,0.7484,0.2516,0.893,0.314,https://www.bestbuy.com/dp/6395382,bestbuy.com,False
LEGO Technic Bugatti,Toys,103.53,388.77,0.2663,0.7337,0.0426,0.3539,https://buylow-online.icu/product/57421,buylow-online.icu,True
Ray-Ban Aviator Sunglasses,Clothing,216.7,293.31,0.7388,0.2612,0.9872,0.6688,https://www.target.com/dp/5067771,target.com,False
Atomic Habits,Books,36.53,43.49,0.84,0.16,0.6649,0.8738,https://www.ebay.com/dp/7640184,ebay.com,False
Clean Code,Books,51.3,57.01,0.8998,0.1001,0.9246,0.8714,https://www.target.com/dp/2183767,target.com,False
NARS Blush Orgasm,Beauty,154.39,420.21,0.3674,0.6326,0.0147,0.4781,https://ultra-deals99.net/product/98896,ultra-deals99.net,True
The North Face Parka,Clothing,17.17,22.32,0.7693,0.2307,0.7625,0.5155,https://www.wayfair.com/dp/2509635,wayfair.com,False
Atomic Habits,Books,21.11,24.1,0.8759,0.1242,0.6468,0.9817,https://www.macys.com/dp/2887541,macys.com,False
Garmin DriveSmart 65 GPS,Automotive,62.28,634.18,0.0982,0.9018,0.1204,0.4614,https://bargain-hunt.gq/product/59897,bargain-hunt.gq,True
Peloton Bike+,Sports,1775.34,1981.18,0.8961,0.1039,0.6675,0.8057,https://www.ebay.com/dp/8927925,ebay.com,False
Michelin X-Tour Tires,Automotive,449.26,519.44,0.8649,0.1351,0.6484,0.3648,https://www.chewy.com/dp/3307324,chewy.com,False
The North Face Parka,Clothing,155.7,192.99,0.8068,0.1932,0.6704,0.7244,https://www.adorama.com/dp/1523067,adorama.com,False
NOCO Genius5 Battery Charger,Automotive,796.2,880.95,0.9038,0.0962,0.7147,0.3812,https://www.costco.com/dp/9899034,costco.com,False
Ray-Ban Aviator Sunglasses,Clothing,99.28,445.62,0.2228,0.7772,0.0827,0.4764,https://ultra-deals99.net/product/52322,ultra-deals99.net,True
Python Crash Course 3rd Ed,Books,33.29,52.48,0.6343,0.3657,0.7001,1.0,https://www.adorama.com/dp/2404057,adorama.com,False
La Mer Moisturizing Cream,Beauty,118.25,141.48,0.8358,0.1642,0.9343,0.4887,https://www.target.com/dp/6243501,target.com,False
"Samsung 4K TV 55""",Electronics,2227.28,2613.57,0.8522,0.1478,0.624,0.6234,https://www.macys.com/dp/5169769,macys.com,False
Patagonia Fleece Jacket,Clothing,387.95,496.99,0.7806,0.2194,0.759,0.5498,https://www.wayfair.com/dp/1084130,wayfair.com,False
Olaplex Hair Perfector,Beauty,79.72,318.26,0.2505,0.7495,0.1076,0.5233,https://buylow-online.icu/product/39162,buylow-online.icu,True
Canon EOS R6 Camera,Electronics,449.51,1595.14,0.2818,0.7182,0.1162,0.9137,https://savebig-store.pw/product/69693,savebig-store.pw,True
NARS Blush Orgasm,Beauty,54.59,78.76,0.6931,0.3069,0.7168,0.4818,https://www.chewy.com/dp/5500772,chewy.com,False
Thinkware U1000 Dash Cam,Automotive,647.33,762.01,0.8495,0.1505,0.6445,0.5402,https://www.ebay.com/dp/1992583,ebay.com,False
Fenty Beauty Foundation,Beauty,111.77,145.03,0.7707,0.2293,0.6408,0.3369,https://www.costco.com/dp/8212753,costco.com,False
Fenty Beauty Foundation,Beauty,70.34,112.67,0.6243,0.3757,0.7589,0.5327,https://www.costco.com/dp/8624134,costco.com,False
Python Crash Course 3rd Ed,Books,13.79,18.07,0.7631,0.2369,0.8835,0.9585,https://www.walmart.com/dp/6043874,walmart.com,False
Nespresso Vertuo Coffee Maker,Home & Garden,528.03,591.43,0.8928,0.1072,0.7034,0.336,https://www.newegg.com/dp/5528972,newegg.com,False
Nespresso Vertuo Coffee Maker,Home & Garden,402.77,517.83,0.7778,0.2222,0.7305,0.4626,https://www.nordstrom.com/dp/6583476,nordstrom.com,False
Peloton Bike+,Sports,157.09,166.48,0.9436,0.0564,0.6613,0.8094,https://www.adorama.com/dp/7323389,adorama.com,False
Thinkware U1000 Dash Cam,Automotive,59.84,156.52,0.3823,0.6177,0.0859,0.2794,https://shop-fast-now.biz/product/24478,shop-fast-now.biz,True
Adidas Ultraboost,Clothing,34.84,122.52,0.2844,0.7156,0.0301,0.6132,https://flashsale-today.ml/product/83239,flashsale-today.ml,True
La Mer Moisturizing Cream,Beauty,312.28,497.1,0.6282,0.3718,0.757,0.433,https://www.bhphotovideo.com/dp/5265122,bhphotovideo.com,False
The North Face Parka,Clothing,74.75,105.06,0.7115,0.2885,0.7068,0.5958,https://www.costco.com/dp/7852237,costco.com,False
Clean Code,Books,14.41,21.63,0.6662,0.3336,0.7146,0.8709,https://www.zappos.com/dp/7397798,zappos.com,False
Designing Data-Intensive Applications,Books,5.22,26.27,0.1987,0.8012,0.1949,0.8621,https://topdeal-online.cc/product/19309,topdeal-online.cc,True
Adidas Ultraboost,Clothing,103.32,117.73,0.8776,0.1224,0.7319,0.7293,https://www.homedepot.com/dp/1261602,homedepot.com,False
Roomba i7+ Robot Vacuum,Home & Garden,280.32,451.91,0.6203,0.3797,0.7517,0.4174,https://www.chewy.com/dp/3817334,chewy.com,False
Dyson Airwrap Styler,Beauty,371.86,574.22,0.6476,0.3524,0.6945,0.5028,https://www.wayfair.com/dp/9496643,wayfair.com,False
Roomba i7+ Robot Vacuum,Home & Garden,106.56,113.24,0.941,0.059,0.7542,0.5343,https://www.ebay.com/dp/7296605,ebay.com,False
Hot Wheels Ultimate Garage,Toys,311.1,341.83,0.9101,0.0899,0.8561,0.2374,https://www.walmart.com/dp/5123196,walmart.com,False
LEGO Technic Bugatti,Toys,35.74,40.92,0.8734,0.1265,0.6912,0.4035,https://www.ebay.com/dp/9381494,ebay.com,False
Garmin Forerunner 945,Sports,1110.48,1557.91,0.7128,0.2872,0.7122,0.6594,https://www.macys.com/dp/3294774,macys.com,False
Designing Data-Intensive Applications,Books,38.39,50.41,0.7616,0.2384,0.6842,0.9607,https://www.bhphotovideo.com/dp/8799287,bhphotovideo.com,False
Fenty Beauty Foundation,Beauty,79.52,271.88,0.2925,0.7075,0.28,0.5347,https://savebig-store.pw/product/6987,savebig-store.pw,True
Fenty Beauty Foundation,Beauty,100.12,162.74,0.6152,0.3848,0.6736,0.6082,https://www.wayfair.com/dp/1714496,wayfair.com,False
Atomic Habits,Books,17.56,44.0,0.3991,0.6008,0.28,0.8396,https://pricedown-shop.cf/product/45161,pricedown-shop.cf,True
Patagonia Fleece Jacket,Clothing,59.89,156.3,0.3832,0.6168,0.0442,0.5818,https://buylow-online.icu/product/31225,buylow-online.icu,True
Nintendo Switch OLED,Toys,30.96,255.2,0.1213,0.8787,0.2633,0.4808,https://discount-mega.ru/product/82698,discount-mega.ru,True
Barbie Dreamhouse,Toys,84.56,312.49,0.2706,0.7294,0.034,0.1247,https://bestprice-deals.tk/product/49710,bestprice-deals.tk,True
Python Crash Course 3rd Ed,Books,13.27,38.53,0.3444,0.6557,0.1515,0.8123,https://deal-xpress.top/product/28907,deal-xpress.top,True
Clean Code,Books,5.43,25.66,0.2116,0.7885,0.0409,0.7835,https://pricedown-shop.cf/product/50890,pricedown-shop.cf,True
Instant Pot Duo 7-in-1,Home & Garden,423.22,695.75,0.6083,0.3917,0.7396,0.3772,https://www.nordstrom.com/dp/3970445,nordstrom.com,False
LEGO Technic Bugatti,Toys,228.58,301.36,0.7585,0.2415,0.6697,0.4876,https://www.wayfair.com/dp/7398678,wayfair.com,False
Roomba i7+ Robot Vacuum,Home & Garden,87.28,399.46,0.2185,0.7815,0.28,0.5546,https://ultra-deals99.net/product/11569,ultra-deals99.net,True
Peloton Bike+,Sports,1239.59,1488.82,0.8326,0.1674,0.9,0.7481,https://www.walmart.com/dp/5595168,walmart.com,False
Michelin X-Tour Tires,Automotive,20.13,145.04,0.1388,0.8612,0.0726,0.4977,https://savebig-store.pw/product/54345,savebig-store.pw,True
TRX Suspension Trainer,Sports,870.74,933.37,0.9329,0.0671,0.6627,0.6471,https://www.ebay.com/dp/3856080,ebay.com,False
Garmin Forerunner 945,Sports,1884.88,2432.42,0.7749,0.2251,0.8079,0.7714,https://www.walmart.com/dp/6557607,walmart.com,False
Magna-Tiles 100 Piece Set,Toys,259.1,375.83,0.6894,0.3106,0.9213,0.4458,https://www.walmart.com/dp/7169603,walmart.com,False
Ray-Ban Aviator Sunglasses,Clothing,57.62,77.16,0.7468,0.2532,0.723,0.4782,https://www.macys.com/dp/8708498,macys.com,False
Callaway Golf Driver,Sports,85.11,123.46,0.6894,0.3106,0.7639,0.6527,https://www.macys.com/dp/7395997,macys.com,False
Dyson V15 Vacuum,Home & Garden,485.53,707.77,0.686,0.314,0.6597,0.5361,https://www.macys.com/dp/6727358,macys.com,False
Thinkware U1000 Dash Cam,Automotive,100.19,109.52,0.9148,0.0852,0.7098,0.4567,https://www.nordstrom.com/dp/3066235,nordstrom.com,False
Fenty Beauty Foundation,Beauty,69.15,213.29,0.3242,0.6758,0.1128,0.5297,https://discount-mega.ru/product/65714,discount-mega.ru,True
Barbie Dreamhouse,Toys,93.23,314.64,0.2963,0.7037,0.1935,0.188,https://discount-mega.ru/product/24247,discount-mega.ru,True
Atomic Habits,Books,30.11,34.33,0.8771,0.123,0.9584,0.838,https://www.bestbuy.com/dp/9541450,bestbuy.com,False
Designing Data-Intensive Applications,Books,2.1,20.49,0.1025,0.8973,0.0204,0.9727,https://bargain-hunt.gq/product/25327,bargain-hunt.gq,True
Thinkware U1000 Dash Cam,Automotive,319.38,394.64,0.8093,0.1907,0.7671,0.2453,https://www.chewy.com/dp/8379807,chewy.com,False
The North Face Parka,Clothing,96.27,160.18,0.601,0.399,0.6216,0.6366,https://www.costco.com/dp/3588439,costco.com,False
Dyson Airwrap Styler,Beauty,57.68,86.5,0.6668,0.3332,0.6709,0.4061,https://www.newegg.com/dp/4119134,newegg.com,False
Dyson V15 Vacuum,Home & Garden,435.46,572.29,0.7609,0.2391,0.74,0.6148,https://www.newegg.com/dp/9758834,newegg.com,False
KitchenAid Stand Mixer,Home & Garden,135.37,673.46,0.201,0.799,0.0837,0.4412,https://savebig-store.pw/product/19237,savebig-store.pw,True
NOCO Genius5 Battery Charger,Automotive,739.42,988.8,0.7478,0.2522,0.7389,0.3559,https://www.nordstrom.com/dp/7679508,nordstrom.com,False
Nintendo Switch OLED,Toys,72.68,97.65,0.7443,0.2557,0.6533,0.2702,https://www.nordstrom.com/dp/2380465,nordstrom.com,False
Nike Air Max Sneakers,Clothing,451.86,486.45,0.9289,0.0711,0.8851,0.705,https://www.amazon.com/dp/4626151,amazon.com,False
Roomba i7+ Robot Vacuum,Home & Garden,127.0,634.66,0.2001,0.7999,0.2421,0.3643,https://cheapbuy-store.xyz/product/52706,cheapbuy-store.xyz,True
Ray-Ban Aviator Sunglasses,Clothing,88.22,146.48,0.6023,0.3977,0.8068,0.6226,https://www.ebay.com/dp/4486965,ebay.com,False
Magna-Tiles 100 Piece Set,Toys,34.76,145.14,0.2395,0.7605,0.2792,0.3611,https://pricedown-shop.cf/product/3874,pricedown-shop.cf,True
Patagonia Fleece Jacket,Clothing,84.83,97.98,0.8658,0.1342,0.6907,0.5648,https://www.zappos.com/dp/7528964,zappos.com,False
Garmin DriveSmart 65 GPS,Automotive,159.62,221.66,0.7201,0.2799,0.6959,0.3903,https://www.nordstrom.com/dp/9693169,nordstrom.com,False
Levi's 501 Jeans,Clothing,389.03,451.41,0.8618,0.1382,0.9463,0.5927,https://www.target.com/dp/9890570,target.com,False
"iPad Pro 12.9""",Electronics,1580.0,1963.71,0.8046,0.1954,0.6473,0.8842,https://www.zappos.com/dp/1124785,zappos.com,False
The Pragmatic Programmer,Books,19.62,54.64,0.3591,0.641,0.1023,1.0,https://shop-fast-now.biz/product/2508,shop-fast-now.biz,True
Peloton Bike+,Sports,1412.3,1956.36,0.7219,0.2781,0.7087,0.7308,https://www.nordstrom.com/dp/1520596,nordstrom.com,False
Dyson Airwrap Styler,Beauty,147.75,176.19,0.8386,0.1614,0.7424,0.4014,https://www.adorama.com/dp/7829609,adorama.com,False
Peloton Bike+,Sports,272.34,1344.9,0.2025,0.7975,0.1388,0.8163,https://bargain-hunt.gq/product/16492,bargain-hunt.gq,True
The Pragmatic Programmer,Books,37.92,51.15,0.7413,0.2586,0.7822,0.9313,https://www.macys.com/dp/7971116,macys.com,False
Levi's 501 Jeans,Clothing,115.28,124.76,0.924,0.076,0.6613,0.7519,https://www.homedepot.com/dp/5978272,homedepot.com,False
Adidas Ultraboost,Clothing,124.55,196.32,0.6344,0.3656,0.7726,0.6767,https://www.homedepot.com/dp/7017548,homedepot.com,False
Instant Pot Duo 7-in-1,Home & Garden,12.56,91.54,0.1372,0.8628,0.1531,0.4679,https://shop-fast-now.biz/product/51270,shop-fast-now.biz,True
Patagonia Fleece Jacket,Clothing,304.63,399.73,0.7621,0.2379,0.6325,0.7415,https://www.homedepot.com/dp/5046832,homedepot.com,False
NOCO Genius5 Battery Charger,Automotive,599.83,874.39,0.686,0.314,0.7949,0.3909,https://www.costco.com/dp/2877132,costco.com,False
Wilson Tennis Racket Pro,Sports,1703.49,1883.35,0.9045,0.0955,0.6879,0.5488,https://www.costco.com/dp/1902615,costco.com,False
Thinkware U1000 Dash Cam,Automotive,727.23,869.69,0.8362,0.1638,0.6484,0.4318,https://www.nordstrom.com/dp/7872422,nordstrom.com,False
Callaway Golf Driver,Sports,1129.65,1384.89,0.8157,0.1843,0.745,0.7246,https://www.chewy.com/dp/9526867,chewy.com,False
Garmin DriveSmart 65 GPS,Automotive,247.4,266.71,0.9276,0.0724,0.858,0.3753,https://www.amazon.com/dp/4860684,amazon.com,False
KitchenAid Stand Mixer,Home & Garden,217.65,666.62,0.3265,0.6735,0.0774,0.4517,https://shop-fast-now.biz/product/72254,shop-fast-now.biz,True
Logitech MX Master Mouse,Electronics,597.09,2725.21,0.2191,0.7809,0.0783,0.7795,https://ultra-deals99.net/product/43438,ultra-deals99.net,True
Thinkware U1000 Dash Cam,Automotive,707.65,988.62,0.7158,0.2842,0.6596,0.3821,https://www.adorama.com/dp/9764165,adorama.com,False
"Samsung 4K TV 55""",Electronics,490.22,671.81,0.7297,0.2703,0.9371,0.8739,https://www.target.com/dp/8117053,target.com,False
Michelin X-Tour Tires,Automotive,261.28,417.71,0.6255,0.3745,0.9511,0.3848,https://www.walmart.com/dp/8609704,walmart.com,False
Clean Code,Books,3.95,38.88,0.1016,0.8985,0.1734,0.9394,https://bargain-hunt.gq/product/21059,bargain-hunt.gq,True
Thinkware U1000 Dash Cam,Automotive,178.8,258.04,0.6929,0.3071,0.6912,0.2761,https://www.zappos.com/dp/6561900,zappos.com,False
Ray-Ban Aviator Sunglasses,Clothing,85.0,90.2,0.9424,0.0576,0.9267,0.6672,https://www.bestbuy.com/dp/5037972,bestbuy.com,False
KitchenAid Stand Mixer,Home & Garden,83.12,383.94,0.2165,0.7835,0.0774,0.4927,https://bargain-hunt.gq/product/6492,bargain-hunt.gq,True
Levi's 501 Jeans,Clothing,16.86,21.28,0.7923,0.2077,0.7222,0.662,https://www.wayfair.com/dp/8883823,wayfair.com,False
Dyson V15 Vacuum,Home & Garden,516.16,767.41,0.6726,0.3274,0.8814,0.485,https://www.bestbuy.com/dp/3609561,bestbuy.com,False
La Mer Moisturizing Cream,Beauty,117.73,144.06,0.8172,0.1828,0.8708,0.6962,https://www.amazon.com/dp/1162262,amazon.com,False
Callaway Golf Driver,Sports,576.3,2318.19,0.2486,0.7514,0.0481,0.6711,https://flashsale-today.ml/product/87236,flashsale-today.ml,True
Roomba i7+ Robot Vacuum,Home & Garden,347.45,551.51,0.63,0.37,0.7593,0.5075,https://www.nordstrom.com/dp/7260091,nordstrom.com,False
Dell XPS 15 Laptop,Electronics,26.18,83.36,0.3141,0.686,0.0909,0.9338,https://ultra-deals99.net/product/94055,ultra-deals99.net,True
Magna-Tiles 100 Piece Set,Toys,132.96,212.56,0.6255,0.3745,0.7037,0.4321,https://www.wayfair.com/dp/8387907,wayfair.com,False
Thinkware U1000 Dash Cam,Automotive,159.58,218.0,0.732,0.268,0.7622,0.5785,https://www.macys.com/dp/4591821,macys.com,False
Instant Pot Duo 7-in-1,Home & Garden,18.61,50.36,0.3695,0.6305,0.0927,0.4696,https://bargain-hunt.gq/product/71085,bargain-hunt.gq,True
"iPad Pro 12.9""",Electronics,1445.36,2379.2,0.6075,0.3925,0.942,0.8666,https://www.target.com/dp/1907270,target.com,False
Hot Wheels Ultimate Garage,Toys,205.81,295.74,0.6959,0.3041,0.8912,0.118,https://www.amazon.com/dp/4161506,amazon.com,False
The North Face Parka,Clothing,50.78,74.82,0.6787,0.3213,0.7323,0.7731,https://www.zappos.com/dp/7154919,zappos.com,False
Dyson V15 Vacuum,Home & Garden,295.32,311.12,0.9492,0.0508,0.729,0.563,https://www.adorama.com/dp/3409702,adorama.com,False
Atomic Habits,Books,32.77,47.37,0.6918,0.3083,0.7317,0.8441,https://www.ebay.com/dp/1894817,ebay.com,False
"iPad Pro 12.9""",Electronics,1807.05,1952.09,0.9257,0.0743,0.9688,0.8751,https://www.walmart.com/dp/7963867,walmart.com,False
Ray-Ban Aviator Sunglasses,Clothing,28.72,31.44,0.9135,0.0865,0.6228,0.5569,https://www.adorama.com/dp/9121925,adorama.com,False
Garmin DriveSmart 65 GPS,Automotive,648.56,869.73,0.7457,0.2543,0.6582,0.5716,https://www.wayfair.com/dp/2194801,wayfair.com,False
NOCO Genius5 Battery Charger,Automotive,178.77,219.24,0.8154,0.1846,0.7488,0.3882,https://www.bhphotovideo.com/dp/2789344,bhphotovideo.com,False
Callaway Golf Driver,Sports,1417.27,2030.76,0.6979,0.3021,0.6931,0.6021,https://www.bhphotovideo.com/dp/9033176,bhphotovideo.com,False
Nintendo Switch OLED,Toys,24.46,74.33,0.3291,0.6709,0.2665,0.3757,https://buylow-online.icu/product/99056,buylow-online.icu,True
TRX Suspension Trainer,Sports,1199.63,1776.96,0.6751,0.3249,0.7524,0.6935,https://www.nordstrom.com/dp/6122965,nordstrom.com,False
Dyson Airwrap Styler,Beauty,102.53,113.31,0.9049,0.0951,0.6743,0.5195,https://www.adorama.com/dp/7442287,adorama.com,False
Hot Wheels Ultimate Garage,Toys,73.36,355.79,0.2062,0.7938,0.0976,0.3275,https://bestprice-deals.tk/product/42340,bestprice-deals.tk,True
Dyson Airwrap Styler,Beauty,521.06,592.72,0.8791,0.1209,0.8685,0.5459,https://www.amazon.com/dp/4383032,amazon.com,False
Michelin X-Tour Tires,Automotive,330.29,535.67,0.6166,0.3834,0.6914,0.4618,https://www.nordstrom.com/dp/1366999,nordstrom.com,False
Dyson V15 Vacuum,Home & Garden,208.26,269.56,0.7726,0.2274,0.8623,0.4275,https://www.bestbuy.com/dp/9796063,bestbuy.com,False
Hot Wheels Ultimate Garage,Toys,190.59,214.77,0.8874,0.1126,0.7175,0.2697,https://www.macys.com/dp/7272644,macys.com,False
Designing Data-Intensive Applications,Books,35.47,37.34,0.9499,0.0501,0.7373,0.9075,https://www.wayfair.com/dp/4724585,wayfair.com,False
Apple AirPods Pro,Electronics,42.29,53.24,0.7943,0.2057,0.7874,0.8769,https://www.walmart.com/dp/6775594,walmart.com,False
Olaplex Hair Perfector,Beauty,180.69,281.05,0.6429,0.3571,0.7246,0.5456,https://www.homedepot.com/dp/1715977,homedepot.com,False
Thinkware U1000 Dash Cam,Automotive,199.21,215.99,0.9223,0.0777,0.6921,0.3032,https://www.wayfair.com/dp/7012365,wayfair.com,False
Dyson V15 Vacuum,Home & Garden,13.07,102.57,0.1274,0.8726,0.0877,0.4683,https://deal-xpress.top/product/4075,deal-xpress.top,True
Python Crash Course 3rd Ed,Books,36.86,54.41,0.6774,0.3225,0.9017,0.79,https://www.amazon.com/dp/3363000,amazon.com,False
Clean Code,Books,31.13,44.83,0.6944,0.3057,0.689,0.9286,https://www.nordstrom.com/dp/9164991,nordstrom.com,False
KitchenAid Stand Mixer,Home & Garden,222.17,267.68,0.83,0.17,0.6435,0.4998,https://www.costco.com/dp/1135590,costco.com,False
Olaplex Hair Perfector,Beauty,542.88,588.55,0.9224,0.0776,0.7907,0.4726,https://www.chewy.com/dp/6066483,chewy.com,False
Nespresso Vertuo Coffee Maker,Home & Garden,228.91,260.12,0.88,0.12,0.7982,0.4538,https://www.walmart.com/dp/8352802,walmart.com,False
Atomic Habits,Books,6.85,10.7,0.6402,0.3602,0.9068,0.8739,https://www.walmart.com/dp/2482875,walmart.com,False
Magna-Tiles 100 Piece Set,Toys,11.05,15.25,0.7246,0.2752,0.7944,0.3369,https://www.homedepot.com/dp/4984280,homedepot.com,False
The Pragmatic Programmer,Books,13.84,20.51,0.6748,0.325,0.7261,0.9238,https://www.wayfair.com/dp/6406444,wayfair.com,False
Ray-Ban Aviator Sunglasses,Clothing,8.77,46.11,0.1902,0.8097,0.0304,0.5563,https://discount-mega.ru/product/54136,discount-mega.ru,True
Nintendo Switch OLED,Toys,28.39,107.04,0.2652,0.7348,0.0306,0.4182,https://shop-fast-now.biz/product/15213,shop-fast-now.biz,True
Roomba i7+ Robot Vacuum,Home & Garden,440.29,547.29,0.8045,0.1955,0.6672,0.4292,https://www.chewy.com/dp/8154633,chewy.com,False
Callaway Golf Driver,Sports,1545.54,2304.03,0.6708,0.3292,0.7449,0.79,https://www.homedepot.com/dp/5998189,homedepot.com,False
Dell XPS 15 Laptop,Electronics,899.94,1303.69,0.6903,0.3097,0.9043,0.7902,https://www.walmart.com/dp/8554276,walmart.com,False
Dyson Airwrap Styler,Beauty,376.44,428.75,0.878,0.122,0.6755,0.5835,https://www.nordstrom.com/dp/2049645,nordstrom.com,False
Python Crash Course 3rd Ed,Books,2.44,13.26,0.184,0.8159,0.1328,0.7864,https://bestprice-deals.tk/product/99864,bestprice-deals.tk,True
NARS Blush Orgasm,Beauty,154.86,214.13,0.7232,0.2768,0.9676,0.5709,https://www.walmart.com/dp/4139210,walmart.com,False
Nintendo Switch OLED,Toys,104.57,113.07,0.9248,0.0752,0.9042,0.2645,https://www.walmart.com/dp/7317662,walmart.com,False
Nintendo Switch OLED,Toys,51.92,64.74,0.802,0.1981,0.8387,0.5257,https://www.walmart.com/dp/9510677,walmart.com,False
Barbie Dreamhouse,Toys,211.75,256.39,0.8259,0.1741,0.8682,0.2548,https://www.amazon.com/dp/3092954,amazon.com,False
Nintendo Switch OLED,Toys,194.94,304.92,0.6393,0.3607,0.5905,0.4456,https://www.chewy.com/dp/7933921,chewy.com,False
Fenty Beauty Foundation,Beauty,45.92,511.38,0.0898,0.9102,0.0704,0.4237,https://shop-fast-now.biz/product/59233,shop-fast-now.biz,True
La Mer Moisturizing Cream,Beauty,348.13,499.47,0.697,0.303,0.6587,0.6477,https://www.homedepot.com/dp/4017976,homedepot.com,False
Olaplex Hair Perfector,Beauty,408.89,447.76,0.9132,0.0868,0.7449,0.602,https://www.adorama.com/dp/4230541,adorama.com,False
Dyson V15 Vacuum,Home & Garden,175.9,220.76,0.7968,0.2032,0.6242,0.5593,https://www.bhphotovideo.com/dp/9792411,bhphotovideo.com,False
Atomic Habits,Books,10.78,17.11,0.63,0.3702,0.8577,0.9741,https://www.walmart.com/dp/7440597,walmart.com,False
NOCO Genius5 Battery Charger,Automotive,786.31,856.17,0.9184,0.0816,0.7842,0.3633,https://www.nordstrom.com/dp/6103880,nordstrom.com,False
Nike Air Max Sneakers,Clothing,100.8,149.14,0.6759,0.3241,0.6938,0.5831,https://www.adorama.com/dp/3082677,adorama.com,False
Patagonia Fleece Jacket,Clothing,97.2,107.16,0.9071,0.0929,0.6849,0.7077,https://www.zappos.com/dp/5796861,zappos.com,False
Levi's 501 Jeans,Clothing,62.49,67.87,0.9207,0.0792,0.9559,0.702,https://www.walmart.com/dp/8762813,walmart.com,False
Wilson Tennis Racket Pro,Sports,1316.12,1624.64,0.8101,0.1899,0.8472,0.6717,https://www.target.com/dp/3598135,target.com,False
Levi's 501 Jeans,Clothing,141.96,235.62,0.6025,0.3975,0.7598,0.5512,https://www.zappos.com/dp/9081054,zappos.com,False
The Pragmatic Programmer,Books,3.89,20.48,0.1899,0.8103,0.0875,0.9711,https://bargain-hunt.gq/product/53165,bargain-hunt.gq,True
Python Crash Course 3rd Ed,Books,3.16,36.85,0.0858,0.9142,0.28,0.9562,https://bargain-hunt.gq/product/10621,bargain-hunt.gq,True
Ray-Ban Aviator Sunglasses,Clothing,75.22,124.79,0.6028,0.3972,0.7399,0.4513,https://www.wayfair.com/dp/5854470,wayfair.com,False
Patagonia Fleece Jacket,Clothing,45.31,74.42,0.6088,0.3911,0.6096,0.578,https://www.nordstrom.com/dp/6599985,nordstrom.com,False
The North Face Parka,Clothing,175.04,229.53,0.7626,0.2374,0.6651,0.6099,https://www.costco.com/dp/2368232,costco.com,False
Dyson Airwrap Styler,Beauty,318.76,340.48,0.9362,0.0638,0.7377,0.4508,https://www.bhphotovideo.com/dp/1889808,bhphotovideo.com,False
Barbie Dreamhouse,Toys,49.65,77.95,0.6369,0.3631,0.6505,0.4253,https://www.macys.com/dp/2516524,macys.com,False
TRX Suspension Trainer,Sports,543.56,758.52,0.7166,0.2834,0.6698,0.5236,https://www.zappos.com/dp/3348331,zappos.com,False
La Mer Moisturizing Cream,Beauty,166.67,252.18,0.6609,0.3391,0.8754,0.4772,https://www.amazon.com/dp/7087061,amazon.com,False
Garmin Forerunner 945,Sports,153.55,654.53,0.2346,0.7654,0.28,0.8019,https://cheapbuy-store.xyz/product/96775,cheapbuy-store.xyz,True
Bose SoundBar 700,Electronics,760.6,1934.87,0.3931,0.6069,0.0318,0.9945,https://discount-mega.ru/product/34398,discount-mega.ru,True
Sony Headphones WH-1000XM5,Electronics,804.9,2695.57,0.2986,0.7014,0.1478,0.9828,https://ultra-deals99.net/product/85607,ultra-deals99.net,True
NARS Blush Orgasm,Beauty,289.09,401.4,0.7202,0.2798,0.8925,0.4739,https://www.walmart.com/dp/5197640,walmart.com,False
TRX Suspension Trainer,Sports,88.74,95.47,0.9295,0.0705,0.9223,0.6489,https://www.amazon.com/dp/7093262,amazon.com,False
Nintendo Switch OLED,Toys,13.52,84.63,0.1598,0.8403,0.0765,0.4709,https://topdeal-online.cc/product/36821,topdeal-online.cc,True
Ray-Ban Aviator Sunglasses,Clothing,27.63,32.71,0.8447,0.1554,0.608,0.7063,https://www.wayfair.com/dp/3070608,wayfair.com,False
Dyson Airwrap Styler,Beauty,264.27,343.47,0.7694,0.2306,0.6209,0.5716,https://www.homedepot.com/dp/1827040,homedepot.com,False
Clean Code,Books,10.54,31.42,0.3355,0.6645,0.1889,0.9739,https://ultra-deals99.net/product/3132,ultra-deals99.net,True
NOCO Genius5 Battery Charger,Automotive,671.13,993.82,0.6753,0.3247,0.7164,0.4739,https://www.nordstrom.com/dp/1783099,nordstrom.com,False
Logitech MX Master Mouse,Electronics,1795.66,2085.55,0.861,0.139,0.9516,0.9401,https://www.walmart.com/dp/6163566,walmart.com,False
Logitech MX Master Mouse,Electronics,458.11,1522.98,0.3008,0.6992,0.0262,0.9684,https://buylow-online.icu/product/52846,buylow-online.icu,True
Dyson V15 Vacuum,Home & Garden,305.26,413.19,0.7388,0.2612,0.7573,0.223,https://www.wayfair.com/dp/6660577,wayfair.com,False
TRX Suspension Trainer,Sports,80.3,129.72,0.619,0.381,0.6419,0.6773,https://www.chewy.com/dp/5922381,chewy.com,False
The Pragmatic Programmer,Books,13.95,46.23,0.3018,0.6982,0.0177,0.8805,https://deal-xpress.top/product/56347,deal-xpress.top,True
Barbie Dreamhouse,Toys,261.51,283.97,0.9209,0.0791,1.0,0.2349,https://www.bestbuy.com/dp/1010905,bestbuy.com,False
Hot Wheels Ultimate Garage,Toys,59.94,286.65,0.2091,0.7909,0.2105,0.5228,https://bestprice-deals.tk/product/47907,bestprice-deals.tk,True
Bose SoundBar 700,Electronics,1804.23,1951.79,0.9244,0.0756,0.7228,1.0,https://www.homedepot.com/dp/2130159,homedepot.com,False
The North Face Parka,Clothing,15.09,140.02,0.1078,0.8922,0.28,0.4995,https://deal-xpress.top/product/71110,deal-xpress.top,True
The North Face Parka,Clothing,248.96,298.05,0.8353,0.1647,0.6758,0.5963,https://www.wayfair.com/dp/1936359,wayfair.com,False
Designing Data-Intensive Applications,Books,43.45,53.84,0.807,0.193,0.8724,1.0,https://www.target.com/dp/1091762,target.com,False
Peloton Bike+,Sports,1068.33,1533.86,0.6965,0.3035,0.6858,0.538,https://www.costco.com/dp/8553274,costco.com,False
"Samsung 4K TV 55""",Electronics,1840.96,2229.31,0.8258,0.1742,0.6234,0.8343,https://www.bhphotovideo.com/dp/7859779,bhphotovideo.com,False
Canon EOS R6 Camera,Electronics,317.09,2309.45,0.1373,0.8627,0.1697,0.9803,https://savebig-store.pw/product/93287,savebig-store.pw,True
Nespresso Vertuo Coffee Maker,Home & Garden,312.17,450.52,0.6929,0.3071,0.6776,0.3528,https://www.bhphotovideo.com/dp/8347263,bhphotovideo.com,False
Atomic Habits,Books,4.6,13.94,0.33,0.6699,0.2285,0.9101,https://discount-mega.ru/product/51191,discount-mega.ru,True
Roomba i7+ Robot Vacuum,Home & Garden,63.78,101.63,0.6276,0.3724,0.7019,0.4596,https://www.chewy.com/dp/9720112,chewy.com,False
Garmin DriveSmart 65 GPS,Automotive,357.51,568.47,0.6289,0.3711,0.9579,0.3343,https://www.walmart.com/dp/8658158,walmart.com,False
Hot Wheels Ultimate Garage,Toys,50.89,146.45,0.3475,0.6525,0.1594,0.3691,https://pricedown-shop.cf/product/59857,pricedown-shop.cf,True
Fenty Beauty Foundation,Beauty,260.99,358.9,0.7272,0.2728,0.6633,0.5066,https://www.bhphotovideo.com/dp/9213136,bhphotovideo.com,False
The North Face Parka,Clothing,69.54,381.67,0.1822,0.8178,0.0689,0.6973,https://deal-xpress.top/product/39937,deal-xpress.top,True
Instant Pot Duo 7-in-1,Home & Garden,117.55,167.73,0.7008,0.2992,0.6951,0.4515,https://www.newegg.com/dp/6168426,newegg.com,False
Wilson Tennis Racket Pro,Sports,643.94,999.13,0.6445,0.3555,0.8816,0.723,https://www.amazon.com/dp/6398328,amazon.com,False
Canon EOS R6 Camera,Electronics,805.4,1245.2,0.6468,0.3532,0.9641,0.8562,https://www.amazon.com/dp/6827007,amazon.com,False
Logitech MX Master Mouse,Electronics,432.66,1912.71,0.2262,0.7738,0.029,0.805,https://buylow-online.icu/product/11418,buylow-online.icu,True
Adidas Ultraboost,Clothing,132.52,211.66,0.6261,0.3739,0.638,0.6486,https://www.chewy.com/dp/6740679,chewy.com,False
Nike Air Max Sneakers,Clothing,374.94,485.24,0.7727,0.2273,0.655,0.5229,https://www.wayfair.com/dp/9665368,wayfair.com,False
Levi's 501 Jeans,Clothing,13.78,96.0,0.1435,0.8565,0.0944,0.6658,https://shop-fast-now.biz/product/44079,shop-fast-now.biz,True
Nike Air Max Sneakers,Clothing,329.42,461.69,0.7135,0.2865,0.7383,0.6982,https://www.homedepot.com/dp/9265544,homedepot.com,False
Atomic Habits,Books,34.6,57.07,0.6063,0.3938,0.7099,0.8885,https://www.nordstrom.com/dp/5848684,nordstrom.com,False
Thinkware U1000 Dash Cam,Automotive,222.27,271.26,0.8194,0.1806,0.69,0.4185,https://www.costco.com/dp/9095972,costco.com,False
The Pragmatic Programmer,Books,26.54,36.12,0.7348,0.2653,0.7009,0.9378,https://www.costco.com/dp/3784106,costco.com,False
Dyson Airwrap Styler,Beauty,267.23,308.29,0.8668,0.1332,0.6595,0.5339,https://www.bhphotovideo.com/dp/6077267,bhphotovideo.com,False
Callaway Golf Driver,Sports,602.54,981.97,0.6136,0.3864,0.6469,0.7343,https://www.chewy.com/dp/6420100,chewy.com,False
KitchenAid Stand Mixer,Home & Garden,133.81,531.43,0.2518,0.7482,0.1008,0.5634,https://shop-fast-now.biz/product/92079,shop-fast-now.biz,True
NARS Blush Orgasm,Beauty,195.42,207.61,0.9413,0.0587,0.6894,0.421,https://www.bhphotovideo.com/dp/4387856,bhphotovideo.com,False
Dyson Airwrap Styler,Beauty,299.36,344.61,0.8687,0.1313,0.9366,0.5431,https://www.bestbuy.com/dp/6038921,bestbuy.com,False
Dyson Airwrap Styler,Beauty,62.54,101.07,0.6188,0.3812,0.6946,0.5321,https://www.ebay.com/dp/9264869,ebay.com,False
Thinkware U1000 Dash Cam,Automotive,182.68,251.38,0.7267,0.2733,0.7312,0.4503,https://www.bhphotovideo.com/dp/5283671,bhphotovideo.com,False
Garmin Forerunner 945,Sports,558.84,658.85,0.8482,0.1518,0.958,0.6731,https://www.walmart.com/dp/2495511,walmart.com,False
NARS Blush Orgasm,Beauty,171.26,261.07,0.656,0.344,0.7014,0.6023,https://www.bhphotovideo.com/dp/3806047,bhphotovideo.com,False
Callaway Golf Driver,Sports,1298.96,1460.65,0.8893,0.1107,0.7021,0.783,https://www.macys.com/dp/5889906,macys.com,False
Bose SoundBar 700,Electronics,537.73,2259.39,0.238,0.762,0.28,0.8904,https://cheapbuy-store.xyz/product/46334,cheapbuy-store.xyz,True
LEGO Technic Bugatti,Toys,70.05,209.61,0.3342,0.6658,0.1626,0.426,https://discount-mega.ru/product/46675,discount-mega.ru,True
Garmin DriveSmart 65 GPS,Automotive,466.45,752.83,0.6196,0.3804,0.7042,0.5128,https://www.costco.com/dp/2992563,costco.com,False
Python Crash Course 3rd Ed,Books,30.03,40.43,0.7428,0.2573,0.8827,0.8531,https://www.bestbuy.com/dp/8310545,bestbuy.com,False
Dell XPS 15 Laptop,Electronics,2119.15,2512.03,0.8436,0.1564,0.7372,0.8355,https://www.adorama.com/dp/8775431,adorama.com,False
Thinkware U1000 Dash Cam,Automotive,164.08,848.42,0.1934,0.8066,0.2527,0.3092,https://shop-fast-now.biz/product/83322,shop-fast-now.biz,True
Olaplex Hair Perfector,Beauty,7.59,48.7,0.1559,0.8441,0.0629,0.5595,https://buylow-online.icu/product/26305,buylow-online.icu,True
Logitech MX Master Mouse,Electronics,1758.6,2631.06,0.6684,0.3316,0.778,0.6939,https://www.costco.com/dp/9094463,costco.com,False
Barbie Dreamhouse,Toys,192.72,209.43,0.9202,0.0798,0.831,0.261,https://www.costco.com/dp/7962689,costco.com,False
Magna-Tiles 100 Piece Set,Toys,46.07,124.12,0.3712,0.6288,0.0715,0.1918,https://deal-xpress.top/product/63939,deal-xpress.top,True
Hot Wheels Ultimate Garage,Toys,127.2,346.7,0.3669,0.6331,0.0632,0.2943,https://savebig-store.pw/product/26329,savebig-store.pw,True
NARS Blush Orgasm,Beauty,348.63,428.08,0.8144,0.1856,0.662,0.5531,https://www.costco.com/dp/7714063,costco.com,False
KitchenAid Stand Mixer,Home & Garden,52.61,278.49,0.1889,0.8111,0.1846,0.4318,https://bargain-hunt.gq/product/49931,bargain-hunt.gq,True
Patagonia Fleece Jacket,Clothing,67.57,299.5,0.2256,0.7744,0.1008,0.4512,https://bargain-hunt.gq/product/92691,bargain-hunt.gq,True
Nintendo Switch OLED,Toys,174.41,214.47,0.8132,0.1868,0.6355,0.3547,https://www.chewy.com/dp/1449444,chewy.com,False
KitchenAid Stand Mixer,Home & Garden,77.38,106.83,0.7243,0.2757,0.5811,0.4654,https://www.zappos.com/dp/4728927,zappos.com,False
Nintendo Switch OLED,Toys,40.55,355.69,0.114,0.886,0.28,0.3124,https://discount-mega.ru/product/72367,discount-mega.ru,True
The Pragmatic Programmer,Books,30.83,42.49,0.7256,0.2744,0.8715,0.8714,https://www.walmart.com/dp/9561996,walmart.com,False
Fenty Beauty Foundation,Beauty,453.64,574.88,0.7891,0.2109,0.8287,0.5047,https://www.adorama.com/dp/6743294,adorama.com,False
Levi's 501 Jeans,Clothing,220.15,241.26,0.9125,0.0875,1.0,0.7065,https://www.walmart.com/dp/5035968,walmart.com,False
Callaway Golf Driver,Sports,673.03,767.6,0.8768,0.1232,0.6401,0.771,https://www.homedepot.com/dp/2620464,homedepot.com,False
Garmin Forerunner 945,Sports,1325.3,1739.7,0.7618,0.2382,0.6508,0.7159,https://www.costco.com/dp/2589046,costco.com,False
Bose SoundBar 700,Electronics,1671.25,1803.64,0.9266,0.0734,0.696,0.8037,https://www.homedepot.com/dp/4792145,homedepot.com,False
Dyson Airwrap Styler,Beauty,30.02,46.06,0.6518,0.3482,1.0,0.6846,https://www.bestbuy.com/dp/4887353,bestbuy.com,False
KitchenAid Stand Mixer,Home & Garden,115.19,692.26,0.1664,0.8336,0.257,0.4457,https://cheapbuy-store.xyz/product/3660,cheapbuy-store.xyz,True
Hot Wheels Ultimate Garage,Toys,126.24,155.89,0.8098,0.1902,0.7797,0.3091,https://www.wayfair.com/dp/4265774,wayfair.com,False
Wilson Tennis Racket Pro,Sports,396.57,478.77,0.8283,0.1717,0.7648,0.6982,https://www.macys.com/dp/8858359,macys.com,False
NARS Blush Orgasm,Beauty,308.77,474.3,0.651,0.349,0.9046,0.3748,https://www.bestbuy.com/dp/8025190,bestbuy.com,False
LEGO Technic Bugatti,Toys,18.7,354.93,0.0527,0.9473,0.1064,0.349,https://shop-fast-now.biz/product/42594,shop-fast-now.biz,True
Instant Pot Duo 7-in-1,Home & Garden,505.48,723.05,0.6991,0.3009,0.7984,0.3443,https://www.bestbuy.com/dp/2663450,bestbuy.com,False
Fenty Beauty Foundation,Beauty,280.44,436.08,0.6431,0.3569,0.6727,0.4783,https://www.zappos.com/dp/2684358,zappos.com,False
Fenty Beauty Foundation,Beauty,28.76,114.93,0.2502,0.7498,0.1191,0.3424,https://shop-fast-now.biz/product/24215,shop-fast-now.biz,True
Callaway Golf Driver,Sports,804.22,1248.4,0.6442,0.3558,0.7338,0.5627,https://www.adorama.com/dp/7563559,adorama.com,False
Thinkware U1000 Dash Cam,Automotive,98.66,846.83,0.1165,0.8835,0.2144,0.309,https://shop-fast-now.biz/product/51783,shop-fast-now.biz,True
Nespresso Vertuo Coffee Maker,Home & Garden,208.03,255.1,0.8155,0.1845,0.6439,0.5244,https://www.homedepot.com/dp/4823830,homedepot.com,False
Sony Headphones WH-1000XM5,Electronics,948.27,1076.11,0.8812,0.1188,0.9211,0.8127,https://www.bestbuy.com/dp/6648226,bestbuy.com,False
Instant Pot Duo 7-in-1,Home & Garden,194.84,311.1,0.6263,0.3737,0.6825,0.2725,https://www.nordstrom.com/dp/3724178,nordstrom.com,False
"iPad Pro 12.9""",Electronics,1752.99,2771.96,0.6324,0.3676,0.6391,0.8628,https://www.nordstrom.com/dp/4633007,nordstrom.com,False
Sony Headphones WH-1000XM5,Electronics,1799.8,2591.88,0.6944,0.3056,0.6736,0.7655,https://www.costco.com/dp/9245225,costco.com,False
La Mer Moisturizing Cream,Beauty,411.91,455.1,0.9051,0.0949,0.6887,0.5294,https://www.adorama.com/dp/8099712,adorama.com,False
Patagonia Fleece Jacket,Clothing,291.51,316.69,0.9205,0.0795,0.701,0.5418,https://www.chewy.com/dp/7540534,chewy.com,False
Fenty Beauty Foundation,Beauty,203.0,299.05,0.6788,0.3212,0.7101,0.3754,https://www.adorama.com/dp/4321309,adorama.com,False
Garmin Forerunner 945,Sports,167.62,811.73,0.2065,0.7935,0.1123,0.8082,https://bargain-hunt.gq/product/52504,bargain-hunt.gq,True
NOCO Genius5 Battery Charger,Automotive,593.55,907.7,0.6539,0.3461,0.9129,0.394,https://www.walmart.com/dp/8106422,walmart.com,False
Levi's 501 Jeans,Clothing,329.36,386.89,0.8513,0.1487,0.9246,0.6667,https://www.walmart.com/dp/2511634,walmart.com,False
Thinkware U1000 Dash Cam,Automotive,77.95,97.34,0.8008,0.1992,0.712,0.3467,https://www.chewy.com/dp/9118037,chewy.com,False
Barbie Dreamhouse,Toys,248.26,390.41,0.6359,0.3641,0.6693,0.2932,https://www.costco.com/dp/8896784,costco.com,False
NOCO Genius5 Battery Charger,Automotive,787.62,841.56,0.9359,0.0641,0.702,0.2862,https://www.chewy.com/dp/8033433,chewy.com,False
Levi's 501 Jeans,Clothing,17.33,306.26,0.0566,0.9434,0.101,0.6283,https://topdeal-online.cc/product/46289,topdeal-online.cc,True
Instant Pot Duo 7-in-1,Home & Garden,227.91,291.89,0.7808,0.2192,0.6782,0.4412,https://www.zappos.com/dp/9785019,zappos.com,False
Logitech MX Master Mouse,Electronics,1593.51,2114.25,0.7537,0.2463,0.9098,0.8421,https://www.bestbuy.com/dp/2766607,bestbuy.com,False
Sony Headphones WH-1000XM5,Electronics,2027.65,2778.75,0.7297,0.2703,0.7716,0.8292,https://www.costco.com/dp/3558536,costco.com,False
Nintendo Switch OLED,Toys,72.11,88.88,0.8113,0.1887,0.961,0.2639,https://www.bestbuy.com/dp/3649846,bestbuy.com,False
Nike Air Max Sneakers,Clothing,282.31,413.4,0.6829,0.3171,0.6662,0.6027,https://www.adorama.com/dp/4640623,adorama.com,False
Sony Headphones WH-1000XM5,Electronics,1213.92,1726.04,0.7033,0.2967,0.8991,0.8189,https://www.walmart.com/dp/9078781,walmart.com,False
La Mer Moisturizing Cream,Beauty,112.74,153.68,0.7336,0.2664,0.6617,0.5054,https://www.wayfair.com/dp/5475083,wayfair.com,False
Wilson Tennis Racket Pro,Sports,728.6,819.57,0.889,0.111,0.9171,0.8501,https://www.amazon.com/dp/3126655,amazon.com,False
Michelin X-Tour Tires,Automotive,561.08,899.16,0.624,0.376,0.8897,0.3175,https://www.walmart.com/dp/9653473,walmart.com,False
Michelin X-Tour Tires,Automotive,383.55,473.11,0.8107,0.1893,0.7479,0.4531,https://www.wayfair.com/dp/2609837,wayfair.com,False
Barbie Dreamhouse,Toys,167.22,269.45,0.6206,0.3794,0.6772,0.3645,https://www.nordstrom.com/dp/8276581,nordstrom.com,False
Thinkware U1000 Dash Cam,Automotive,565.41,820.39,0.6892,0.3108,0.6795,0.4627,https://www.macys.com/dp/8085830,macys.com,False
Hot Wheels Ultimate Garage,Toys,294.49,382.85,0.7692,0.2308,0.9257,0.3074,https://www.amazon.com/dp/5418274,amazon.com,False
Logitech MX Master Mouse,Electronics,203.56,1729.49,0.1177,0.8823,0.0006,0.9543,https://pricedown-shop.cf/product/55405,pricedown-shop.cf,True
Atomic Habits,Books,33.6,41.93,0.8013,0.1987,0.9482,0.8756,https://www.bestbuy.com/dp/2860722,bestbuy.com,False
Peloton Bike+,Sports,1407.2,2279.23,0.6174,0.3826,0.7294,0.777,https://www.newegg.com/dp/5912097,newegg.com,False
Sony Headphones WH-1000XM5,Electronics,1241.79,1947.3,0.6377,0.3623,0.6686,0.6405,https://www.zappos.com/dp/1778376,zappos.com,False
Clean Code,Books,15.25,20.73,0.7356,0.2642,0.7009,1.0,https://www.macys.com/dp/9240971,macys.com,False
Dell XPS 15 Laptop,Electronics,172.76,1659.52,0.1041,0.8959,0.1083,0.8538,https://savebig-store.pw/product/73620,savebig-store.pw,True
Olaplex Hair Perfector,Beauty,25.25,41.32,0.6111,0.3889,0.6584,0.5377,https://www.macys.com/dp/2425760,macys.com,False
TRX Suspension Trainer,Sports,141.69,801.89,0.1767,0.8233,0.1248,0.7682,https://buylow-online.icu/product/93176,buylow-online.icu,True
Roomba i7+ Robot Vacuum,Home & Garden,535.68,765.59,0.6997,0.3003,0.7359,0.4374,https://www.macys.com/dp/7680763,macys.com,False
Wilson Tennis Racket Pro,Sports,734.16,843.57,0.8703,0.1297,0.7344,0.651,https://www.adorama.com/dp/1275672,adorama.com,False
Dyson V15 Vacuum,Home & Garden,180.41,289.58,0.623,0.377,0.6675,0.4567,https://www.wayfair.com/dp/5325779,wayfair.com,False
Garmin Forerunner 945,Sports,1909.96,2196.37,0.8696,0.1304,0.9412,0.6869,https://www.target.com/dp/4309617,target.com,False
The Pragmatic Programmer,Books,15.54,21.7,0.7161,0.284,0.72,0.8479,https://www.adorama.com/dp/7060792,adorama.com,False
Dell XPS 15 Laptop,Electronics,1695.88,1934.61,0.8766,0.1234,0.9587,0.8796,https://www.target.com/dp/4230379,target.com,False
Atomic Habits,Books,4.32,11.08,0.3899,0.6101,0.2366,0.7744,https://buylow-online.icu/product/32191,buylow-online.icu,True
Clean Code,Books,1.86,13.2,0.1409,0.859,0.0331,0.9836,https://topdeal-online.cc/product/78704,topdeal-online.cc,True
Logitech MX Master Mouse,Electronics,1621.68,1722.44,0.9415,0.0585,0.759,0.9415,https://www.costco.com/dp/2657659,costco.com,False
Garmin DriveSmart 65 GPS,Automotive,394.23,535.27,0.7365,0.2635,0.8614,0.4326,https://www.target.com/dp/8926422,target.com,False
La Mer Moisturizing Cream,Beauty,146.63,185.8,0.7892,0.2108,0.6725,0.5408,https://www.ebay.com/dp/4083153,ebay.com,False
Magna-Tiles 100 Piece Set,Toys,46.02,56.41,0.8158,0.1841,0.964,0.1727,https://www.target.com/dp/6920939,target.com,False
Thinkware U1000 Dash Cam,Automotive,232.68,616.22,0.3776,0.6224,0.103,0.3608,https://buylow-online.icu/product/43515,buylow-online.icu,True
Nespresso Vertuo Coffee Maker,Home & Garden,158.59,189.65,0.8362,0.1638,0.6866,0.3615,https://www.homedepot.com/dp/9025733,homedepot.com,False
Designing Data-Intensive Applications,Books,42.26,48.91,0.864,0.1359,0.7145,0.8594,https://www.zappos.com/dp/1372876,zappos.com,False
Magna-Tiles 100 Piece Set,Toys,193.93,232.95,0.8325,0.1675,0.6983,0.3864,https://www.ebay.com/dp/8024541,ebay.com,False
Nespresso Vertuo Coffee Maker,Home & Garden,310.85,365.62,0.8502,0.1498,0.6806,0.4169,https://www.homedepot.com/dp/8339925,homedepot.com,False
Atomic Habits,Books,8.48,13.15,0.6449,0.3551,0.884,0.9121,https://www.target.com/dp/9717785,target.com,False
Nintendo Switch OLED,Toys,269.62,333.77,0.8078,0.1922,0.5963,0.3482,https://www.nordstrom.com/dp/8245593,nordstrom.com,False
NARS Blush Orgasm,Beauty,88.08,128.06,0.6878,0.3122,0.6738,0.5391,https://www.zappos.com/dp/5856449,zappos.com,False
The North Face Parka,Clothing,154.77,234.43,0.6602,0.3398,0.6945,0.5853,https://www.wayfair.com/dp/1830449,wayfair.com,False
Designing Data-Intensive Applications,Books,36.42,45.27,0.8045,0.1954,0.7179,0.8446,https://www.bhphotovideo.com/dp/8922533,bhphotovideo.com,False
"iPad Pro 12.9""",Electronics,788.81,1175.05,0.6713,0.3287,0.8665,0.9332,https://www.walmart.com/dp/7473923,walmart.com,False
"iPad Pro 12.9""",Electronics,295.49,336.43,0.8783,0.1217,0.8994,0.9325,https://www.walmart.com/dp/4741911,walmart.com,False
Nespresso Vertuo Coffee Maker,Home & Garden,441.22,490.41,0.8997,0.1003,0.6765,0.4713,https://www.ebay.com/dp/8962686,ebay.com,False
Dyson Airwrap Styler,Beauty,103.55,116.75,0.8869,0.1131,0.65,0.4458,https://www.newegg.com/dp/9467339,newegg.com,False
Designing Data-Intensive Applications,Books,24.57,33.05,0.7434,0.2567,0.8767,0.8915,https://www.target.com/dp/5088457,target.com,False
Nike Air Max Sneakers,Clothing,39.88,389.49,0.1024,0.8976,0.28,0.4692,https://discount-mega.ru/product/57676,discount-mega.ru,True
Olaplex Hair Perfector,Beauty,160.08,198.63,0.8059,0.1941,0.6173,0.4232,https://www.chewy.com/dp/2491048,chewy.com,False
Fenty Beauty Foundation,Beauty,14.07,112.67,0.1249,0.8751,0.0576,0.4102,https://buylow-online.icu/product/17851,buylow-online.icu,True
Barbie Dreamhouse,Toys,249.15,379.11,0.6572,0.3428,0.6942,0.3192,https://www.newegg.com/dp/6044815,newegg.com,False
Olaplex Hair Perfector,Beauty,170.35,217.95,0.7816,0.2184,0.9482,0.4984,https://www.bestbuy.com/dp/2819761,bestbuy.com,False
Dyson Airwrap Styler,Beauty,366.18,557.44,0.6569,0.3431,0.6965,0.5389,https://www.wayfair.com/dp/3067274,wayfair.com,False
Nike Air Max Sneakers,Clothing,81.4,100.45,0.8104,0.1896,0.6053,0.6171,https://www.ebay.com/dp/8990421,ebay.com,False
TRX Suspension Trainer,Sports,289.32,410.61,0.7046,0.2954,0.7293,0.8752,https://www.newegg.com/dp/1649691,newegg.com,False
KitchenAid Stand Mixer,Home & Garden,270.18,428.66,0.6303,0.3697,0.8065,0.4219,https://www.walmart.com/dp/5391883,walmart.com,False
NOCO Genius5 Battery Charger,Automotive,134.34,208.05,0.6457,0.3543,0.724,0.5197,https://www.wayfair.com/dp/7805792,wayfair.com,False
Atomic Habits,Books,2.54,37.52,0.0677,0.9323,0.2054,0.7248,https://bestprice-deals.tk/product/36114,bestprice-deals.tk,True
LEGO Technic Bugatti,Toys,281.95,380.71,0.7406,0.2594,0.7139,0.3482,https://www.wayfair.com/dp/2352134,wayfair.com,False
Dyson Airwrap Styler,Beauty,188.94,219.01,0.8627,0.1373,0.9155,0.5381,https://www.bestbuy.com/dp/9744956,bestbuy.com,False
"Samsung 4K TV 55""",Electronics,714.68,2523.59,0.2832,0.7168,0.0439,0.8904,https://bestprice-deals.tk/product/57592,bestprice-deals.tk,True
Garmin DriveSmart 65 GPS,Automotive,557.13,767.93,0.7255,0.2745,0.835,0.4664,https://www.bestbuy.com/dp/8439100,bestbuy.com,False
NOCO Genius5 Battery Charger,Automotive,446.73,489.89,0.9119,0.0881,0.7681,0.5312,https://www.ebay.com/dp/6577341,ebay.com,False
Peloton Bike+,Sports,461.04,613.57,0.7514,0.2486,0.9172,0.559,https://www.walmart.com/dp/2437026,walmart.com,False
Thinkware U1000 Dash Cam,Automotive,58.3,193.24,0.3017,0.6983,0.142,0.3403,https://discount-mega.ru/product/68824,discount-mega.ru,True
Garmin DriveSmart 65 GPS,Automotive,178.04,736.94,0.2416,0.7584,0.1372,0.4036,https://bestprice-deals.tk/product/53604,bestprice-deals.tk,True
Hot Wheels Ultimate Garage,Toys,22.36,99.17,0.2255,0.7745,0.2436,0.2976,https://deal-xpress.top/product/27403,deal-xpress.top,True
Barbie Dreamhouse,Toys,62.59,102.12,0.6129,0.3871,0.6814,0.4371,https://www.bhphotovideo.com/dp/7777264,bhphotovideo.com,False
"iPad Pro 12.9""",Electronics,507.73,666.58,0.7617,0.2383,0.7648,0.9042,https://www.target.com/dp/9778944,target.com,False
Nintendo Switch OLED,Toys,24.84,241.16,0.103,0.897,0.1938,0.5326,https://bargain-hunt.gq/product/98391,bargain-hunt.gq,True
Michelin X-Tour Tires,Automotive,864.9,929.6,0.9304,0.0696,0.6719,0.3833,https://www.adorama.com/dp/6022154,adorama.com,False
Patagonia Fleece Jacket,Clothing,72.89,100.82,0.723,0.277,0.7216,0.6592,https://www.wayfair.com/dp/2742713,wayfair.com,False
KitchenAid Stand Mixer,Home & Garden,509.19,786.88,0.6471,0.3529,0.707,0.4552,https://www.wayfair.com/dp/7826210,wayfair.com,False
NOCO Genius5 Battery Charger,Automotive,548.47,738.28,0.7429,0.2571,0.5955,0.3864,https://www.zappos.com/dp/2027878,zappos.com,False
Designing Data-Intensive Applications,Books,0.99,15.93,0.0621,0.9415,0.0967,0.9981,https://deal-xpress.top/product/58043,deal-xpress.top,True
Dyson Airwrap Styler,Beauty,136.07,508.85,0.2674,0.7326,0.0249,0.416,https://pricedown-shop.cf/product/95640,pricedown-shop.cf,True
Olaplex Hair Perfector,Beauty,156.95,458.91,0.342,0.658,0.131,0.5539,https://savebig-store.pw/product/63088,savebig-store.pw,True
Thinkware U1000 Dash Cam,Automotive,83.18,266.26,0.3124,0.6876,0.1962,0.4274,https://cheapbuy-store.xyz/product/18502,cheapbuy-store.xyz,True
Magna-Tiles 100 Piece Set,Toys,279.26,354.88,0.7869,0.2131,0.7354,0.305,https://www.nordstrom.com/dp/8876742,nordstrom.com,False
Dyson Airwrap Styler,Beauty,83.53,215.73,0.3872,0.6128,0.1547,0.3266,https://buylow-online.icu/product/32603,buylow-online.icu,True
Garmin DriveSmart 65 GPS,Automotive,81.16,302.74,0.2681,0.7319,0.0428,0.3968,https://bargain-hunt.gq/product/96295,bargain-hunt.gq,True
Peloton Bike+,Sports,377.17,1514.72,0.249,0.751,0.28,0.7274,https://ultra-deals99.net/product/30885,ultra-deals99.net,True
Bose SoundBar 700,Electronics,1098.62,1611.83,0.6816,0.3184,0.9038,0.7474,https://www.target.com/dp/3678059,target.com,False
NOCO Genius5 Battery Charger,Automotive,392.6,549.94,0.7139,0.2861,0.6997,0.4627,https://www.costco.com/dp/4901782,costco.com,False
Wilson Tennis Racket Pro,Sports,203.79,640.45,0.3182,0.6818,0.2654,0.753,https://topdeal-online.cc/product/51167,topdeal-online.cc,True
Sony Headphones WH-1000XM5,Electronics,114.46,490.0,0.2336,0.7664,0.0203,0.8083,https://buylow-online.icu/product/21980,buylow-online.icu,True
TRX Suspension Trainer,Sports,1309.0,2087.06,0.6272,0.3728,0.6846,0.7624,https://www.bhphotovideo.com/dp/8960796,bhphotovideo.com,False
Wilson Tennis Racket Pro,Sports,707.6,939.71,0.753,0.247,0.6952,0.8384,https://www.adorama.com/dp/2651924,adorama.com,False
Olaplex Hair Perfector,Beauty,13.15,213.41,0.0616,0.9384,0.0551,0.4991,https://pricedown-shop.cf/product/85103,pricedown-shop.cf,True
La Mer Moisturizing Cream,Beauty,534.0,567.06,0.9417,0.0583,0.9504,0.5414,https://www.target.com/dp/7475513,target.com,False
Designing Data-Intensive Applications,Books,16.49,24.43,0.675,0.3249,0.6845,0.9324,https://www.costco.com/dp/4738590,costco.com,False
NARS Blush Orgasm,Beauty,430.85,535.09,0.8052,0.1948,0.7003,0.5038,https://www.zappos.com/dp/8608449,zappos.com,False
Wilson Tennis Racket Pro,Sports,1788.81,2122.97,0.8426,0.1574,0.6358,0.8181,https://www.macys.com/dp/7290929,macys.com,False
Wilson Tennis Racket Pro,Sports,1143.92,1471.28,0.7775,0.2225,0.7232,0.5906,https://www.nordstrom.com/dp/9462784,nordstrom.com,False
Levi's 501 Jeans,Clothing,105.21,123.82,0.8497,0.1503,0.9251,0.5287,https://www.amazon.com/dp/9137308,amazon.com,False
Nintendo Switch OLED,Toys,122.53,130.84,0.9365,0.0635,0.9354,0.4122,https://www.bestbuy.com/dp/3114701,bestbuy.com,False
Michelin X-Tour Tires,Automotive,147.33,238.4,0.618,0.382,0.6809,0.2419,https://www.adorama.com/dp/3427531,adorama.com,False
The Pragmatic Programmer,Books,7.83,21.26,0.3683,0.6317,0.1684,0.9412,https://flashsale-today.ml/product/2235,flashsale-today.ml,True
Instant Pot Duo 7-in-1,Home & Garden,210.15,300.94,0.6983,0.3017,0.7212,0.4532,https://www.costco.com/dp/8708824,costco.com,False
Nike Air Max Sneakers,Clothing,129.85,455.78,0.2849,0.7151,0.0494,0.6268,https://buylow-online.icu/product/92125,buylow-online.icu,True
Olaplex Hair Perfector,Beauty,99.11,107.2,0.9245,0.0755,0.6115,0.5293,https://www.homedepot.com/dp/3922838,homedepot.com,False
Designing Data-Intensive Applications,Books,9.67,12.34,0.7836,0.216,0.7025,0.9578,https://www.bhphotovideo.com/dp/2571975,bhphotovideo.com,False
Levi's 501 Jeans,Clothing,97.91,139.81,0.7003,0.2997,0.7409,0.723,https://www.nordstrom.com/dp/3182597,nordstrom.com,False
"Samsung 4K TV 55""",Electronics,1094.93,1649.99,0.6636,0.3364,0.7709,0.651,https://www.zappos.com/dp/2425479,zappos.com,False
The Pragmatic Programmer,Books,20.35,32.14,0.6332,0.3667,0.9193,0.8059,https://www.amazon.com/dp/6112575,amazon.com,False
NOCO Genius5 Battery Charger,Automotive,573.05,636.72,0.9,0.1,0.6268,0.3465,https://www.wayfair.com/dp/7912309,wayfair.com,False
Dyson V15 Vacuum,Home & Garden,441.11,513.76,0.8586,0.1414,0.6616,0.4017,https://www.chewy.com/dp/8044211,chewy.com,False
NOCO Genius5 Battery Charger,Automotive,177.63,283.94,0.6256,0.3744,0.9036,0.2965,https://www.walmart.com/dp/6946295,walmart.com,False
LEGO Technic Bugatti,Toys,26.35,102.02,0.2583,0.7417,0.0134,0.4559,https://flashsale-today.ml/product/72764,flashsale-today.ml,True
Dyson V15 Vacuum,Home & Garden,204.03,218.21,0.935,0.065,0.7406,0.4766,https://www.ebay.com/dp/8261804,ebay.com,False
Clean Code,Books,22.38,28.53,0.7844,0.2154,0.7307,0.9408,https://www.wayfair.com/dp/3213110,wayfair.com,False
Michelin X-Tour Tires,Automotive,466.7,748.75,0.6233,0.3767,0.6808,0.3835,https://www.wayfair.com/dp/7668783,wayfair.com,False
Peloton Bike+,Sports,1737.35,1842.36,0.943,0.057,0.8979,0.582,https://www.target.com/dp/8247606,target.com,False
The Pragmatic Programmer,Books,44.74,55.35,0.8083,0.1916,0.6649,0.847,https://www.macys.com/dp/1592554,macys.com,False
Python Crash Course 3rd Ed,Books,39.72,49.38,0.8044,0.1957,0.724,0.8302,https://www.zappos.com/dp/2059977,zappos.com,False
NARS Blush Orgasm,Beauty,24.89,168.31,0.1479,0.8521,0.0716,0.4478,https://flashsale-today.ml/product/64711,flashsale-today.ml,True
NARS Blush Orgasm,Beauty,462.65,546.93,0.8459,0.1541,0.8061,0.5826,https://www.wayfair.com/dp/8194570,wayfair.com,False
Michelin X-Tour Tires,Automotive,2.62,44.92,0.0583,0.9417,0.0937,0.493,https://topdeal-online.cc/product/54088,topdeal-online.cc,True
Thinkware U1000 Dash Cam,Automotive,255.6,394.44,0.648,0.352,0.8682,0.4167,https://www.amazon.com/dp/6459880,amazon.com,False
"Samsung 4K TV 55""",Electronics,1010.61,1560.06,0.6478,0.3522,0.6644,0.8594,https://www.costco.com/dp/8127897,costco.com,False
Bose SoundBar 700,Electronics,646.11,715.59,0.9029,0.0971,0.8982,0.9028,https://www.walmart.com/dp/4425296,walmart.com,False
Roomba i7+ Robot Vacuum,Home & Garden,538.03,623.51,0.8629,0.1371,0.7169,0.4264,https://www.bhphotovideo.com/dp/2533463,bhphotovideo.com,False
Wilson Tennis Racket Pro,Sports,857.22,1233.94,0.6947,0.3053,0.704,0.7443,https://www.homedepot.com/dp/5731917,homedepot.com,False
Olaplex Hair Perfector,Beauty,95.91,124.28,0.7717,0.2283,0.6903,0.5907,https://www.adorama.com/dp/8550515,adorama.com,False
Dell XPS 15 Laptop,Electronics,1468.82,1969.46,0.7458,0.2542,0.8903,0.9677,https://www.target.com/dp/3640954,target.com,False
Clean Code,Books,14.99,46.27,0.324,0.676,0.2385,0.9564,https://cheapbuy-store.xyz/product/71062,cheapbuy-store.xyz,True
Michelin X-Tour Tires,Automotive,722.2,892.16,0.8095,0.1905,0.5814,0.5634,https://www.ebay.com/dp/1106601,ebay.com,False
LEGO Technic Bugatti,Toys,52.94,320.87,0.165,0.835,0.2639,0.3956,https://pricedown-shop.cf/product/42127,pricedown-shop.cf,True
Barbie Dreamhouse,Toys,38.37,46.25,0.8296,0.1703,0.8614,0.4788,https://www.walmart.com/dp/9262035,walmart.com,False
Instant Pot Duo 7-in-1,Home & Garden,376.52,619.69,0.6076,0.3924,0.7085,0.4353,https://www.homedepot.com/dp/8052503,homedepot.com,False
NOCO Genius5 Battery Charger,Automotive,218.43,361.52,0.6042,0.3958,0.7063,0.3625,https://www.bhphotovideo.com/dp/9038452,bhphotovideo.com,False
Atomic Habits,Books,8.9,10.7,0.8318,0.168,0.682,0.9927,https://www.ebay.com/dp/4240708,ebay.com,False
Designing Data-Intensive Applications,Books,28.99,34.6,0.8379,0.1622,0.9034,0.9682,https://www.bestbuy.com/dp/1832687,bestbuy.com,False
Sony Headphones WH-1000XM5,Electronics,978.77,1223.46,0.8,0.2,0.722,0.8421,https://www.chewy.com/dp/1986329,chewy.com,False
Levi's 501 Jeans,Clothing,27.13,469.38,0.0578,0.9422,0.091,0.5336,https://topdeal-online.cc/product/6551,topdeal-online.cc,True
The Pragmatic Programmer,Books,17.45,59.4,0.2938,0.7063,0.0239,0.9483,https://flashsale-today.ml/product/97353,flashsale-today.ml,True
Patagonia Fleece Jacket,Clothing,249.51,370.64,0.6732,0.3268,0.9129,0.5724,https://www.amazon.com/dp/7065502,amazon.com,False
Python Crash Course 3rd Ed,Books,3.43,20.63,0.1663,0.8338,0.28,0.9313,https://ultra-deals99.net/product/76630,ultra-deals99.net,True
Patagonia Fleece Jacket,Clothing,22.86,30.91,0.7396,0.2605,0.6695,0.6404,https://www.nordstrom.com/dp/7532030,nordstrom.com,False
Wilson Tennis Racket Pro,Sports,1166.13,1287.83,0.9055,0.0945,0.6929,0.7271,https://www.adorama.com/dp/5921482,adorama.com,False
Hot Wheels Ultimate Garage,Toys,193.5,258.04,0.7499,0.2501,0.7088,0.3206,https://www.zappos.com/dp/2196955,zappos.com,False
Adidas Ultraboost,Clothing,88.84,434.42,0.2045,0.7955,0.1708,0.674,https://cheapbuy-store.xyz/product/24719,cheapbuy-store.xyz,True
TRX Suspension Trainer,Sports,1081.07,1349.65,0.801,0.199,0.8001,0.7027,https://www.amazon.com/dp/2788019,amazon.com,False
KitchenAid Stand Mixer,Home & Garden,145.95,169.93,0.8589,0.1411,0.6577,0.3288,https://www.costco.com/dp/4551070,costco.com,False
Nintendo Switch OLED,Toys,32.04,114.99,0.2786,0.7214,0.0536,0.357,https://ultra-deals99.net/product/90186,ultra-deals99.net,True
Instant Pot Duo 7-in-1,Home & Garden,468.09,518.14,0.9034,0.0966,0.7229,0.6179,https://www.adorama.com/dp/5517306,adorama.com,False
Adidas Ultraboost,Clothing,299.34,473.79,0.6318,0.3682,0.9001,0.6332,https://www.walmart.com/dp/1660659,walmart.com,False
KitchenAid Stand Mixer,Home & Garden,39.81,456.03,0.0873,0.9127,0.0063,0.475,https://bestprice-deals.tk/product/36131,bestprice-deals.tk,True
Python Crash Course 3rd Ed,Books,1.1,14.56,0.0755,0.9245,0.1092,0.8845,https://ultra-deals99.net/product/20385,ultra-deals99.net,True
Garmin DriveSmart 65 GPS,Automotive,522.14,694.24,0.7521,0.2479,0.6409,0.4797,https://www.newegg.com/dp/2785364,newegg.com,False
KitchenAid Stand Mixer,Home & Garden,308.51,411.73,0.7493,0.2507,0.7487,0.4739,https://www.costco.com/dp/7307916,costco.com,False
Hot Wheels Ultimate Garage,Toys,70.07,77.67,0.9022,0.0979,0.6702,0.216,https://www.costco.com/dp/8183194,costco.com,False
KitchenAid Stand Mixer,Home & Garden,437.99,656.66,0.667,0.333,0.9429,0.3837,https://www.target.com/dp/2443147,target.com,False
Atomic Habits,Books,33.39,44.89,0.7438,0.2561,0.7506,0.8873,https://www.wayfair.com/dp/6840068,wayfair.com,False
Dyson Airwrap Styler,Beauty,198.23,283.87,0.6983,0.3017,0.7787,0.5365,https://www.adorama.com/dp/5868635,adorama.com,False
LEGO Technic Bugatti,Toys,63.1,102.13,0.6178,0.3822,0.921,0.3038,https://www.bestbuy.com/dp/7735054,bestbuy.com,False
Levi's 501 Jeans,Clothing,31.15,38.26,0.8142,0.1858,0.924,0.5156,https://www.walmart.com/dp/2130790,walmart.com,False
Hot Wheels Ultimate Garage,Toys,326.57,357.34,0.9139,0.0861,0.7348,0.3233,https://www.nordstrom.com/dp/6242557,nordstrom.com,False
Wilson Tennis Racket Pro,Sports,919.01,1351.48,0.68,0.32,0.7545,0.6543,https://www.nordstrom.com/dp/7625083,nordstrom.com,False
Garmin Forerunner 945,Sports,1418.05,1915.25,0.7404,0.2596,0.9053,0.7468,https://www.bestbuy.com/dp/6412444,bestbuy.com,False
Michelin X-Tour Tires,Automotive,721.3,769.55,0.9373,0.0627,0.6077,0.3657,https://www.nordstrom.com/dp/9488394,nordstrom.com,False
Peloton Bike+,Sports,1087.12,1631.33,0.6664,0.3336,0.727,0.7701,https://www.chewy.com/dp/8908133,chewy.com,False
Callaway Golf Driver,Sports,236.85,280.83,0.8434,0.1566,0.7492,0.6829,https://www.newegg.com/dp/6573679,newegg.com,False
Roomba i7+ Robot Vacuum,Home & Garden,354.38,500.54,0.708,0.292,0.708,0.3678,https://www.wayfair.com/dp/3976601,wayfair.com,False
Dyson Airwrap Styler,Beauty,43.93,68.31,0.6431,0.3569,0.6324,0.3942,https://www.ebay.com/dp/6267145,ebay.com,False
Levi's 501 Jeans,Clothing,141.53,203.87,0.6942,0.3058,0.8959,0.6894,https://www.walmart.com/dp/2731434,walmart.com,False
La Mer Moisturizing Cream,Beauty,254.56,388.47,0.6553,0.3447,0.9286,0.4436,https://www.amazon.com/dp/6220474,amazon.com,False
Roomba i7+ Robot Vacuum,Home & Garden,347.2,419.88,0.8269,0.1731,0.7837,0.5572,https://www.wayfair.com/dp/6482263,wayfair.com,False
Dyson V15 Vacuum,Home & Garden,251.56,386.0,0.6517,0.3483,0.8767,0.3314,https://www.bestbuy.com/dp/9638445,bestbuy.com,False
Ray-Ban Aviator Sunglasses,Clothing,18.82,178.03,0.1057,0.8943,0.05,0.4186,https://savebig-store.pw/product/17734,savebig-store.pw,True
NARS Blush Orgasm,Beauty,159.38,171.21,0.9309,0.0691,0.719,0.5984,https://www.bhphotovideo.com/dp/4673341,bhphotovideo.com,False
LEGO Technic Bugatti,Toys,145.11,197.92,0.7332,0.2668,0.76,0.3474,https://www.bhphotovideo.com/dp/2797731,bhphotovideo.com,False
Apple AirPods Pro,Electronics,617.32,2595.97,0.2378,0.7622,0.0768,0.9277,https://bargain-hunt.gq/product/38802,bargain-hunt.gq,True
Adidas Ultraboost,Clothing,302.02,445.53,0.6779,0.3221,0.8513,0.6563,https://www.target.com/dp/8654679,target.com,False
Clean Code,Books,37.01,53.94,0.6861,0.3139,0.7235,1.0,https://www.adorama.com/dp/3556182,adorama.com,False
Ray-Ban Aviator Sunglasses,Clothing,291.09,355.64,0.8185,0.1815,0.5967,0.6023,https://www.nordstrom.com/dp/1228581,nordstrom.com,False
"iPad Pro 12.9""",Electronics,133.64,430.4,0.3105,0.6895,0.0464,0.8387,https://cheapbuy-store.xyz/product/27518,cheapbuy-store.xyz,True
Barbie Dreamhouse,Toys,236.0,303.93,0.7765,0.2235,0.7267,0.2919,https://www.ebay.com/dp/3089926,ebay.com,False
KitchenAid Stand Mixer,Home & Garden,315.45,436.0,0.7235,0.2765,0.8861,0.4276,https://www.walmart.com/dp/5877187,walmart.com,False
Dyson V15 Vacuum,Home & Garden,37.11,50.19,0.7394,0.2607,0.6696,0.4177,https://www.zappos.com/dp/1661904,zappos.com,False
KitchenAid Stand Mixer,Home & Garden,742.57,782.64,0.9488,0.0512,0.8911,0.5025,https://www.amazon.com/dp/6492469,amazon.com,False
Hot Wheels Ultimate Garage,Toys,91.7,150.87,0.6078,0.3922,0.7477,0.391,https://www.ebay.com/dp/5852112,ebay.com,False
Wilson Tennis Racket Pro,Sports,1413.36,1691.23,0.8357,0.1643,0.7079,0.7141,https://www.bhphotovideo.com/dp/4361005,bhphotovideo.com,False
Instant Pot Duo 7-in-1,Home & Garden,39.28,397.18,0.0989,0.9011,0.28,0.3274,https://buylow-online.icu/product/17170,buylow-online.icu,True
Garmin Forerunner 945,Sports,413.2,687.75,0.6008,0.3992,0.9374,0.7238,https://www.target.com/dp/2263045,target.com,False
Thinkware U1000 Dash Cam,Automotive,593.82,767.9,0.7733,0.2267,0.7095,0.4753,https://www.bhphotovideo.com/dp/8548562,bhphotovideo.com,False
LEGO Technic Bugatti,Toys,232.26,284.01,0.8178,0.1822,0.7248,0.4356,https://www.homedepot.com/dp/4350987,homedepot.com,False
Designing Data-Intensive Applications,Books,13.69,18.05,0.7584,0.2415,0.6602,0.824,https://www.costco.com/dp/1951488,costco.com,False
Dell XPS 15 Laptop,Electronics,1074.88,1502.07,0.7156,0.2844,0.7335,0.8983,https://www.macys.com/dp/7961516,macys.com,False
Magna-Tiles 100 Piece Set,Toys,181.62,302.0,0.6014,0.3986,0.6321,0.2636,https://www.newegg.com/dp/9002301,newegg.com,False
TRX Suspension Trainer,Sports,954.28,1094.11,0.8722,0.1278,0.7219,0.7016,https://www.chewy.com/dp/3499296,chewy.com,False
Ray-Ban Aviator Sunglasses,Clothing,173.08,465.89,0.3715,0.6285,0.1264,0.5935,https://bargain-hunt.gq/product/91753,bargain-hunt.gq,True
Sony Headphones WH-1000XM5,Electronics,1351.64,1440.06,0.9386,0.0614,0.7375,0.9024,https://www.ebay.com/dp/7153328,ebay.com,False
TRX Suspension Trainer,Sports,504.61,573.23,0.8803,0.1197,0.9147,0.6429,https://www.amazon.com/dp/1775337,amazon.com,False
Barbie Dreamhouse,Toys,18.01,24.88,0.7239,0.276,0.8549,0.3293,https://www.adorama.com/dp/5409880,adorama.com,False
Garmin DriveSmart 65 GPS,Automotive,717.02,796.42,0.9003,0.0997,0.6778,0.3616,https://www.wayfair.com/dp/8075907,wayfair.com,False
The Pragmatic Programmer,Books,3.66,19.79,0.1849,0.815,0.1699,0.7787,https://cheapbuy-store.xyz/product/10622,cheapbuy-store.xyz,True
Nintendo Switch OLED,Toys,199.83,306.73,0.6515,0.3485,0.8536,0.3691,https://www.walmart.com/dp/1914996,walmart.com,False
Ray-Ban Aviator Sunglasses,Clothing,11.71,163.84,0.0715,0.9285,0.1275,0.521,https://buylow-online.icu/product/13094,buylow-online.icu,True
Peloton Bike+,Sports,299.95,2103.43,0.1426,0.8574,0.258,0.7139,https://cheapbuy-store.xyz/product/22826,cheapbuy-store.xyz,True
Garmin Forerunner 945,Sports,218.86,308.43,0.7096,0.2904,0.6517,0.6363,https://www.macys.com/dp/8723303,macys.com,False
NARS Blush Orgasm,Beauty,154.04,231.82,0.6645,0.3355,0.7029,0.4788,https://www.bhphotovideo.com/dp/8161659,bhphotovideo.com,False
KitchenAid Stand Mixer,Home & Garden,159.17,189.49,0.84,0.16,0.631,0.4151,https://www.newegg.com/dp/5599335,newegg.com,False
Olaplex Hair Perfector,Beauty,146.23,598.31,0.2444,0.7556,0.1498,0.5466,https://buylow-online.icu/product/12685,buylow-online.icu,True
La Mer Moisturizing Cream,Beauty,205.38,220.15,0.9329,0.0671,0.7645,0.707,https://www.zappos.com/dp/5230911,zappos.com,False
TRX Suspension Trainer,Sports,1426.61,1826.41,0.7811,0.2189,0.7768,0.7478,https://www.nordstrom.com/dp/9587550,nordstrom.com,False
Hot Wheels Ultimate Garage,Toys,145.49,172.18,0.845,0.155,0.8538,0.2419,https://www.bestbuy.com/dp/8944327,bestbuy.com,False
The Pragmatic Programmer,Books,32.73,49.12,0.6663,0.3336,0.6809,0.8901,https://www.wayfair.com/dp/1207016,wayfair.com,False
NOCO Genius5 Battery Charger,Automotive,77.99,932.88,0.0836,0.9164,0.0579,0.4422,https://buylow-online.icu/product/52856,buylow-online.icu,True
La Mer Moisturizing Cream,Beauty,75.62,214.47,0.3526,0.6474,0.235,0.6315,https://bestprice-deals.tk/product/89747,bestprice-deals.tk,True
La Mer Moisturizing Cream,Beauty,50.27,199.57,0.2519,0.7481,0.2198,0.4607,https://bargain-hunt.gq/product/1474,bargain-hunt.gq,True
La Mer Moisturizing Cream,Beauty,199.33,294.86,0.676,0.324,0.945,0.5361,https://www.walmart.com/dp/9427765,walmart.com,False
Dyson V15 Vacuum,Home & Garden,192.74,239.96,0.8032,0.1968,0.7007,0.3737,https://www.chewy.com/dp/6972425,chewy.com,False
Thinkware U1000 Dash Cam,Automotive,230.06,277.99,0.8276,0.1724,0.7656,0.4691,https://www.newegg.com/dp/2393753,newegg.com,False
Designing Data-Intensive Applications,Books,27.54,37.55,0.7334,0.2666,0.6342,1.0,https://www.macys.com/dp/8947817,macys.com,False
Nespresso Vertuo Coffee Maker,Home & Garden,183.95,662.18,0.2778,0.7222,0.28,0.4423,https://bargain-hunt.gq/product/96947,bargain-hunt.gq,True
The North Face Parka,Clothing,322.52,430.49,0.7492,0.2508,0.9399,0.4501,https://www.walmart.com/dp/8721122,walmart.com,False
Dyson V15 Vacuum,Home & Garden,208.72,277.51,0.7521,0.2479,0.7962,0.388,https://www.newegg.com/dp/1093478,newegg.com,False
NOCO Genius5 Battery Charger,Automotive,110.36,354.62,0.3112,0.6888,0.1198,0.4506,https://pricedown-shop.cf/product/28630,pricedown-shop.cf,True
Ray-Ban Aviator Sunglasses,Clothing,22.05,95.81,0.2301,0.7699,0.28,0.6042,https://discount-mega.ru/product/78774,discount-mega.ru,True
Adidas Ultraboost,Clothing,83.44,114.62,0.728,0.272,0.6882,0.5674,https://www.ebay.com/dp/2393728,ebay.com,False
Ray-Ban Aviator Sunglasses,Clothing,234.22,355.25,0.6593,0.3407,0.7168,0.6253,https://www.macys.com/dp/5688532,macys.com,False
Olaplex Hair Perfector,Beauty,126.1,198.45,0.6354,0.3646,0.6832,0.6335,https://www.zappos.com/dp/1447065,zappos.com,False
Clean Code,Books,52.3,59.48,0.8793,0.1207,0.7092,0.975,https://www.macys.com/dp/3578194,macys.com,False
The North Face Parka,Clothing,161.55,245.59,0.6578,0.3422,0.8837,0.5063,https://www.bestbuy.com/dp/4402463,bestbuy.com,False
La Mer Moisturizing Cream,Beauty,206.6,287.14,0.7195,0.2805,0.8696,0.489,https://www.target.com/dp/3886829,target.com,False
Adidas Ultraboost,Clothing,136.77,213.84,0.6396,0.3604,0.883,0.64,https://www.walmart.com/dp/5190592,walmart.com,False
Python Crash Course 3rd Ed,Books,11.41,17.79,0.6414,0.3584,0.8858,1.0,https://www.amazon.com/dp/3912192,amazon.com,False
Dyson Airwrap Styler,Beauty,407.55,470.18,0.8668,0.1332,0.8165,0.5435,https://www.walmart.com/dp/1801102,walmart.com,False
NARS Blush Orgasm,Beauty,77.71,439.79,0.1767,0.8233,0.1227,0.4843,https://buylow-online.icu/product/27211,buylow-online.icu,True
Logitech MX Master Mouse,Electronics,1524.11,1931.94,0.7889,0.2111,0.6806,0.8256,https://www.chewy.com/dp/5139478,chewy.com,False
NOCO Genius5 Battery Charger,Automotive,556.26,870.11,0.6393,0.3607,0.6646,0.2789,https://www.newegg.com/dp/7792537,newegg.com,False
Callaway Golf Driver,Sports,1547.49,1666.48,0.9286,0.0714,0.9125,0.7647,https://www.walmart.com/dp/9165068,walmart.com,False
Python Crash Course 3rd Ed,Books,38.76,58.56,0.6619,0.3382,0.723,0.9156,https://www.zappos.com/dp/8898869,zappos.com,False
TRX Suspension Trainer,Sports,221.17,286.27,0.7726,0.2274,0.8515,0.6682,https://www.walmart.com/dp/9573753,walmart.com,False
Magna-Tiles 100 Piece Set,Toys,46.72,68.58,0.6812,0.3187,0.7004,0.1831,https://www.ebay.com/dp/3276513,ebay.com,False
KitchenAid Stand Mixer,Home & Garden,399.96,467.02,0.8564,0.1436,0.6646,0.393,https://www.chewy.com/dp/7210098,chewy.com,False
Callaway Golf Driver,Sports,646.56,2376.2,0.2721,0.7279,0.0069,0.7055,https://savebig-store.pw/product/41258,savebig-store.pw,True
Nike Air Max Sneakers,Clothing,18.35,145.14,0.1264,0.8736,0.1361,0.615,https://bargain-hunt.gq/product/69041,bargain-hunt.gq,True
LEGO Technic Bugatti,Toys,167.18,183.13,0.9129,0.0871,0.6743,0.2653,https://www.newegg.com/dp/7718433,newegg.com,False
NARS Blush Orgasm,Beauty,354.35,552.38,0.6415,0.3585,0.8736,0.5469,https://www.amazon.com/dp/6437011,amazon.com,False
Hot Wheels Ultimate Garage,Toys,27.77,340.33,0.0816,0.9184,0.28,0.5177,https://savebig-store.pw/product/78516,savebig-store.pw,True
Garmin DriveSmart 65 GPS,Automotive,412.89,531.73,0.7765,0.2235,0.7597,0.3215,https://www.costco.com/dp/5836389,costco.com,False
La Mer Moisturizing Cream,Beauty,117.87,159.43,0.7393,0.2607,0.6572,0.4511,https://www.wayfair.com/dp/8717916,wayfair.com,False
La Mer Moisturizing Cream,Beauty,95.06,132.01,0.7201,0.2799,0.7436,0.3923,https://www.wayfair.com/dp/4001408,wayfair.com,False
KitchenAid Stand Mixer,Home & Garden,136.89,186.42,0.7343,0.2657,0.9124,0.4562,https://www.bestbuy.com/dp/2529708,bestbuy.com,False
Garmin Forerunner 945,Sports,1183.32,1773.3,0.6673,0.3327,0.7888,0.6586,https://www.walmart.com/dp/3243546,walmart.com,False
Adidas Ultraboost,Clothing,189.39,277.21,0.6832,0.3168,1.0,0.6507,https://www.bestbuy.com/dp/4213524,bestbuy.com,False
The Pragmatic Programmer,Books,6.86,10.62,0.646,0.3539,0.7194,1.0,https://www.adorama.com/dp/4757843,adorama.com,False
NOCO Genius5 Battery Charger,Automotive,771.61,814.19,0.9477,0.0523,0.779,0.4614,https://www.nordstrom.com/dp/3678638,nordstrom.com,False
Peloton Bike+,Sports,81.15,1279.97,0.0634,0.9366,0.28,0.7025,https://buylow-online.icu/product/27412,buylow-online.icu,True
The North Face Parka,Clothing,128.9,210.9,0.6112,0.3888,0.722,0.5598,https://www.zappos.com/dp/4554277,zappos.com,False
Nike Air Max Sneakers,Clothing,166.83,202.37,0.8244,0.1756,0.6768,0.5627,https://www.costco.com/dp/5437923,costco.com,False
Designing Data-Intensive Applications,Books,27.47,41.43,0.663,0.337,0.8983,0.8834,https://www.target.com/dp/1820721,target.com,False
Michelin X-Tour Tires,Automotive,257.93,350.69,0.7355,0.2645,0.6682,0.3967,https://www.costco.com/dp/6478510,costco.com,False
Peloton Bike+,Sports,796.61,1038.06,0.7674,0.2326,0.641,0.7891,https://www.zappos.com/dp/4631304,zappos.com,False
The Pragmatic Programmer,Books,9.97,12.66,0.7875,0.2128,0.7109,0.8643,https://www.newegg.com/dp/8270949,newegg.com,False
Nintendo Switch OLED,Toys,180.15,272.99,0.6599,0.3401,0.6622,0.2362,https://www.macys.com/dp/9831414,macys.com,False
Thinkware U1000 Dash Cam,Automotive,421.96,519.02,0.813,0.187,0.722,0.4623,https://www.bhphotovideo.com/dp/7338393,bhphotovideo.com,False
Nintendo Switch OLED,Toys,39.14,48.18,0.8124,0.1877,0.7169,0.2706,https://www.zappos.com/dp/7141140,zappos.com,False
Barbie Dreamhouse,Toys,190.02,301.62,0.63,0.37,0.9474,0.3255,https://www.walmart.com/dp/3295387,walmart.com,False
Garmin Forerunner 945,Sports,1455.45,2123.81,0.6853,0.3147,0.8925,0.5989,https://www.target.com/dp/3725015,target.com,False
NOCO Genius5 Battery Charger,Automotive,495.28,624.57,0.793,0.207,0.9803,0.4979,https://www.amazon.com/dp/6636947,amazon.com,False
NOCO Genius5 Battery Charger,Automotive,401.33,633.32,0.6337,0.3663,0.7936,0.3319,https://www.newegg.com/dp/8166197,newegg.com,False
Olaplex Hair Perfector,Beauty,179.85,220.21,0.8167,0.1833,0.6863,0.4989,https://www.bhphotovideo.com/dp/8319762,bhphotovideo.com,False
Instant Pot Duo 7-in-1,Home & Garden,590.21,794.26,0.7431,0.2569,0.7592,0.3558,https://www.homedepot.com/dp/3495209,homedepot.com,False
The North Face Parka,Clothing,129.14,361.42,0.3573,0.6427,0.111,0.5713,https://bargain-hunt.gq/product/73940,bargain-hunt.gq,True
Logitech MX Master Mouse,Electronics,1256.76,1995.8,0.6297,0.3703,0.6192,0.8316,https://www.costco.com/dp/3970536,costco.com,False
Patagonia Fleece Jacket,Clothing,280.99,366.2,0.7673,0.2327,0.6715,0.5057,https://www.macys.com/dp/2658169,macys.com,False
Canon EOS R6 Camera,Electronics,105.94,1756.85,0.0603,0.9397,0.1224,0.8378,https://savebig-store.pw/product/42959,savebig-store.pw,True
Dyson Airwrap Styler,Beauty,67.57,90.1,0.7499,0.2501,0.9205,0.4311,https://www.amazon.com/dp/9770751,amazon.com,False
Designing Data-Intensive Applications,Books,40.8,44.53,0.9162,0.0838,0.864,0.8099,https://www.bestbuy.com/dp/9618242,bestbuy.com,False
Dyson Airwrap Styler,Beauty,36.9,280.17,0.1317,0.8683,0.0334,0.5115,https://ultra-deals99.net/product/691,ultra-deals99.net,True
Sony Headphones WH-1000XM5,Electronics,182.84,965.89,0.1893,0.8107,0.1889,0.8963,https://ultra-deals99.net/product/31907,ultra-deals99.net,True
Olaplex Hair Perfector,Beauty,417.04,473.48,0.8808,0.1192,0.696,0.2464,https://www.newegg.com/dp/6309832,newegg.com,False
Garmin Forerunner 945,Sports,1702.57,2097.8,0.8116,0.1884,0.7258,0.6333,https://www.macys.com/dp/4847593,macys.com,False
Magna-Tiles 100 Piece Set,Toys,98.9,138.58,0.7137,0.2863,0.6422,0.3758,https://www.adorama.com/dp/6447964,adorama.com,False
Fenty Beauty Foundation,Beauty,238.07,370.25,0.643,0.357,0.6517,0.6303,https://www.adorama.com/dp/6909830,adorama.com,False
Callaway Golf Driver,Sports,509.29,749.4,0.6796,0.3204,0.6759,0.7879,https://www.bhphotovideo.com/dp/2527141,bhphotovideo.com,False
Adidas Ultraboost,Clothing,19.58,325.33,0.0602,0.9398,0.0873,0.7217,https://savebig-store.pw/product/89740,savebig-store.pw,True
NARS Blush Orgasm,Beauty,157.99,259.21,0.6095,0.3905,0.7874,0.5832,https://www.wayfair.com/dp/1738763,wayfair.com,False
Nintendo Switch OLED,Toys,137.46,390.85,0.3517,0.6483,0.1852,0.4657,https://savebig-store.pw/product/9756,savebig-store.pw,True
Adidas Ultraboost,Clothing,197.81,294.85,0.6709,0.3291,0.6939,0.6075,https://www.zappos.com/dp/3394334,zappos.com,False
The Pragmatic Programmer,Books,3.43,23.8,0.1441,0.8559,0.28,0.8958,https://buylow-online.icu/product/11069,buylow-online.icu,True
Magna-Tiles 100 Piece Set,Toys,292.61,331.68,0.8822,0.1178,0.8436,0.4402,https://www.walmart.com/dp/4889005,walmart.com,False
Hot Wheels Ultimate Garage,Toys,142.31,208.57,0.6823,0.3177,0.7004,0.2972,https://www.costco.com/dp/3795540,costco.com,False
Hot Wheels Ultimate Garage,Toys,55.16,150.1,0.3675,0.6325,0.28,0.2,https://flashsale-today.ml/product/57955,flashsale-today.ml,True
Garmin DriveSmart 65 GPS,Automotive,53.02,80.47,0.6589,0.3411,0.8944,0.3823,https://www.walmart.com/dp/2514923,walmart.com,False
LEGO Technic Bugatti,Toys,36.26,59.41,0.6103,0.3896,0.8469,0.3879,https://www.bestbuy.com/dp/5453786,bestbuy.com,False
Instant Pot Duo 7-in-1,Home & Garden,224.22,246.48,0.9097,0.0903,0.6614,0.5164,https://www.ebay.com/dp/5149917,ebay.com,False
Bose SoundBar 700,Electronics,1502.77,1721.39,0.873,0.127,0.7738,0.8345,https://www.nordstrom.com/dp/8682249,nordstrom.com,False
Bose SoundBar 700,Electronics,1367.89,2083.93,0.6564,0.3436,0.6959,0.9293,https://www.ebay.com/dp/2672768,ebay.com,False
The North Face Parka,Clothing,285.48,386.93,0.7378,0.2622,0.637,0.6734,https://www.nordstrom.com/dp/4786401,nordstrom.com,False
Hot Wheels Ultimate Garage,Toys,201.19,313.53,0.6417,0.3583,0.8979,0.3546,https://www.walmart.com/dp/1620256,walmart.com,False
Atomic Habits,Books,46.31,55.53,0.834,0.166,1.0,0.9456,https://www.target.com/dp/5172556,target.com,False
Adidas Ultraboost,Clothing,4.35,74.79,0.0582,0.9419,0.0916,0.6469,https://flashsale-today.ml/product/56268,flashsale-today.ml,True
Dyson V15 Vacuum,Home & Garden,75.5,450.5,0.1676,0.8324,0.1015,0.366,https://cheapbuy-store.xyz/product/39971,cheapbuy-store.xyz,True
Garmin DriveSmart 65 GPS,Automotive,306.38,498.99,0.614,0.386,0.697,0.4902,https://www.newegg.com/dp/8087653,newegg.com,False
Designing Data-Intensive Applications,Books,36.19,49.84,0.7261,0.2738,0.8809,0.7944,https://www.amazon.com/dp/1102664,amazon.com,False
Roomba i7+ Robot Vacuum,Home & Garden,48.32,164.06,0.2945,0.7055,0.2066,0.4574,https://ultra-deals99.net/product/4282,ultra-deals99.net,True
Fenty Beauty Foundation,Beauty,142.94,199.33,0.7171,0.2829,0.7237,0.4438,https://www.newegg.com/dp/9328408,newegg.com,False
Nintendo Switch OLED,Toys,8.61,77.17,0.1116,0.8884,0.1451,0.346,https://shop-fast-now.biz/product/18241,shop-fast-now.biz,True
Dyson V15 Vacuum,Home & Garden,183.47,214.91,0.8537,0.1463,0.7562,0.3106,https://www.costco.com/dp/8017389,costco.com,False
Michelin X-Tour Tires,Automotive,337.13,455.83,0.7396,0.2604,0.8428,0.4087,https://www.amazon.com/dp/5105605,amazon.com,False
Garmin Forerunner 945,Sports,910.27,1208.86,0.753,0.247,0.7638,0.727,https://www.bhphotovideo.com/dp/3737109,bhphotovideo.com,False
Adidas Ultraboost,Clothing,310.87,482.79,0.6439,0.3561,0.873,0.5377,https://www.bestbuy.com/dp/6834610,bestbuy.com,False
The Pragmatic Programmer,Books,14.67,17.82,0.8232,0.177,0.7079,0.9925,https://www.homedepot.com/dp/5686885,homedepot.com,False
"iPad Pro 12.9""",Electronics,768.19,1228.32,0.6254,0.3746,0.7538,0.8669,https://www.homedepot.com/dp/8382743,homedepot.com,False
KitchenAid Stand Mixer,Home & Garden,9.44,53.97,0.1749,0.825,0.0926,0.3475,https://buylow-online.icu/product/72010,buylow-online.icu,True
Logitech MX Master Mouse,Electronics,288.24,435.61,0.6617,0.3383,0.6687,0.8817,https://www.costco.com/dp/2409947,costco.com,False
Python Crash Course 3rd Ed,Books,6.92,10.18,0.6798,0.3199,0.6041,0.8979,https://www.homedepot.com/dp/5394880,homedepot.com,False
Barbie Dreamhouse,Toys,221.28,359.39,0.6157,0.3843,0.816,0.3815,https://www.ebay.com/dp/2559464,ebay.com,False
Garmin DriveSmart 65 GPS,Automotive,623.07,696.4,0.8947,0.1053,0.7207,0.5501,https://www.newegg.com/dp/9124385,newegg.com,False
Dell XPS 15 Laptop,Electronics,1629.15,1895.46,0.8595,0.1405,0.7658,0.8668,https://www.zappos.com/dp/3977034,zappos.com,False
Garmin Forerunner 945,Sports,839.65,1398.72,0.6003,0.3997,0.7935,0.7312,https://www.costco.com/dp/5375632,costco.com,False
Fenty Beauty Foundation,Beauty,27.04,43.27,0.6249,0.3751,0.9573,0.4378,https://www.target.com/dp/9505390,target.com,False
Olaplex Hair Perfector,Beauty,333.54,456.72,0.7303,0.2697,0.7432,0.4988,https://www.zappos.com/dp/4944272,zappos.com,False
Levi's 501 Jeans,Clothing,13.41,74.97,0.1789,0.8211,0.1129,0.6942,https://deal-xpress.top/product/79087,deal-xpress.top,True
Adidas Ultraboost,Clothing,49.99,60.33,0.8286,0.1714,0.7285,0.5735,https://www.homedepot.com/dp/9515022,homedepot.com,False
Apple AirPods Pro,Electronics,634.18,2241.71,0.2829,0.7171,0.1511,0.8307,https://cheapbuy-store.xyz/product/95600,cheapbuy-store.xyz,True
Callaway Golf Driver,Sports,449.39,683.8,0.6572,0.3428,0.7404,0.6532,https://www.bhphotovideo.com/dp/8346255,bhphotovideo.com,False
Canon EOS R6 Camera,Electronics,1788.13,2448.82,0.7302,0.2698,0.7248,1.0,https://www.nordstrom.com/dp/8244357,nordstrom.com,False
LEGO Technic Bugatti,Toys,41.45,51.25,0.8088,0.1912,0.7273,0.1763,https://www.macys.com/dp/7500351,macys.com,False
"iPad Pro 12.9""",Electronics,422.44,458.77,0.9208,0.0792,0.7161,0.8451,https://www.macys.com/dp/3123664,macys.com,False
Designing Data-Intensive Applications,Books,13.54,20.76,0.6522,0.3478,0.7625,0.7934,https://www.newegg.com/dp/2020109,newegg.com,False
Garmin Forerunner 945,Sports,438.65,1557.15,0.2817,0.7183,0.1897,0.6677,https://pricedown-shop.cf/product/38257,pricedown-shop.cf,True
Thinkware U1000 Dash Cam,Automotive,462.27,533.43,0.8666,0.1334,0.6889,0.4775,https://www.nordstrom.com/dp/2731464,nordstrom.com,False
Callaway Golf Driver,Sports,1436.92,2046.61,0.7021,0.2979,0.7365,0.6479,https://www.bhphotovideo.com/dp/4121650,bhphotovideo.com,False
Canon EOS R6 Camera,Electronics,1942.19,2571.07,0.7554,0.2446,0.7326,0.7239,https://www.adorama.com/dp/5191831,adorama.com,False
Garmin DriveSmart 65 GPS,Automotive,189.27,994.04,0.1904,0.8096,0.0877,0.3595,https://cheapbuy-store.xyz/product/80962,cheapbuy-store.xyz,True
NARS Blush Orgasm,Beauty,247.22,271.7,0.9099,0.0901,0.6698,0.5398,https://www.chewy.com/dp/1499969,chewy.com,False
"iPad Pro 12.9""",Electronics,155.91,424.59,0.3672,0.6328,0.0959,0.8176,https://bargain-hunt.gq/product/81085,bargain-hunt.gq,True
Barbie Dreamhouse,Toys,221.57,274.87,0.8061,0.1939,0.6825,0.2882,https://www.nordstrom.com/dp/8414716,nordstrom.com,False
Clean Code,Books,38.67,50.42,0.767,0.233,0.9218,0.9953,https://www.amazon.com/dp/7389943,amazon.com,False
Dyson Airwrap Styler,Beauty,1.06,20.87,0.0508,0.9491,0.058,0.5083,https://buylow-online.icu/product/51762,buylow-online.icu,True
Clean Code,Books,35.51,58.18,0.6103,0.3897,0.6893,1.0,https://www.bhphotovideo.com/dp/3237608,bhphotovideo.com,False
NARS Blush Orgasm,Beauty,38.56,159.54,0.2417,0.7583,0.0529,0.511,https://shop-fast-now.biz/product/48761,shop-fast-now.biz,True
Olaplex Hair Perfector,Beauty,210.8,349.47,0.6032,0.3968,0.8114,0.5377,https://www.amazon.com/dp/5193002,amazon.com,False
Clean Code,Books,51.94,58.71,0.8847,0.1153,0.777,1.0,https://www.costco.com/dp/1966421,costco.com,False
Nespresso Vertuo Coffee Maker,Home & Garden,439.83,552.13,0.7966,0.2034,0.9145,0.616,https://www.bestbuy.com/dp/2127988,bestbuy.com,False
Nike Air Max Sneakers,Clothing,75.88,124.94,0.6073,0.3927,0.6356,0.6234,https://www.newegg.com/dp/3786712,newegg.com,False
Levi's 501 Jeans,Clothing,331.51,448.77,0.7387,0.2613,0.7225,0.6805,https://www.zappos.com/dp/8361775,zappos.com,False
Canon EOS R6 Camera,Electronics,2177.9,2305.39,0.9447,0.0553,0.7538,0.8517,https://www.ebay.com/dp/7929728,ebay.com,False
TRX Suspension Trainer,Sports,209.59,1844.95,0.1136,0.8864,0.0866,0.7172,https://ultra-deals99.net/product/14551,ultra-deals99.net,True
Clean Code,Books,22.45,27.66,0.8116,0.1883,0.7611,0.9466,https://www.wayfair.com/dp/4360650,wayfair.com,False
Dell XPS 15 Laptop,Electronics,1486.71,2408.79,0.6172,0.3828,0.8572,0.8578,https://www.walmart.com/dp/5193173,walmart.com,False
Michelin X-Tour Tires,Automotive,297.51,806.26,0.369,0.631,0.1583,0.2275,https://shop-fast-now.biz/product/32128,shop-fast-now.biz,True
Garmin Forerunner 945,Sports,81.02,1478.45,0.0548,0.9452,0.28,0.7774,https://savebig-store.pw/product/46537,savebig-store.pw,True
Patagonia Fleece Jacket,Clothing,97.65,257.17,0.3797,0.6203,0.071,0.5752,https://pricedown-shop.cf/product/39749,pricedown-shop.cf,True
Clean Code,Books,14.32,40.27,0.3556,0.6444,0.1351,0.8845,https://buylow-online.icu/product/97256,buylow-online.icu,True
Adidas Ultraboost,Clothing,51.23,243.94,0.21,0.79,0.0031,0.5909,https://buylow-online.icu/product/80523,buylow-online.icu,True
Dyson V15 Vacuum,Home & Garden,713.65,793.92,0.8989,0.1011,0.6816,0.4671,https://www.macys.com/dp/5523281,macys.com,False
The Pragmatic Programmer,Books,6.15,27.86,0.2207,0.7793,0.2301,0.9592,https://shop-fast-now.biz/product/54103,shop-fast-now.biz,True
Instant Pot Duo 7-in-1,Home & Garden,297.03,322.79,0.9202,0.0798,0.6817,0.641,https://www.wayfair.com/dp/7765068,wayfair.com,False
Patagonia Fleece Jacket,Clothing,231.22,324.2,0.7132,0.2868,0.6573,0.5678,https://www.bhphotovideo.com/dp/2947150,bhphotovideo.com,False
Wilson Tennis Racket Pro,Sports,661.13,794.53,0.8321,0.1679,0.6756,0.5851,https://www.chewy.com/dp/3016385,chewy.com,False
La Mer Moisturizing Cream,Beauty,309.58,374.75,0.8261,0.1739,0.6103,0.5867,https://www.zappos.com/dp/2580427,zappos.com,False
Designing Data-Intensive Applications,Books,8.23,12.01,0.6853,0.3147,0.6509,0.937,https://www.bhphotovideo.com/dp/9706768,bhphotovideo.com,False
Designing Data-Intensive Applications,Books,44.63,47.38,0.942,0.0581,0.9154,0.834,https://www.walmart.com/dp/7891727,walmart.com,False
Thinkware U1000 Dash Cam,Automotive,236.08,282.9,0.8345,0.1655,0.6582,0.514,https://www.macys.com/dp/2242680,macys.com,False
KitchenAid Stand Mixer,Home & Garden,353.94,438.05,0.808,0.192,0.5961,0.4312,https://www.ebay.com/dp/8305164,ebay.com,False
Python Crash Course 3rd Ed,Books,9.14,46.35,0.1972,0.8028,0.28,0.9091,https://pricedown-shop.cf/product/18794,pricedown-shop.cf,True
Dyson V15 Vacuum,Home & Garden,204.28,783.87,0.2606,0.7394,0.16,0.4538,https://bestprice-deals.tk/product/77714,bestprice-deals.tk,True
LEGO Technic Bugatti,Toys,35.93,219.63,0.1636,0.8364,0.28,0.3512,https://bestprice-deals.tk/product/97610,bestprice-deals.tk,True
Clean Code,Books,36.26,57.08,0.6352,0.3648,0.9299,0.8241,https://www.amazon.com/dp/4398383,amazon.com,False
NARS Blush Orgasm,Beauty,354.78,429.62,0.8258,0.1742,0.6595,0.5765,https://www.zappos.com/dp/9757466,zappos.com,False
"iPad Pro 12.9""",Electronics,1002.04,1543.74,0.6491,0.3509,0.6672,0.8311,https://www.homedepot.com/dp/3433543,homedepot.com,False
Designing Data-Intensive Applications,Books,51.41,54.16,0.9492,0.0507,0.7313,0.9708,https://www.newegg.com/dp/1870113,newegg.com,False
La Mer Moisturizing Cream,Beauty,33.24,54.17,0.6136,0.3864,0.9086,0.5443,https://www.bestbuy.com/dp/1455856,bestbuy.com,False
Wilson Tennis Racket Pro,Sports,920.19,1225.77,0.7507,0.2493,0.6788,0.5908,https://www.wayfair.com/dp/8210103,wayfair.com,False
Olaplex Hair Perfector,Beauty,387.24,597.41,0.6482,0.3518,0.9013,0.3766,https://www.walmart.com/dp/7997602,walmart.com,False
Ray-Ban Aviator Sunglasses,Clothing,9.68,42.51,0.2277,0.7722,0.0853,0.6678,https://bargain-hunt.gq/product/452,bargain-hunt.gq,True
NOCO Genius5 Battery Charger,Automotive,276.86,371.57,0.7451,0.2549,0.6457,0.334,https://www.nordstrom.com/dp/9446398,nordstrom.com,False
Fenty Beauty Foundation,Beauty,451.76,509.66,0.8864,0.1136,0.6946,0.589,https://www.zappos.com/dp/5018631,zappos.com,False
Peloton Bike+,Sports,546.85,663.81,0.8238,0.1762,0.6747,0.6856,https://www.ebay.com/dp/4173453,ebay.com,False
Designing Data-Intensive Applications,Books,18.03,19.09,0.9445,0.0555,0.6595,0.9293,https://www.bhphotovideo.com/dp/5282283,bhphotovideo.com,False
Clean Code,Books,19.63,29.29,0.6702,0.3299,0.6714,0.9266,https://www.bhphotovideo.com/dp/7994362,bhphotovideo.com,False
Bose SoundBar 700,Electronics,1960.78,2703.78,0.7252,0.2748,0.9854,0.7883,https://www.bestbuy.com/dp/9179006,bestbuy.com,False
Atomic Habits,Books,17.22,19.81,0.8693,0.1305,0.6636,0.8802,https://www.wayfair.com/dp/5122665,wayfair.com,False
Garmin DriveSmart 65 GPS,Automotive,535.83,815.69,0.6569,0.3431,0.6862,0.2158,https://www.macys.com/dp/2414808,macys.com,False
Roomba i7+ Robot Vacuum,Home & Garden,194.58,213.75,0.9103,0.0897,0.637,0.4007,https://www.bhphotovideo.com/dp/4519758,bhphotovideo.com,False
Hot Wheels Ultimate Garage,Toys,199.91,212.26,0.9418,0.0582,0.8008,0.4533,https://www.ebay.com/dp/8699159,ebay.com,False
Callaway Golf Driver,Sports,561.53,1516.43,0.3703,0.6297,0.0977,0.6644,https://ultra-deals99.net/product/370,ultra-deals99.net,True
Python Crash Course 3rd Ed,Books,3.1,25.48,0.1217,0.8784,0.138,1.0,https://shop-fast-now.biz/product/64423,shop-fast-now.biz,True
The North Face Parka,Clothing,365.81,467.07,0.7832,0.2168,0.6986,0.7418,https://www.costco.com/dp/4666931,costco.com,False
NOCO Genius5 Battery Charger,Automotive,357.14,439.67,0.8123,0.1877,0.7341,0.3077,https://www.newegg.com/dp/1095169,newegg.com,False
The Pragmatic Programmer,Books,16.08,17.32,0.9284,0.0717,0.5723,0.9747,https://www.nordstrom.com/dp/5951637,nordstrom.com,False
Clean Code,Books,18.8,21.7,0.8664,0.1337,0.6562,0.7894,https://www.nordstrom.com/dp/8868776,nordstrom.com,False
Wilson Tennis Racket Pro,Sports,832.72,1054.34,0.7898,0.2102,0.6945,0.6283,https://www.bhphotovideo.com/dp/6939158,bhphotovideo.com,False
"iPad Pro 12.9""",Electronics,1522.0,1860.86,0.8179,0.1821,0.6711,0.8294,https://www.adorama.com/dp/6861302,adorama.com,False
Bose SoundBar 700,Electronics,799.56,881.06,0.9075,0.0925,0.6866,0.7031,https://www.bhphotovideo.com/dp/8721725,bhphotovideo.com,False
Atomic Habits,Books,23.41,27.51,0.851,0.1491,0.7129,0.917,https://www.zappos.com/dp/9422048,zappos.com,False
Dell XPS 15 Laptop,Electronics,992.6,1653.23,0.6004,0.3996,0.743,0.8034,https://www.bhphotovideo.com/dp/3493647,bhphotovideo.com,False
Fenty Beauty Foundation,Beauty,28.56,230.17,0.1241,0.8759,0.0899,0.588,https://flashsale-today.ml/product/61024,flashsale-today.ml,True
"Samsung 4K TV 55""",Electronics,1148.51,1575.24,0.7291,0.2709,0.7298,0.8028,https://www.bhphotovideo.com/dp/3345711,bhphotovideo.com,False
Designing Data-Intensive Applications,Books,5.95,15.75,0.3778,0.6223,0.2691,1.0,https://ultra-deals99.net/product/44228,ultra-deals99.net,True
Bose SoundBar 700,Electronics,1583.98,2082.54,0.7606,0.2394,0.716,0.7374,https://www.homedepot.com/dp/1106646,homedepot.com,False
Peloton Bike+,Sports,375.24,1938.24,0.1936,0.8064,0.28,0.6018,https://ultra-deals99.net/product/16286,ultra-deals99.net,True
Python Crash Course 3rd Ed,Books,24.25,39.99,0.6064,0.3935,0.6641,0.9596,https://www.macys.com/dp/7519046,macys.com,False
KitchenAid Stand Mixer,Home & Garden,419.93,594.47,0.7064,0.2936,0.6317,0.4381,https://www.newegg.com/dp/7235826,newegg.com,False
Garmin DriveSmart 65 GPS,Automotive,408.51,519.47,0.7864,0.2136,0.9319,0.4207,https://www.amazon.com/dp/1819619,amazon.com,False
Nespresso Vertuo Coffee Maker,Home & Garden,333.25,351.97,0.9468,0.0532,0.8568,0.4475,https://www.walmart.com/dp/8306131,walmart.com,False
Roomba i7+ Robot Vacuum,Home & Garden,36.91,42.06,0.8776,0.1225,0.9628,0.3784,https://www.bestbuy.com/dp/7682298,bestbuy.com,False
Clean Code,Books,24.08,33.31,0.7229,0.2771,0.6687,1.0,https://www.ebay.com/dp/5388275,ebay.com,False
Designing Data-Intensive Applications,Books,5.9,19.91,0.2963,0.7038,0.1872,1.0,https://buylow-online.icu/product/30068,buylow-online.icu,True
Dell XPS 15 Laptop,Electronics,1683.07,2275.95,0.7395,0.2605,0.6346,0.7222,https://www.bhphotovideo.com/dp/3961713,bhphotovideo.com,False
The Pragmatic Programmer,Books,43.31,59.26,0.7308,0.2691,0.8561,0.8698,https://www.amazon.com/dp/6964017,amazon.com,False
Thinkware U1000 Dash Cam,Automotive,190.93,860.8,0.2218,0.7782,0.1085,0.4278,https://savebig-store.pw/product/18614,savebig-store.pw,True
Nintendo Switch OLED,Toys,3.82,18.45,0.207,0.793,0.28,0.4146,https://shop-fast-now.biz/product/74794,shop-fast-now.biz,True
The Pragmatic Programmer,Books,12.52,59.09,0.2119,0.7881,0.1761,0.9092,https://cheapbuy-store.xyz/product/10107,cheapbuy-store.xyz,True
Dyson Airwrap Styler,Beauty,516.44,580.4,0.8898,0.1102,0.7183,0.4248,https://www.wayfair.com/dp/8719145,wayfair.com,False
Nespresso Vertuo Coffee Maker,Home & Garden,276.22,298.36,0.9258,0.0742,0.6657,0.3354,https://www.zappos.com/dp/6290464,zappos.com,False
Callaway Golf Driver,Sports,930.13,1057.93,0.8792,0.1208,0.6954,0.6134,https://www.adorama.com/dp/3362680,adorama.com,False
Dyson V15 Vacuum,Home & Garden,521.3,579.16,0.9001,0.0999,0.7391,0.4155,https://www.macys.com/dp/4300538,macys.com,False
Levi's 501 Jeans,Clothing,69.96,418.45,0.1672,0.8328,0.114,0.61,https://bargain-hunt.gq/product/22712,bargain-hunt.gq,True
Python Crash Course 3rd Ed,Books,16.65,20.53,0.811,0.189,0.7819,0.8192,https://www.walmart.com/dp/2070258,walmart.com,False
"iPad Pro 12.9""",Electronics,1301.55,1640.27,0.7935,0.2065,0.901,0.7327,https://www.walmart.com/dp/5444428,walmart.com,False
Ray-Ban Aviator Sunglasses,Clothing,111.62,153.43,0.7275,0.2725,0.6546,0.487,https://www.costco.com/dp/3728882,costco.com,False
Fenty Beauty Foundation,Beauty,173.75,207.22,0.8385,0.1615,0.9072,0.568,https://www.bestbuy.com/dp/3402439,bestbuy.com,False
"Samsung 4K TV 55""",Electronics,1595.36,2234.4,0.714,0.286,0.7037,0.838,https://www.macys.com/dp/1889532,macys.com,False
LEGO Technic Bugatti,Toys,141.75,174.74,0.8112,0.1888,0.7135,0.346,https://www.costco.com/dp/4955699,costco.com,False
Instant Pot Duo 7-in-1,Home & Garden,79.72,453.73,0.1757,0.8243,0.047,0.5517,https://deal-xpress.top/product/93701,deal-xpress.top,True
Olaplex Hair Perfector,Beauty,393.18,454.81,0.8645,0.1355,0.677,0.4444,https://www.macys.com/dp/9860239,macys.com,False
Nintendo Switch OLED,Toys,80.99,106.17,0.7628,0.2372,0.7629,0.3825,https://www.chewy.com/dp/2021413,chewy.com,False
Hot Wheels Ultimate Garage,Toys,226.43,330.8,0.6845,0.3155,0.7485,0.3842,https://www.zappos.com/dp/2089275,zappos.com,False
Barbie Dreamhouse,Toys,69.41,209.69,0.331,0.669,0.28,0.3653,https://pricedown-shop.cf/product/83876,pricedown-shop.cf,True
Callaway Golf Driver,Sports,1251.19,2023.92,0.6182,0.3818,0.7948,0.8634,https://www.walmart.com/dp/2703520,walmart.com,False
Garmin Forerunner 945,Sports,51.06,474.1,0.1077,0.8923,0.2051,0.6467,https://discount-mega.ru/product/33366,discount-mega.ru,True
Barbie Dreamhouse,Toys,20.11,92.97,0.2163,0.7837,0.0905,0.3175,https://flashsale-today.ml/product/70982,flashsale-today.ml,True
LEGO Technic Bugatti,Toys,91.9,126.53,0.7263,0.2737,0.6985,0.412,https://www.zappos.com/dp/5888482,zappos.com,False
Instant Pot Duo 7-in-1,Home & Garden,324.71,486.24,0.6678,0.3322,0.775,0.518,https://www.macys.com/dp/7019382,macys.com,False
Canon EOS R6 Camera,Electronics,983.08,1497.0,0.6567,0.3433,0.8794,0.9317,https://www.bestbuy.com/dp/4699507,bestbuy.com,False
Canon EOS R6 Camera,Electronics,499.0,1516.72,0.329,0.671,0.0197,0.9111,https://bargain-hunt.gq/product/81198,bargain-hunt.gq,True
LEGO Technic Bugatti,Toys,42.69,289.23,0.1476,0.8524,0.141,0.3545,https://pricedown-shop.cf/product/70859,pricedown-shop.cf,True
Dyson V15 Vacuum,Home & Garden,621.56,799.02,0.7779,0.2221,0.9869,0.5283,https://www.walmart.com/dp/7649981,walmart.com,False
KitchenAid Stand Mixer,Home & Garden,315.97,493.94,0.6397,0.3603,0.7074,0.423,https://www.adorama.com/dp/6014930,adorama.com,False
The North Face Parka,Clothing,221.21,234.11,0.9449,0.0551,0.741,0.6654,https://www.macys.com/dp/5431092,macys.com,False
Garmin DriveSmart 65 GPS,Automotive,481.18,688.29,0.6991,0.3009,0.6981,0.4883,https://www.bhphotovideo.com/dp/2525747,bhphotovideo.com,False
Bose SoundBar 700,Electronics,2230.21,2435.79,0.9156,0.0844,0.7004,0.7317,https://www.zappos.com/dp/3444734,zappos.com,False
Michelin X-Tour Tires,Automotive,491.11,728.22,0.6744,0.3256,0.7544,0.4553,https://www.adorama.com/dp/1810848,adorama.com,False
Clean Code,Books,38.8,55.23,0.7025,0.2974,0.9072,0.9019,https://www.target.com/dp/1119712,target.com,False
Garmin DriveSmart 65 GPS,Automotive,94.96,146.13,0.6498,0.3502,0.636,0.4698,https://www.bhphotovideo.com/dp/8659103,bhphotovideo.com,False
NOCO Genius5 Battery Charger,Automotive,203.92,223.74,0.9114,0.0886,0.6234,0.492,https://www.ebay.com/dp/3360518,ebay.com,False
Nintendo Switch OLED,Toys,25.53,38.18,0.6687,0.3312,0.7417,0.2996,https://www.nordstrom.com/dp/3299952,nordstrom.com,False
Fenty Beauty Foundation,Beauty,158.4,179.11,0.8844,0.1156,0.7718,0.4437,https://www.macys.com/dp/1163214,macys.com,False
Wilson Tennis Racket Pro,Sports,782.0,954.82,0.819,0.181,0.6794,0.6259,https://www.wayfair.com/dp/8206488,wayfair.com,False
TRX Suspension Trainer,Sports,861.28,1351.03,0.6375,0.3625,0.9543,0.7031,https://www.bestbuy.com/dp/9236941,bestbuy.com,False
Peloton Bike+,Sports,90.03,237.18,0.3796,0.6204,0.08,0.6864,https://buylow-online.icu/product/5043,buylow-online.icu,True
LEGO Technic Bugatti,Toys,301.02,355.73,0.8462,0.1538,0.8868,0.3793,https://www.bestbuy.com/dp/4195953,bestbuy.com,False
Garmin Forerunner 945,Sports,126.93,209.38,0.6062,0.3938,0.7274,0.6796,https://www.ebay.com/dp/2783932,ebay.com,False
Thinkware U1000 Dash Cam,Automotive,671.59,925.06,0.726,0.274,0.7569,0.432,https://www.homedepot.com/dp/8773126,homedepot.com,False
Roomba i7+ Robot Vacuum,Home & Garden,519.94,677.98,0.7669,0.2331,0.7285,0.5275,https://www.ebay.com/dp/1800747,ebay.com,False
Logitech MX Master Mouse,Electronics,200.8,515.81,0.3893,0.6107,0.0649,0.9114,https://deal-xpress.top/product/86739,deal-xpress.top,True
Nintendo Switch OLED,Toys,135.22,399.36,0.3386,0.6614,0.1036,0.2725,https://deal-xpress.top/product/65222,deal-xpress.top,True
Peloton Bike+,Sports,1710.6,2403.21,0.7118,0.2882,0.9109,0.8031,https://www.amazon.com/dp/1503109,amazon.com,False
Adidas Ultraboost,Clothing,161.16,238.89,0.6746,0.3254,0.6671,0.5442,https://www.chewy.com/dp/6873497,chewy.com,False
Thinkware U1000 Dash Cam,Automotive,38.69,317.39,0.1219,0.8781,0.28,0.4476,https://bargain-hunt.gq/product/93032,bargain-hunt.gq,True
Python Crash Course 3rd Ed,Books,48.74,59.09,0.8248,0.1752,0.693,0.9246,https://www.zappos.com/dp/9442389,zappos.com,False
NARS Blush Orgasm,Beauty,120.18,391.98,0.3066,0.6934,0.0172,0.5469,https://buylow-online.icu/product/51929,buylow-online.icu,True
Callaway Golf Driver,Sports,2082.69,2304.12,0.9039,0.0961,0.6872,0.657,https://www.wayfair.com/dp/3071885,wayfair.com,False
Dyson V15 Vacuum,Home & Garden,51.06,75.92,0.6726,0.3274,0.7816,0.3356,https://www.wayfair.com/dp/5842082,wayfair.com,False
Olaplex Hair Perfector,Beauty,439.62,511.72,0.8591,0.1409,0.7696,0.48,https://www.wayfair.com/dp/6936673,wayfair.com,False
Dyson V15 Vacuum,Home & Garden,457.17,603.44,0.7576,0.2424,0.8906,0.5289,https://www.walmart.com/dp/5249882,walmart.com,False
LEGO Technic Bugatti,Toys,22.75,154.05,0.1477,0.8523,0.2143,0.4727,https://pricedown-shop.cf/product/23020,pricedown-shop.cf,True
Callaway Golf Driver,Sports,452.27,739.37,0.6117,0.3883,0.8953,0.6577,https://www.amazon.com/dp/6589238,amazon.com,False
Clean Code,Books,23.25,29.1,0.799,0.201,0.9562,0.8733,https://www.target.com/dp/4616607,target.com,False
La Mer Moisturizing Cream,Beauty,166.21,206.65,0.8043,0.1957,0.7525,0.4572,https://www.macys.com/dp/6367620,macys.com,False
Dyson Airwrap Styler,Beauty,8.26,66.31,0.1246,0.8755,0.1076,0.4096,https://cheapbuy-store.xyz/product/92098,cheapbuy-store.xyz,True
Nintendo Switch OLED,Toys,97.5,138.91,0.7019,0.2981,0.6012,0.4101,https://www.adorama.com/dp/2366240,adorama.com,False
Roomba i7+ Robot Vacuum,Home & Garden,327.42,438.37,0.7469,0.2531,0.9295,0.4324,https://www.bestbuy.com/dp/1787829,bestbuy.com,False
Clean Code,Books,11.69,17.57,0.6653,0.3349,0.6956,0.9439,https://www.macys.com/dp/9333686,macys.com,False
Nintendo Switch OLED,Toys,35.63,55.37,0.6435,0.3566,0.6742,0.3343,https://www.chewy.com/dp/1707866,chewy.com,False
Clean Code,Books,31.32,47.28,0.6624,0.3376,0.716,1.0,https://www.homedepot.com/dp/5593537,homedepot.com,False
Bose SoundBar 700,Electronics,1003.03,1661.74,0.6036,0.3964,0.8846,0.8675,https://www.walmart.com/dp/5152891,walmart.com,False
Atomic Habits,Books,12.28,41.93,0.2929,0.7071,0.1057,0.8832,https://savebig-store.pw/product/70491,savebig-store.pw,True
NOCO Genius5 Battery Charger,Automotive,185.67,242.87,0.7645,0.2355,0.699,0.3802,https://www.macys.com/dp/3002861,macys.com,False
Adidas Ultraboost,Clothing,85.91,382.52,0.2246,0.7754,0.1026,0.5528,https://savebig-store.pw/product/98414,savebig-store.pw,True
Canon EOS R6 Camera,Electronics,427.39,2061.69,0.2073,0.7927,0.2224,0.7788,https://bestprice-deals.tk/product/43175,bestprice-deals.tk,True
TRX Suspension Trainer,Sports,465.8,734.12,0.6345,0.3655,0.9399,0.6556,https://www.target.com/dp/1614835,target.com,False
Garmin DriveSmart 65 GPS,Automotive,140.42,679.32,0.2067,0.7933,0.0313,0.2771,https://bargain-hunt.gq/product/58640,bargain-hunt.gq,True
Instant Pot Duo 7-in-1,Home & Garden,216.87,253.0,0.8572,0.1428,0.6128,0.4625,https://www.chewy.com/dp/4590071,chewy.com,False
Nespresso Vertuo Coffee Maker,Home & Garden,79.32,93.12,0.8518,0.1482,0.8028,0.3617,https://www.zappos.com/dp/3348838,zappos.com,False
La Mer Moisturizing Cream,Beauty,7.74,87.61,0.0883,0.9117,0.1937,0.6607,https://savebig-store.pw/product/49528,savebig-store.pw,True
Dyson Airwrap Styler,Beauty,66.75,85.2,0.7835,0.2165,0.7051,0.4614,https://www.newegg.com/dp/8388951,newegg.com,False
Patagonia Fleece Jacket,Clothing,107.97,165.57,0.6521,0.3479,0.8464,0.5205,https://www.adorama.com/dp/7426807,adorama.com,False
The Pragmatic Programmer,Books,37.05,54.57,0.6789,0.3211,0.6314,0.9281,https://www.zappos.com/dp/9126125,zappos.com,False
KitchenAid Stand Mixer,Home & Garden,108.52,137.45,0.7895,0.2105,0.7956,0.5431,https://www.newegg.com/dp/7714489,newegg.com,False
Hot Wheels Ultimate Garage,Toys,255.16,339.9,0.7507,0.2493,0.746,0.4315,https://www.chewy.com/dp/7325925,chewy.com,False
Patagonia Fleece Jacket,Clothing,342.11,461.69,0.741,0.259,0.9075,0.6291,https://www.bestbuy.com/dp/8311783,bestbuy.com,False
Designing Data-Intensive Applications,Books,17.64,27.18,0.649,0.3509,0.684,1.0,https://www.adorama.com/dp/1296459,adorama.com,False
Dyson V15 Vacuum,Home & Garden,212.23,241.72,0.878,0.122,0.7008,0.5222,https://www.zappos.com/dp/8452933,zappos.com,False
Dell XPS 15 Laptop,Electronics,351.4,2965.41,0.1185,0.8815,0.1787,0.8562,https://cheapbuy-store.xyz/product/63782,cheapbuy-store.xyz,True
Garmin Forerunner 945,Sports,24.88,30.85,0.8065,0.1935,0.9261,0.6541,https://www.target.com/dp/6812025,target.com,False
Nike Air Max Sneakers,Clothing,42.38,57.35,0.739,0.2611,0.6423,0.465,https://www.zappos.com/dp/6628280,zappos.com,False
"iPad Pro 12.9""",Electronics,2077.99,2430.97,0.8548,0.1452,0.8714,0.8958,https://www.walmart.com/dp/5411563,walmart.com,False
Magna-Tiles 100 Piece Set,Toys,67.98,378.71,0.1795,0.8205,0.28,0.386,https://savebig-store.pw/product/64918,savebig-store.pw,True
Adidas Ultraboost,Clothing,154.62,252.2,0.6131,0.3869,0.7141,0.4294,https://www.wayfair.com/dp/4026182,wayfair.com,False
"Samsung 4K TV 55""",Electronics,835.85,1105.77,0.7559,0.2441,0.8872,0.8307,https://www.bestbuy.com/dp/5875059,bestbuy.com,False
Instant Pot Duo 7-in-1,Home & Garden,705.23,777.11,0.9075,0.0925,0.6243,0.5005,https://www.wayfair.com/dp/1638397,wayfair.com,False
Magna-Tiles 100 Piece Set,Toys,338.98,359.89,0.9419,0.0581,0.9323,0.3516,https://www.bestbuy.com/dp/2795994,bestbuy.com,False
Dyson V15 Vacuum,Home & Garden,54.18,71.56,0.7571,0.2429,0.7065,0.2595,https://www.wayfair.com/dp/5941654,wayfair.com,False
NARS Blush Orgasm,Beauty,368.99,414.08,0.8911,0.1089,0.96,0.5112,https://www.amazon.com/dp/2611413,amazon.com,False
Garmin DriveSmart 65 GPS,Automotive,31.67,35.06,0.9033,0.0966,0.7113,0.3704,https://www.costco.com/dp/7669861,costco.com,False
Peloton Bike+,Sports,460.25,702.14,0.6555,0.3445,0.7031,0.6258,https://www.adorama.com/dp/2336525,adorama.com,False
Nike Air Max Sneakers,Clothing,79.79,119.47,0.6679,0.3321,0.6601,0.6033,https://www.macys.com/dp/7921821,macys.com,False
La Mer Moisturizing Cream,Beauty,92.14,103.68,0.8887,0.1113,0.7172,0.4961,https://www.ebay.com/dp/8373173,ebay.com,False
La Mer Moisturizing Cream,Beauty,310.21,383.64,0.8086,0.1914,0.8907,0.5248,https://www.amazon.com/dp/2993175,amazon.com,False
Nespresso Vertuo Coffee Maker,Home & Garden,383.23,589.22,0.6504,0.3496,0.7456,0.4837,https://www.nordstrom.com/dp/5129397,nordstrom.com,False
Wilson Tennis Racket Pro,Sports,1625.86,2073.01,0.7843,0.2157,0.7553,0.7161,https://www.costco.com/dp/7477956,costco.com,False
Garmin Forerunner 945,Sports,1093.44,1501.36,0.7283,0.2717,0.7167,0.8182,https://www.costco.com/dp/4071536,costco.com,False
Atomic Habits,Books,16.26,17.87,0.9099,0.0901,0.6215,0.8099,https://www.wayfair.com/dp/9624506,wayfair.com,False
Logitech MX Master Mouse,Electronics,277.33,1420.74,0.1952,0.8048,0.0729,0.9797,https://cheapbuy-store.xyz/product/87608,cheapbuy-store.xyz,True
Peloton Bike+,Sports,247.16,332.79,0.7427,0.2573,0.871,0.7471,https://www.bestbuy.com/dp/9600719,bestbuy.com,False
Canon EOS R6 Camera,Electronics,2403.7,2646.37,0.9083,0.0917,0.7115,0.8898,https://www.bhphotovideo.com/dp/6277427,bhphotovideo.com,False
Garmin DriveSmart 65 GPS,Automotive,30.48,48.97,0.6224,0.3776,0.656,0.4215,https://www.costco.com/dp/9709790,costco.com,False
Garmin DriveSmart 65 GPS,Automotive,359.74,436.9,0.8234,0.1766,0.9684,0.4101,https://www.bestbuy.com/dp/9041495,bestbuy.com,False
"iPad Pro 12.9""",Electronics,2072.35,2685.43,0.7717,0.2283,0.7247,0.8807,https://www.bhphotovideo.com/dp/3736881,bhphotovideo.com,False
Designing Data-Intensive Applications,Books,11.99,17.84,0.6721,0.3281,0.7011,0.9438,https://www.wayfair.com/dp/3851044,wayfair.com,False
"iPad Pro 12.9""",Electronics,2558.53,2815.9,0.9086,0.0914,0.8472,0.8294,https://www.target.com/dp/9162450,target.com,False
Python Crash Course 3rd Ed,Books,33.34,44.8,0.7442,0.2558,0.7445,0.946,https://www.costco.com/dp/7337385,costco.com,False
La Mer Moisturizing Cream,Beauty,308.92,482.46,0.6403,0.3597,0.9392,0.4282,https://www.bestbuy.com/dp/8676803,bestbuy.com,False
Garmin DriveSmart 65 GPS,Automotive,469.56,516.57,0.909,0.091,0.7452,0.3819,https://www.wayfair.com/dp/9854747,wayfair.com,False
Garmin DriveSmart 65 GPS,Automotive,581.39,654.28,0.8886,0.1114,0.6191,0.4305,https://www.bhphotovideo.com/dp/4608251,bhphotovideo.com,False
Atomic Habits,Books,10.58,41.67,0.2539,0.746,0.2219,0.9614,https://cheapbuy-store.xyz/product/31877,cheapbuy-store.xyz,True
Patagonia Fleece Jacket,Clothing,23.21,34.7,0.6689,0.331,0.7057,0.6149,https://www.newegg.com/dp/4030134,newegg.com,False
Garmin DriveSmart 65 GPS,Automotive,169.35,223.47,0.7578,0.2422,0.6924,0.4471,https://www.chewy.com/dp/5832327,chewy.com,False
Wilson Tennis Racket Pro,Sports,1240.13,1373.95,0.9026,0.0974,0.8807,0.5343,https://www.target.com/dp/1138790,target.com,False
La Mer Moisturizing Cream,Beauty,325.86,487.89,0.6679,0.3321,0.9016,0.5552,https://www.walmart.com/dp/2586703,walmart.com,False
Hot Wheels Ultimate Garage,Toys,68.63,100.97,0.6797,0.3203,0.6916,0.3726,https://www.macys.com/dp/5882155,macys.com,False
Thinkware U1000 Dash Cam,Automotive,454.09,535.11,0.8486,0.1514,0.6938,0.4366,https://www.adorama.com/dp/3728089,adorama.com,False
Garmin DriveSmart 65 GPS,Automotive,405.39,514.52,0.7879,0.2121,0.7366,0.2981,https://www.macys.com/dp/7512547,macys.com,False
Wilson Tennis Racket Pro,Sports,155.55,404.88,0.3842,0.6158,0.249,0.6883,https://flashsale-today.ml/product/47062,flashsale-today.ml,True
Apple AirPods Pro,Electronics,633.24,1716.56,0.3689,0.6311,0.2519,0.865,https://flashsale-today.ml/product/48372,flashsale-today.ml,True
Sony Headphones WH-1000XM5,Electronics,1376.14,1611.78,0.8538,0.1462,0.7215,0.8666,https://www.ebay.com/dp/1287605,ebay.com,False
The North Face Parka,Clothing,39.2,124.8,0.3141,0.6859,0.2285,0.6924,https://bestprice-deals.tk/product/5570,bestprice-deals.tk,True
NARS Blush Orgasm,Beauty,9.42,118.83,0.0793,0.9207,0.2106,0.5623,https://ultra-deals99.net/product/67188,ultra-deals99.net,True
Dyson Airwrap Styler,Beauty,265.77,363.67,0.7308,0.2692,0.7615,0.6348,https://www.costco.com/dp/5201173,costco.com,False
"iPad Pro 12.9""",Electronics,325.28,1512.94,0.215,0.785,0.0939,0.7596,https://flashsale-today.ml/product/93804,flashsale-today.ml,True
Sony Headphones WH-1000XM5,Electronics,1309.09,1448.59,0.9037,0.0963,0.9053,0.7433,https://www.bestbuy.com/dp/1141997,bestbuy.com,False
Dyson V15 Vacuum,Home & Garden,102.37,485.41,0.2109,0.7891,0.0555,0.3791,https://deal-xpress.top/product/42990,deal-xpress.top,True
NARS Blush Orgasm,Beauty,283.42,332.57,0.8522,0.1478,0.708,0.609,https://www.zappos.com/dp/3811691,zappos.com,False
Nespresso Vertuo Coffee Maker,Home & Garden,157.2,219.55,0.716,0.284,0.7023,0.4999,https://www.chewy.com/dp/8094088,chewy.com,False
Dyson V15 Vacuum,Home & Garden,217.28,630.17,0.3448,0.6552,0.0058,0.5451,https://flashsale-today.ml/product/48852,flashsale-today.ml,True
Michelin X-Tour Tires,Automotive,506.07,647.32,0.7818,0.2182,0.7093,0.3965,https://www.zappos.com/dp/6262649,zappos.com,False
Fenty Beauty Foundation,Beauty,20.53,180.09,0.114,0.886,0.28,0.5106,https://cheapbuy-store.xyz/product/98255,cheapbuy-store.xyz,True
Instant Pot Duo 7-in-1,Home & Garden,33.34,205.56,0.1622,0.8378,0.1988,0.525,https://pricedown-shop.cf/product/7520,pricedown-shop.cf,True
Garmin DriveSmart 65 GPS,Automotive,135.8,456.02,0.2978,0.7022,0.28,0.4842,https://pricedown-shop.cf/product/97156,pricedown-shop.cf,True
Magna-Tiles 100 Piece Set,Toys,30.91,40.87,0.7563,0.2436,0.6771,0.3649,https://www.adorama.com/dp/2332904,adorama.com,False
Magna-Tiles 100 Piece Set,Toys,145.83,227.39,0.6413,0.3587,0.695,0.3018,https://www.newegg.com/dp/9000414,newegg.com,False
Michelin X-Tour Tires,Automotive,40.6,747.78,0.0543,0.9457,0.28,0.3175,https://discount-mega.ru/product/18118,discount-mega.ru,True
Nintendo Switch OLED,Toys,15.35,19.97,0.7687,0.2314,0.7809,0.3583,https://www.costco.com/dp/9135255,costco.com,False
Dyson Airwrap Styler,Beauty,270.46,439.55,0.6153,0.3847,0.6828,0.47,https://www.chewy.com/dp/9470588,chewy.com,False
Nike Air Max Sneakers,Clothing,186.0,203.64,0.9134,0.0866,0.7837,0.6353,https://www.chewy.com/dp/4031760,chewy.com,False
NOCO Genius5 Battery Charger,Automotive,802.44,857.22,0.9361,0.0639,0.6633,0.3887,https://www.wayfair.com/dp/6560231,wayfair.com,False
NARS Blush Orgasm,Beauty,280.49,305.94,0.9168,0.0832,0.8609,0.5683,https://www.amazon.com/dp/8088238,amazon.com,False
La Mer Moisturizing Cream,Beauty,212.29,316.33,0.6711,0.3289,0.6415,0.3558,https://www.macys.com/dp/5825775,macys.com,False
Wilson Tennis Racket Pro,Sports,1765.53,2081.01,0.8484,0.1516,0.8916,0.6739,https://www.amazon.com/dp/2943280,amazon.com,False
Dell XPS 15 Laptop,Electronics,2421.83,2580.81,0.9384,0.0616,0.7499,0.9402,https://www.newegg.com/dp/5098068,newegg.com,False
KitchenAid Stand Mixer,Home & Garden,145.39,157.52,0.923,0.077,0.7377,0.4805,https://www.homedepot.com/dp/5711201,homedepot.com,False
Barbie Dreamhouse,Toys,53.12,56.02,0.9482,0.0518,0.6777,0.4663,https://www.ebay.com/dp/8461429,ebay.com,False
LEGO Technic Bugatti,Toys,151.95,192.32,0.7901,0.2099,0.7253,0.3849,https://www.macys.com/dp/2513511,macys.com,False
KitchenAid Stand Mixer,Home & Garden,597.92,765.39,0.7812,0.2188,0.7227,0.3714,https://www.adorama.com/dp/5041658,adorama.com,False
Levi's 501 Jeans,Clothing,270.83,323.8,0.8364,0.1636,0.929,0.6261,https://www.bestbuy.com/dp/5632190,bestbuy.com,False
Magna-Tiles 100 Piece Set,Toys,91.42,105.8,0.8641,0.1359,0.8657,0.4156,https://www.target.com/dp/1582747,target.com,False
Michelin X-Tour Tires,Automotive,43.27,338.32,0.1279,0.8721,0.0513,0.3679,https://pricedown-shop.cf/product/9444,pricedown-shop.cf,True
NARS Blush Orgasm,Beauty,210.47,268.83,0.7829,0.2171,0.8956,0.7064,https://www.amazon.com/dp/1632925,amazon.com,False
La Mer Moisturizing Cream,Beauty,147.51,197.6,0.7465,0.2535,0.6642,0.5544,https://www.bhphotovideo.com/dp/9907391,bhphotovideo.com,False
Dyson V15 Vacuum,Home & Garden,135.48,158.75,0.8534,0.1466,0.6983,0.4687,https://www.ebay.com/dp/9124053,ebay.com,False
Callaway Golf Driver,Sports,641.94,796.25,0.8062,0.1938,0.7022,0.7765,https://www.macys.com/dp/3109953,macys.com,False
Levi's 501 Jeans,Clothing,177.61,230.12,0.7718,0.2282,0.7302,0.6239,https://www.adorama.com/dp/7547256,adorama.com,False
Dyson Airwrap Styler,Beauty,36.6,101.55,0.3604,0.6396,0.28,0.4702,https://pricedown-shop.cf/product/96434,pricedown-shop.cf,True
KitchenAid Stand Mixer,Home & Garden,137.16,770.54,0.178,0.822,0.0453,0.4353,https://buylow-online.icu/product/3975,buylow-online.icu,True
Garmin Forerunner 945,Sports,640.01,868.16,0.7372,0.2628,0.7149,0.7112,https://www.homedepot.com/dp/7208440,homedepot.com,False
Ray-Ban Aviator Sunglasses,Clothing,80.11,212.22,0.3775,0.6225,0.1136,0.4952,https://bestprice-deals.tk/product/28384,bestprice-deals.tk,True
LEGO Technic Bugatti,Toys,253.63,357.33,0.7098,0.2902,0.6784,0.4135,https://www.ebay.com/dp/8142103,ebay.com,False
KitchenAid Stand Mixer,Home & Garden,732.62,772.72,0.9481,0.0519,0.9348,0.5264,https://www.walmart.com/dp/3438206,walmart.com,False
"Samsung 4K TV 55""",Electronics,658.1,868.2,0.758,0.242,0.6304,0.9863,https://www.ebay.com/dp/3137788,ebay.com,False
Wilson Tennis Racket Pro,Sports,397.82,1218.43,0.3265,0.6735,0.0146,0.7911,https://ultra-deals99.net/product/24987,ultra-deals99.net,True
Garmin DriveSmart 65 GPS,Automotive,452.85,566.49,0.7994,0.2006,0.6523,0.4415,https://www.nordstrom.com/dp/2323408,nordstrom.com,False
Dyson Airwrap Styler,Beauty,116.22,497.73,0.2335,0.7665,0.0064,0.5204,https://bargain-hunt.gq/product/75578,bargain-hunt.gq,True
Olaplex Hair Perfector,Beauty,45.08,56.05,0.8043,0.1957,0.7114,0.5509,https://www.nordstrom.com/dp/7643612,nordstrom.com,False
Garmin DriveSmart 65 GPS,Automotive,107.38,550.67,0.195,0.805,0.1175,0.3205,https://cheapbuy-store.xyz/product/18195,cheapbuy-store.xyz,True
Canon EOS R6 Camera,Electronics,2753.28,2941.54,0.936,0.064,0.7336,0.8973,https://www.bhphotovideo.com/dp/9459346,bhphotovideo.com,False
LEGO Technic Bugatti,Toys,105.92,269.3,0.3933,0.6067,0.2413,0.2696,https://discount-mega.ru/product/67777,discount-mega.ru,True
"Samsung 4K TV 55""",Electronics,1443.5,1615.92,0.8933,0.1067,0.7385,0.8078,https://www.chewy.com/dp/1585851,chewy.com,False
Barbie Dreamhouse,Toys,155.46,248.42,0.6258,0.3742,0.6908,0.3484,https://www.nordstrom.com/dp/1336009,nordstrom.com,False
Instant Pot Duo 7-in-1,Home & Garden,14.1,43.93,0.321,0.6791,0.0973,0.3216,https://bargain-hunt.gq/product/88982,bargain-hunt.gq,True
Nike Air Max Sneakers,Clothing,72.53,104.35,0.6951,0.3049,0.7476,0.5183,https://www.ebay.com/dp/9214437,ebay.com,False
Ray-Ban Aviator Sunglasses,Clothing,182.66,207.0,0.8824,0.1176,0.7591,0.7875,https://www.nordstrom.com/dp/5634040,nordstrom.com,False
NOCO Genius5 Battery Charger,Automotive,541.56,825.8,0.6558,0.3442,0.6699,0.4001,https://www.adorama.com/dp/6441146,adorama.com,False
Bose SoundBar 700,Electronics,252.16,1037.26,0.2431,0.7569,0.0609,0.7335,https://pricedown-shop.cf/product/95664,pricedown-shop.cf,True
Dyson V15 Vacuum,Home & Garden,393.56,482.13,0.8163,0.1837,0.6159,0.3681,https://www.wayfair.com/dp/1627606,wayfair.com,False
Fenty Beauty Foundation,Beauty,280.74,372.88,0.7529,0.2471,0.9317,0.5888,https://www.target.com/dp/7292514,target.com,False
The Pragmatic Programmer,Books,37.49,56.27,0.6663,0.3338,0.627,0.9953,https://www.nordstrom.com/dp/5460657,nordstrom.com,False
Instant Pot Duo 7-in-1,Home & Garden,99.34,112.21,0.8853,0.1147,0.6062,0.4592,https://www.nordstrom.com/dp/5477211,nordstrom.com,False
Patagonia Fleece Jacket,Clothing,165.17,434.43,0.3802,0.6198,0.1771,0.863,https://shop-fast-now.biz/product/41754,shop-fast-now.biz,True
Peloton Bike+,Sports,1283.34,1679.54,0.7641,0.2359,0.7623,0.5341,https://www.homedepot.com/dp/4906349,homedepot.com,False
Python Crash Course 3rd Ed,Books,18.18,24.65,0.7375,0.2623,0.718,0.8601,https://www.zappos.com/dp/6392076,zappos.com,False
"Samsung 4K TV 55""",Electronics,1115.51,1450.03,0.7693,0.2307,0.7169,0.8289,https://www.newegg.com/dp/9073202,newegg.com,False
Bose SoundBar 700,Electronics,1680.38,2033.13,0.8265,0.1735,0.7541,0.745,https://www.zappos.com/dp/7314548,zappos.com,False
Atomic Habits,Books,41.83,49.04,0.853,0.1471,0.9404,0.8221,https://www.amazon.com/dp/7422301,amazon.com,False
Fenty Beauty Foundation,Beauty,363.83,501.56,0.7254,0.2746,0.7076,0.5239,https://www.nordstrom.com/dp/8653803,nordstrom.com,False
Nike Air Max Sneakers,Clothing,241.42,331.35,0.7286,0.2714,0.6548,0.6938,https://www.costco.com/dp/6445244,costco.com,False
"Samsung 4K TV 55""",Electronics,951.08,1510.85,0.6295,0.3705,0.7195,0.6724,https://www.macys.com/dp/6143155,macys.com,False
LEGO Technic Bugatti,Toys,111.81,160.17,0.6981,0.3019,0.6697,0.3474,https://www.nordstrom.com/dp/7511820,nordstrom.com,False
The North Face Parka,Clothing,183.83,205.81,0.8932,0.1068,0.7219,0.4904,https://www.wayfair.com/dp/2361636,wayfair.com,False
KitchenAid Stand Mixer,Home & Garden,199.34,749.98,0.2658,0.7342,0.28,0.2836,https://pricedown-shop.cf/product/29336,pricedown-shop.cf,True
Peloton Bike+,Sports,430.63,539.91,0.7976,0.2024,0.7309,0.8311,https://www.costco.com/dp/7443567,costco.com,False
Bose SoundBar 700,Electronics,742.58,2308.3,0.3217,0.6783,0.0617,0.842,https://buylow-online.icu/product/21978,buylow-online.icu,True
Michelin X-Tour Tires,Automotive,148.92,947.94,0.1571,0.8429,0.2733,0.2766,https://shop-fast-now.biz/product/14852,shop-fast-now.biz,True
Fenty Beauty Foundation,Beauty,381.92,524.61,0.728,0.272,0.6892,0.4302,https://www.adorama.com/dp/4458774,adorama.com,False
Barbie Dreamhouse,Toys,51.34,71.84,0.7146,0.2854,0.6974,0.3902,https://www.chewy.com/dp/9296512,chewy.com,False
"iPad Pro 12.9""",Electronics,845.51,1401.7,0.6032,0.3968,0.7084,0.9256,https://www.ebay.com/dp/3694288,ebay.com,False
Patagonia Fleece Jacket,Clothing,375.81,420.89,0.8929,0.1071,0.9323,0.5121,https://www.target.com/dp/2569831,target.com,False
Callaway Golf Driver,Sports,289.06,828.96,0.3487,0.6513,0.0792,0.7136,https://bestprice-deals.tk/product/98057,bestprice-deals.tk,True
Canon EOS R6 Camera,Electronics,1069.09,1412.09,0.7571,0.2429,0.9276,0.8225,https://www.walmart.com/dp/5554990,walmart.com,False
TRX Suspension Trainer,Sports,941.75,1254.49,0.7507,0.2493,0.758,0.7778,https://www.homedepot.com/dp/1204695,homedepot.com,False
Dyson V15 Vacuum,Home & Garden,567.23,788.7,0.7192,0.2808,0.6684,0.4542,https://www.bhphotovideo.com/dp/1504718,bhphotovideo.com,False
Designing Data-Intensive Applications,Books,3.07,22.22,0.1382,0.862,0.1962,0.9471,https://flashsale-today.ml/product/6885,flashsale-today.ml,True
Thinkware U1000 Dash Cam,Automotive,279.71,791.48,0.3534,0.6466,0.1507,0.2765,https://pricedown-shop.cf/product/53167,pricedown-shop.cf,True
Fenty Beauty Foundation,Beauty,446.92,555.11,0.8051,0.1949,0.7717,0.5228,https://www.newegg.com/dp/5160979,newegg.com,False
Patagonia Fleece Jacket,Clothing,110.16,145.35,0.7579,0.2421,0.6644,0.5692,https://www.zappos.com/dp/3991546,zappos.com,False
Garmin DriveSmart 65 GPS,Automotive,233.47,277.15,0.8424,0.1576,0.7436,0.4586,https://www.chewy.com/dp/7522941,chewy.com,False
Dyson V15 Vacuum,Home & Garden,469.37,648.57,0.7237,0.2763,0.9229,0.3716,https://www.target.com/dp/5528498,target.com,False
NARS Blush Orgasm,Beauty,192.97,555.79,0.3472,0.6528,0.1642,0.5658,https://cheapbuy-store.xyz/product/44501,cheapbuy-store.xyz,True
KitchenAid Stand Mixer,Home & Garden,191.13,258.53,0.7393,0.2607,0.6405,0.5043,https://www.nordstrom.com/dp/2252054,nordstrom.com,False
The North Face Parka,Clothing,195.32,218.58,0.8936,0.1064,0.877,0.5136,https://www.target.com/dp/5174163,target.com,False
Apple AirPods Pro,Electronics,775.96,862.47,0.8997,0.1003,0.575,1.0,https://www.wayfair.com/dp/7739741,wayfair.com,False
Wilson Tennis Racket Pro,Sports,1675.97,2183.67,0.7675,0.2325,0.9498,0.6627,https://www.bestbuy.com/dp/8421584,bestbuy.com,False
Patagonia Fleece Jacket,Clothing,90.53,295.36,0.3065,0.6935,0.28,0.6119,https://pricedown-shop.cf/product/63761,pricedown-shop.cf,True
Designing Data-Intensive Applications,Books,28.15,42.0,0.6702,0.3298,0.6742,0.826,https://www.ebay.com/dp/9052022,ebay.com,False
Nespresso Vertuo Coffee Maker,Home & Garden,144.31,402.53,0.3585,0.6415,0.0823,0.4973,https://deal-xpress.top/product/14151,deal-xpress.top,True
LEGO Technic Bugatti,Toys,165.25,206.64,0.7997,0.2003,0.6774,0.2686,https://www.nordstrom.com/dp/6454311,nordstrom.com,False
Dyson V15 Vacuum,Home & Garden,286.85,451.23,0.6357,0.3643,0.9101,0.5341,https://www.walmart.com/dp/6669869,walmart.com,False
Barbie Dreamhouse,Toys,258.34,290.24,0.8901,0.1099,0.6948,0.399,https://www.costco.com/dp/7732903,costco.com,False
Levi's 501 Jeans,Clothing,237.72,274.31,0.8666,0.1334,0.7864,0.6349,https://www.bhphotovideo.com/dp/2004872,bhphotovideo.com,False
NOCO Genius5 Battery Charger,Automotive,498.32,804.91,0.6191,0.3809,0.7249,0.4912,https://www.nordstrom.com/dp/2101048,nordstrom.com,False
Magna-Tiles 100 Piece Set,Toys,178.35,197.46,0.9032,0.0968,0.8454,0.4168,https://www.walmart.com/dp/1999542,walmart.com,False
The North Face Parka,Clothing,59.32,82.36,0.7203,0.2797,0.55,0.6147,https://www.chewy.com/dp/4099902,chewy.com,False
Callaway Golf Driver,Sports,1211.67,1690.15,0.7169,0.2831,0.6996,0.6828,https://www.wayfair.com/dp/5366756,wayfair.com,False
Atomic Habits,Books,44.15,48.4,0.9122,0.0878,0.7526,0.8202,https://www.ebay.com/dp/9209786,ebay.com,False
LEGO Technic Bugatti,Toys,31.0,33.45,0.9268,0.0732,0.709,0.4576,https://www.adorama.com/dp/1939293,adorama.com,False
The Pragmatic Programmer,Books,20.49,22.57,0.9078,0.0922,0.9023,0.8479,https://www.target.com/dp/6294016,target.com,False
Nike Air Max Sneakers,Clothing,227.44,251.48,0.9044,0.0956,0.7361,0.5702,https://www.wayfair.com/dp/1020136,wayfair.com,False
Hot Wheels Ultimate Garage,Toys,22.93,64.86,0.3535,0.6464,0.0105,0.3165,https://deal-xpress.top/product/59851,deal-xpress.top,True
Dyson Airwrap Styler,Beauty,75.47,82.1,0.9192,0.0808,0.8542,0.5101,https://www.target.com/dp/1114816,target.com,False
Thinkware U1000 Dash Cam,Automotive,37.47,45.82,0.8178,0.1822,0.7659,0.3906,https://www.macys.com/dp/3260430,macys.com,False
Python Crash Course 3rd Ed,Books,43.69,51.63,0.8462,0.1537,0.6669,0.9682,https://www.costco.com/dp/4010529,costco.com,False
Designing Data-Intensive Applications,Books,16.11,49.59,0.3249,0.6752,0.181,0.9383,https://deal-xpress.top/product/78769,deal-xpress.top,True
La Mer Moisturizing Cream,Beauty,17.13,245.11,0.0699,0.9301,0.2592,0.3005,https://bargain-hunt.gq/product/70640,bargain-hunt.gq,True
NOCO Genius5 Battery Charger,Automotive,263.45,282.52,0.9325,0.0675,0.7546,0.4487,https://www.zappos.com/dp/3931009,zappos.com,False
Fenty Beauty Foundation,Beauty,32.04,133.84,0.2394,0.7606,0.2237,0.5416,https://bestprice-deals.tk/product/91137,bestprice-deals.tk,True
Sony Headphones WH-1000XM5,Electronics,116.31,592.23,0.1964,0.8036,0.2237,0.9699,https://topdeal-online.cc/product/56498,topdeal-online.cc,True
Michelin X-Tour Tires,Automotive,32.41,102.29,0.3168,0.6832,0.1308,0.3735,https://savebig-store.pw/product/89393,savebig-store.pw,True
Magna-Tiles 100 Piece Set,Toys,247.35,314.73,0.7859,0.2141,0.6687,0.419,https://www.adorama.com/dp/8872413,adorama.com,False
Designing Data-Intensive Applications,Books,23.72,34.15,0.6946,0.3055,0.8673,0.7535,https://www.bestbuy.com/dp/1308508,bestbuy.com,False
Fenty Beauty Foundation,Beauty,158.45,181.17,0.8746,0.1254,0.6765,0.5434,https://www.nordstrom.com/dp/6647119,nordstrom.com,False
Dyson Airwrap Styler,Beauty,121.43,154.94,0.7837,0.2163,0.6433,0.528,https://www.newegg.com/dp/1007120,newegg.com,False
TRX Suspension Trainer,Sports,888.63,968.53,0.9175,0.0825,0.8153,0.7805,https://www.amazon.com/dp/4946534,amazon.com,False
Peloton Bike+,Sports,1310.39,1949.98,0.672,0.328,0.7112,0.6041,https://www.ebay.com/dp/4002626,ebay.com,False
Peloton Bike+,Sports,46.82,55.31,0.8465,0.1535,0.9143,0.6882,https://www.target.com/dp/4115765,target.com,False
TRX Suspension Trainer,Sports,511.21,1516.95,0.337,0.663,0.28,0.6434,https://ultra-deals99.net/product/36465,ultra-deals99.net,True
Peloton Bike+,Sports,1353.7,1810.97,0.7475,0.2525,0.9233,0.8077,https://www.bestbuy.com/dp/6431331,bestbuy.com,False
Levi's 501 Jeans,Clothing,294.0,422.29,0.6962,0.3038,0.7209,0.7121,https://www.ebay.com/dp/5579723,ebay.com,False
La Mer Moisturizing Cream,Beauty,382.61,553.39,0.6914,0.3086,0.6816,0.5646,https://www.homedepot.com/dp/6378128,homedepot.com,False
Garmin Forerunner 945,Sports,1794.85,2087.76,0.8597,0.1403,0.7797,0.6322,https://www.chewy.com/dp/2124274,chewy.com,False
Logitech MX Master Mouse,Electronics,208.84,1774.32,0.1177,0.8823,0.1627,0.7431,https://discount-mega.ru/product/3978,discount-mega.ru,True
Ray-Ban Aviator Sunglasses,Clothing,380.33,455.65,0.8347,0.1653,0.8382,0.702,https://www.walmart.com/dp/3247918,walmart.com,False
The North Face Parka,Clothing,44.48,388.17,0.1146,0.8854,0.0535,0.7068,https://ultra-deals99.net/product/85146,ultra-deals99.net,True
Dell XPS 15 Laptop,Electronics,1389.61,1807.5,0.7688,0.2312,0.7336,1.0,https://www.chewy.com/dp/6064062,chewy.com,False
Sony Headphones WH-1000XM5,Electronics,1703.92,2240.82,0.7604,0.2396,0.6696,0.879,https://www.chewy.com/dp/3547579,chewy.com,False
Barbie Dreamhouse,Toys,325.94,348.52,0.9352,0.0648,0.6754,0.4562,https://www.newegg.com/dp/4843308,newegg.com,False
Bose SoundBar 700,Electronics,1596.51,1990.41,0.8021,0.1979,0.6241,0.8214,https://www.adorama.com/dp/8066104,adorama.com,False
Dyson Airwrap Styler,Beauty,260.6,366.99,0.7101,0.2899,0.7135,0.4725,https://www.wayfair.com/dp/7357071,wayfair.com,False
Garmin Forerunner 945,Sports,761.4,1232.43,0.6178,0.3822,0.7267,0.7073,https://www.newegg.com/dp/1820966,newegg.com,False
NOCO Genius5 Battery Charger,Automotive,80.28,774.88,0.1036,0.8964,0.0584,0.3609,https://topdeal-online.cc/product/94184,topdeal-online.cc,True
TRX Suspension Trainer,Sports,260.97,1067.79,0.2444,0.7556,0.0599,0.6614,https://savebig-store.pw/product/86481,savebig-store.pw,True
Michelin X-Tour Tires,Automotive,315.63,355.16,0.8887,0.1113,0.6605,0.4027,https://www.ebay.com/dp/2702878,ebay.com,False
Dyson V15 Vacuum,Home & Garden,39.28,647.1,0.0607,0.9393,0.0268,0.4127,https://topdeal-online.cc/product/69626,topdeal-online.cc,True
Garmin DriveSmart 65 GPS,Automotive,103.99,464.05,0.2241,0.7759,0.0746,0.3056,https://pricedown-shop.cf/product/3635,pricedown-shop.cf,True
Garmin DriveSmart 65 GPS,Automotive,164.23,233.88,0.7022,0.2978,0.6965,0.1982,https://www.zappos.com/dp/6484082,zappos.com,False
Ray-Ban Aviator Sunglasses,Clothing,46.33,68.92,0.6722,0.3278,0.9738,0.7104,https://www.walmart.com/dp/1200603,walmart.com,False
Clean Code,Books,8.45,11.44,0.7386,0.2612,0.6741,1.0,https://www.homedepot.com/dp/9586664,homedepot.com,False
Thinkware U1000 Dash Cam,Automotive,130.0,136.84,0.95,0.05,0.7089,0.4983,https://www.wayfair.com/dp/3030620,wayfair.com,False
Levi's 501 Jeans,Clothing,287.24,335.29,0.8567,0.1433,0.7498,0.5605,https://www.zappos.com/dp/1937991,zappos.com,False
Canon EOS R6 Camera,Electronics,1374.56,1551.77,0.8858,0.1142,0.7519,0.8575,https://www.wayfair.com/dp/2824919,wayfair.com,False
Apple AirPods Pro,Electronics,196.4,1105.26,0.1777,0.8223,0.0938,0.7019,https://flashsale-today.ml/product/36846,flashsale-today.ml,True
Garmin Forerunner 945,Sports,118.47,185.77,0.6377,0.3623,1.0,0.617,https://www.target.com/dp/7038842,target.com,False
Adidas Ultraboost,Clothing,129.76,149.58,0.8675,0.1325,0.6219,0.5577,https://www.newegg.com/dp/7390162,newegg.com,False
Peloton Bike+,Sports,13.16,88.19,0.1492,0.8508,0.0545,0.7227,https://savebig-store.pw/product/37369,savebig-store.pw,True
Patagonia Fleece Jacket,Clothing,383.4,452.71,0.8469,0.1531,0.7197,0.4458,https://www.adorama.com/dp/9603205,adorama.com,False
Atomic Habits,Books,36.53,44.36,0.8235,0.1765,0.71,0.9081,https://www.adorama.com/dp/6387876,adorama.com,False
La Mer Moisturizing Cream,Beauty,287.93,307.29,0.937,0.063,0.7274,0.4838,https://www.adorama.com/dp/6569946,adorama.com,False
Patagonia Fleece Jacket,Clothing,26.09,37.93,0.6878,0.3122,0.6926,0.6771,https://www.ebay.com/dp/4958617,ebay.com,False
Dyson V15 Vacuum,Home & Garden,181.39,285.12,0.6362,0.3638,0.7725,0.5946,https://www.adorama.com/dp/2694547,adorama.com,False
Nike Air Max Sneakers,Clothing,339.55,458.66,0.7403,0.2597,0.8795,0.7455,https://www.bestbuy.com/dp/1786680,bestbuy.com,False
Callaway Golf Driver,Sports,231.31,1825.63,0.1267,0.8733,0.28,0.6981,https://topdeal-online.cc/product/22627,topdeal-online.cc,True
Instant Pot Duo 7-in-1,Home & Garden,61.12,427.1,0.1431,0.8569,0.2586,0.5428,https://shop-fast-now.biz/product/8386,shop-fast-now.biz,True
KitchenAid Stand Mixer,Home & Garden,77.5,113.56,0.6825,0.3175,0.9147,0.47,https://www.target.com/dp/2228310,target.com,False
TRX Suspension Trainer,Sports,1628.54,1858.64,0.8762,0.1238,0.7293,0.667,https://www.costco.com/dp/3381714,costco.com,False
Adidas Ultraboost,Clothing,140.71,185.02,0.7605,0.2395,0.7299,0.6561,https://www.nordstrom.com/dp/4817030,nordstrom.com,False
Olaplex Hair Perfector,Beauty,157.77,262.03,0.6021,0.3979,0.6882,0.5595,https://www.ebay.com/dp/4197278,ebay.com,False
Ray-Ban Aviator Sunglasses,Clothing,55.78,81.68,0.6829,0.3171,0.8878,0.6002,https://www.bestbuy.com/dp/7708932,bestbuy.com,False
Designing Data-Intensive Applications,Books,30.24,41.05,0.7367,0.2634,0.624,0.8613,https://www.macys.com/dp/2664863,macys.com,False
Levi's 501 Jeans,Clothing,316.55,456.91,0.6928,0.3072,0.6451,0.655,https://www.adorama.com/dp/5333808,adorama.com,False
LEGO Technic Bugatti,Toys,125.5,179.83,0.6979,0.3021,0.8727,0.4953,https://www.walmart.com/dp/2300119,walmart.com,False
TRX Suspension Trainer,Sports,66.19,321.16,0.2061,0.7939,0.1601,0.5602,https://savebig-store.pw/product/22695,savebig-store.pw,True
Nespresso Vertuo Coffee Maker,Home & Garden,226.92,250.77,0.9049,0.0951,0.7068,0.452,https://www.zappos.com/dp/4248973,zappos.com,False
Wilson Tennis Racket Pro,Sports,608.06,970.72,0.6264,0.3736,0.6973,0.7228,https://www.zappos.com/dp/8000050,zappos.com,False
Patagonia Fleece Jacket,Clothing,217.2,236.83,0.9171,0.0829,0.6892,0.675,https://www.ebay.com/dp/1342267,ebay.com,False
Wilson Tennis Racket Pro,Sports,356.14,551.64,0.6456,0.3544,0.658,0.652,https://www.costco.com/dp/3475548,costco.com,False
Garmin DriveSmart 65 GPS,Automotive,166.26,201.33,0.8258,0.1742,0.7333,0.437,https://www.newegg.com/dp/8115080,newegg.com,False
Patagonia Fleece Jacket,Clothing,308.62,387.33,0.7968,0.2032,0.76,0.5474,https://www.newegg.com/dp/1517059,newegg.com,False
Python Crash Course 3rd Ed,Books,3.36,55.83,0.0602,0.9399,0.266,0.784,https://flashsale-today.ml/product/49266,flashsale-today.ml,True
Python Crash Course 3rd Ed,Books,23.17,33.54,0.6908,0.3093,0.6641,0.9716,https://www.macys.com/dp/4071377,macys.com,False
Peloton Bike+,Sports,62.0,198.67,0.3121,0.6879,0.0425,0.6215,https://flashsale-today.ml/product/12046,flashsale-today.ml,True
Clean Code,Books,14.84,22.24,0.6673,0.3326,0.7435,1.0,https://www.newegg.com/dp/5990112,newegg.com,False
The North Face Parka,Clothing,325.84,387.72,0.8404,0.1596,0.6682,0.5548,https://www.nordstrom.com/dp/8519465,nordstrom.com,False
Fenty Beauty Foundation,Beauty,14.97,266.83,0.0561,0.9439,0.2442,0.5137,https://pricedown-shop.cf/product/81815,pricedown-shop.cf,True
Nintendo Switch OLED,Toys,20.55,27.36,0.7511,0.249,0.8206,0.4128,https://www.ebay.com/dp/3290115,ebay.com,False
Barbie Dreamhouse,Toys,177.51,199.23,0.891,0.109,0.7218,0.4175,https://www.zappos.com/dp/9676669,zappos.com,False
Garmin DriveSmart 65 GPS,Automotive,15.22,57.18,0.2662,0.7339,0.28,0.4364,https://shop-fast-now.biz/product/33367,shop-fast-now.biz,True
Garmin Forerunner 945,Sports,784.56,905.64,0.8663,0.1337,0.838,0.5826,https://www.walmart.com/dp/1267263,walmart.com,False
"iPad Pro 12.9""",Electronics,2212.39,2352.86,0.9403,0.0597,0.7561,0.8351,https://www.homedepot.com/dp/7269347,homedepot.com,False
Dell XPS 15 Laptop,Electronics,1400.51,2202.41,0.6359,0.3641,0.8666,0.8451,https://www.amazon.com/dp/3361155,amazon.com,False
Atomic Habits,Books,12.47,16.03,0.7779,0.2218,0.6806,0.8964,https://www.newegg.com/dp/6202636,newegg.com,False
Fenty Beauty Foundation,Beauty,88.46,147.21,0.6009,0.3991,0.6993,0.4154,https://www.adorama.com/dp/9279821,adorama.com,False
Logitech MX Master Mouse,Electronics,494.61,544.96,0.9076,0.0924,0.6892,0.7749,https://www.zappos.com/dp/2962480,zappos.com,False
Nike Air Max Sneakers,Clothing,15.58,154.0,0.1012,0.8988,0.0948,0.5608,https://topdeal-online.cc/product/54823,topdeal-online.cc,True
Apple AirPods Pro,Electronics,2484.42,2918.38,0.8513,0.1487,0.9242,0.7823,https://www.bestbuy.com/dp/8355410,bestbuy.com,False
"iPad Pro 12.9""",Electronics,301.41,384.5,0.7839,0.2161,0.6599,0.7582,https://www.newegg.com/dp/2037958,newegg.com,False
Sony Headphones WH-1000XM5,Electronics,190.04,2978.62,0.0638,0.9362,0.1035,0.9249,https://cheapbuy-store.xyz/product/33942,cheapbuy-store.xyz,True
Ray-Ban Aviator Sunglasses,Clothing,268.41,292.54,0.9175,0.0825,0.6916,0.5622,https://www.nordstrom.com/dp/8856366,nordstrom.com,False
Ray-Ban Aviator Sunglasses,Clothing,301.68,437.85,0.689,0.311,0.8969,0.6764,https://www.target.com/dp/6587964,target.com,False
Michelin X-Tour Tires,Automotive,546.53,682.56,0.8007,0.1993,0.9731,0.3768,https://www.target.com/dp/2314715,target.com,False
"Samsung 4K TV 55""",Electronics,1504.35,1747.62,0.8608,0.1392,0.7764,0.8435,https://www.adorama.com/dp/3763239,adorama.com,False
The Pragmatic Programmer,Books,22.79,24.87,0.9164,0.0836,0.7817,0.8083,https://www.newegg.com/dp/9236745,newegg.com,False
Adidas Ultraboost,Clothing,178.16,198.79,0.8962,0.1038,0.6325,0.5636,https://www.newegg.com/dp/7998722,newegg.com,False
Roomba i7+ Robot Vacuum,Home & Garden,275.69,451.29,0.6109,0.3891,0.6592,0.4563,https://www.nordstrom.com/dp/2462431,nordstrom.com,False
Instant Pot Duo 7-in-1,Home & Garden,119.88,140.18,0.8552,0.1448,0.7163,0.474,https://www.bhphotovideo.com/dp/7912738,bhphotovideo.com,False
Clean Code,Books,35.78,56.88,0.629,0.371,0.6378,0.936,https://www.wayfair.com/dp/2877649,wayfair.com,False
Adidas Ultraboost,Clothing,40.25,172.38,0.2335,0.7665,0.0197,0.6058,https://savebig-store.pw/product/94359,savebig-store.pw,True
Levi's 501 Jeans,Clothing,212.47,280.41,0.7577,0.2423,0.6403,0.6114,https://www.ebay.com/dp/3374929,ebay.com,False
Garmin DriveSmart 65 GPS,Automotive,251.05,678.33,0.3701,0.6299,0.0757,0.4126,https://bargain-hunt.gq/product/99621,bargain-hunt.gq,True
Designing Data-Intensive Applications,Books,29.27,45.69,0.6406,0.3593,0.7758,0.9305,https://www.adorama.com/dp/6537308,adorama.com,False
Designing Data-Intensive Applications,Books,2.45,11.67,0.2099,0.79,0.1547,0.8334,https://buylow-online.icu/product/78400,buylow-online.icu,True
TRX Suspension Trainer,Sports,279.6,1107.76,0.2524,0.7476,0.04,0.6966,https://bargain-hunt.gq/product/93693,bargain-hunt.gq,True
Wilson Tennis Racket Pro,Sports,74.57,964.74,0.0773,0.9227,0.0736,0.6479,https://bargain-hunt.gq/product/77317,bargain-hunt.gq,True
Callaway Golf Driver,Sports,1229.36,1775.51,0.6924,0.3076,0.6934,0.7661,https://www.ebay.com/dp/2225669,ebay.com,False
Nespresso Vertuo Coffee Maker,Home & Garden,402.13,541.08,0.7432,0.2568,0.9867,0.3815,https://www.walmart.com/dp/7632241,walmart.com,False
Fenty Beauty Foundation,Beauty,60.47,384.44,0.1573,0.8427,0.28,0.5437,https://ultra-deals99.net/product/86616,ultra-deals99.net,True
TRX Suspension Trainer,Sports,1100.6,1820.38,0.6046,0.3954,0.8062,0.7496,https://www.walmart.com/dp/2005722,walmart.com,False
Barbie Dreamhouse,Toys,58.9,149.56,0.3938,0.6062,0.28,0.3348,https://deal-xpress.top/product/98387,deal-xpress.top,True
Dyson Airwrap Styler,Beauty,324.37,461.01,0.7036,0.2964,0.9048,0.5476,https://www.walmart.com/dp/8443690,walmart.com,False
Michelin X-Tour Tires,Automotive,31.98,159.28,0.2008,0.7992,0.2537,0.4668,https://ultra-deals99.net/product/56421,ultra-deals99.net,True
Garmin DriveSmart 65 GPS,Automotive,119.21,151.82,0.7852,0.2148,0.7319,0.4401,https://www.homedepot.com/dp/1846511,homedepot.com,False
Instant Pot Duo 7-in-1,Home & Garden,52.18,624.17,0.0836,0.9164,0.172,0.3595,https://shop-fast-now.biz/product/31320,shop-fast-now.biz,True
Thinkware U1000 Dash Cam,Automotive,690.07,808.61,0.8534,0.1466,0.7265,0.3469,https://www.chewy.com/dp/6217575,chewy.com,False
Adidas Ultraboost,Clothing,375.59,423.53,0.8868,0.1132,0.6686,0.6079,https://www.homedepot.com/dp/6860345,homedepot.com,False
Clean Code,Books,9.99,31.66,0.3155,0.6846,0.078,0.957,https://flashsale-today.ml/product/798,flashsale-today.ml,True
Garmin DriveSmart 65 GPS,Automotive,78.82,419.68,0.1878,0.8122,0.0462,0.3386,https://buylow-online.icu/product/73337,buylow-online.icu,True
"Samsung 4K TV 55""",Electronics,738.27,943.23,0.7827,0.2173,0.7322,0.8566,https://www.homedepot.com/dp/9579549,homedepot.com,False
Hot Wheels Ultimate Garage,Toys,53.58,88.53,0.6052,0.3948,0.7244,0.4358,https://www.nordstrom.com/dp/9504541,nordstrom.com,False
Garmin Forerunner 945,Sports,1538.6,2100.48,0.7325,0.2675,0.8558,0.7123,https://www.target.com/dp/3117636,target.com,False
Dell XPS 15 Laptop,Electronics,467.96,655.13,0.7143,0.2857,0.6933,0.8915,https://www.newegg.com/dp/9790177,newegg.com,False
LEGO Technic Bugatti,Toys,125.89,155.23,0.811,0.189,0.8877,0.1659,https://www.target.com/dp/4066409,target.com,False
Patagonia Fleece Jacket,Clothing,53.87,60.26,0.894,0.1061,0.6704,0.5309,https://www.bhphotovideo.com/dp/9612629,bhphotovideo.com,False
Roomba i7+ Robot Vacuum,Home & Garden,14.43,154.98,0.0931,0.9069,0.2614,0.5091,https://bestprice-deals.tk/product/53554,bestprice-deals.tk,True
Olaplex Hair Perfector,Beauty,106.73,387.55,0.2754,0.7246,0.0089,0.5207,https://discount-mega.ru/product/83902,discount-mega.ru,True
KitchenAid Stand Mixer,Home & Garden,433.76,661.73,0.6555,0.3445,0.9071,0.2796,https://www.bestbuy.com/dp/1303099,bestbuy.com,False
Nike Air Max Sneakers,Clothing,380.19,415.96,0.914,0.086,0.7838,0.5244,https://www.ebay.com/dp/2720773,ebay.com,False
Python Crash Course 3rd Ed,Books,7.05,25.45,0.277,0.723,0.0045,0.9215,https://pricedown-shop.cf/product/70767,pricedown-shop.cf,True
Hot Wheels Ultimate Garage,Toys,61.03,179.72,0.3396,0.6604,0.28,0.2854,https://savebig-store.pw/product/39533,savebig-store.pw,True
Peloton Bike+,Sports,439.18,2332.36,0.1883,0.8117,0.0881,0.6424,https://bargain-hunt.gq/product/39419,bargain-hunt.gq,True
NOCO Genius5 Battery Charger,Automotive,599.29,986.49,0.6075,0.3925,0.6963,0.3939,https://www.nordstrom.com/dp/8416290,nordstrom.com,False
Adidas Ultraboost,Clothing,67.66,84.91,0.7968,0.2032,0.6742,0.5899,https://www.costco.com/dp/6995244,costco.com,False
Atomic Habits,Books,2.88,14.73,0.1955,0.8046,0.28,0.908,https://cheapbuy-store.xyz/product/98010,cheapbuy-store.xyz,True
Michelin X-Tour Tires,Automotive,159.38,221.88,0.7183,0.2817,0.7267,0.471,https://www.bhphotovideo.com/dp/9469050,bhphotovideo.com,False
"Samsung 4K TV 55""",Electronics,1680.05,2153.63,0.7801,0.2199,0.6407,0.9346,https://www.wayfair.com/dp/9304320,wayfair.com,False
Dell XPS 15 Laptop,Electronics,531.02,603.84,0.8794,0.1206,0.6645,1.0,https://www.chewy.com/dp/1543024,chewy.com,False
Michelin X-Tour Tires,Automotive,452.09,603.27,0.7494,0.2506,0.6537,0.3909,https://www.zappos.com/dp/7914310,zappos.com,False
Ray-Ban Aviator Sunglasses,Clothing,192.04,224.43,0.8557,0.1443,0.7779,0.4776,https://www.wayfair.com/dp/7723471,wayfair.com,False
Callaway Golf Driver,Sports,769.53,2012.9,0.3823,0.6177,0.1441,0.6741,https://flashsale-today.ml/product/7879,flashsale-today.ml,True
Ray-Ban Aviator Sunglasses,Clothing,165.27,185.76,0.8897,0.1103,0.7006,0.5043,https://www.ebay.com/dp/5268011,ebay.com,False
LEGO Technic Bugatti,Toys,8.22,108.05,0.0761,0.9239,0.0836,0.2406,https://cheapbuy-store.xyz/product/55374,cheapbuy-store.xyz,True
Dyson V15 Vacuum,Home & Garden,192.4,277.83,0.6925,0.3075,0.7388,0.4113,https://www.zappos.com/dp/7821151,zappos.com,False
NOCO Genius5 Battery Charger,Automotive,317.25,387.98,0.8177,0.1823,0.6934,0.4058,https://www.wayfair.com/dp/1567905,wayfair.com,False
Patagonia Fleece Jacket,Clothing,51.75,77.17,0.6706,0.3294,0.9538,0.6838,https://www.amazon.com/dp/2549296,amazon.com,False
"iPad Pro 12.9""",Electronics,156.06,475.93,0.3279,0.6721,0.107,0.803,https://deal-xpress.top/product/84440,deal-xpress.top,True
Logitech MX Master Mouse,Electronics,430.82,711.75,0.6053,0.3947,0.9017,0.7884,https://www.target.com/dp/1367643,target.com,False
Garmin DriveSmart 65 GPS,Automotive,480.04,641.16,0.7487,0.2513,0.6618,0.2556,https://www.macys.com/dp/3408819,macys.com,False
Clean Code,Books,50.7,56.45,0.8981,0.1019,0.8468,0.8178,https://www.wayfair.com/dp/4748802,wayfair.com,False
Fenty Beauty Foundation,Beauty,173.0,443.47,0.3901,0.6099,0.137,0.6218,https://bargain-hunt.gq/product/552,bargain-hunt.gq,True
Atomic Habits,Books,13.17,18.51,0.7115,0.2885,0.9391,0.8367,https://www.bestbuy.com/dp/4143117,bestbuy.com,False
Bose SoundBar 700,Electronics,282.94,2654.25,0.1066,0.8934,0.1917,0.7576,https://bargain-hunt.gq/product/39612,bargain-hunt.gq,True
Instant Pot Duo 7-in-1,Home & Garden,61.97,292.59,0.2118,0.7882,0.1074,0.4071,https://savebig-store.pw/product/42451,savebig-store.pw,True
Callaway Golf Driver,Sports,658.26,714.88,0.9208,0.0792,0.7008,0.622,https://www.bhphotovideo.com/dp/2422629,bhphotovideo.com,False
Atomic Habits,Books,12.82,19.93,0.6433,0.3566,0.7475,0.8952,https://www.adorama.com/dp/4593496,adorama.com,False
Barbie Dreamhouse,Toys,192.11,292.81,0.6561,0.3439,0.8642,0.4148,https://www.walmart.com/dp/1020737,walmart.com,False
Magna-Tiles 100 Piece Set,Toys,189.83,277.93,0.683,0.317,0.6774,0.1561,https://www.nordstrom.com/dp/2224599,nordstrom.com,False
Michelin X-Tour Tires,Automotive,71.92,79.26,0.9074,0.0926,0.8243,0.4212,https://www.newegg.com/dp/9115466,newegg.com,False
Nintendo Switch OLED,Toys,231.53,384.28,0.6025,0.3975,0.8773,0.3325,https://www.target.com/dp/7565971,target.com,False
Dell XPS 15 Laptop,Electronics,967.41,1114.91,0.8677,0.1323,0.6443,0.9458,https://www.adorama.com/dp/9837953,adorama.com,False
The Pragmatic Programmer,Books,36.28,57.88,0.6268,0.3732,0.7253,0.9422,https://www.bhphotovideo.com/dp/6604982,bhphotovideo.com,False
Ray-Ban Aviator Sunglasses,Clothing,343.27,474.59,0.7233,0.2767,0.8705,0.668,https://www.bestbuy.com/dp/9361353,bestbuy.com,False
Clean Code,Books,8.96,14.65,0.6116,0.3884,0.7174,0.9069,https://www.adorama.com/dp/5673426,adorama.com,False
Fenty Beauty Foundation,Beauty,379.29,536.25,0.7073,0.2927,0.7777,0.5683,https://www.nordstrom.com/dp/3139695,nordstrom.com,False
KitchenAid Stand Mixer,Home & Garden,56.88,65.51,0.8683,0.1318,0.653,0.4881,https://www.costco.com/dp/3082675,costco.com,False
Patagonia Fleece Jacket,Clothing,277.0,313.21,0.8844,0.1156,0.6695,0.585,https://www.chewy.com/dp/7591709,chewy.com,False
Bose SoundBar 700,Electronics,782.22,854.14,0.9158,0.0842,0.762,0.8183,https://www.homedepot.com/dp/7417663,homedepot.com,False
Magna-Tiles 100 Piece Set,Toys,43.87,55.94,0.7842,0.2158,0.6907,0.222,https://www.ebay.com/dp/8319750,ebay.com,False
Ray-Ban Aviator Sunglasses,Clothing,224.09,364.5,0.6148,0.3852,0.69,0.7119,https://www.homedepot.com/dp/3221349,homedepot.com,False
Barbie Dreamhouse,Toys,20.32,228.1,0.0891,0.9109,0.0365,0.2641,https://ultra-deals99.net/product/27563,ultra-deals99.net,True
Dyson V15 Vacuum,Home & Garden,272.95,310.06,0.8803,0.1197,0.8585,0.4918,https://www.target.com/dp/7782844,target.com,False
Nintendo Switch OLED,Toys,133.18,153.79,0.866,0.134,0.7041,0.3205,https://www.costco.com/dp/8922002,costco.com,False
Fenty Beauty Foundation,Beauty,175.53,235.58,0.7451,0.2549,0.6663,0.5223,https://www.bhphotovideo.com/dp/2976045,bhphotovideo.com,False
Instant Pot Duo 7-in-1,Home & Garden,286.34,419.36,0.6828,0.3172,0.6629,0.4407,https://www.ebay.com/dp/9542077,ebay.com,False
Thinkware U1000 Dash Cam,Automotive,371.77,462.74,0.8034,0.1966,0.6774,0.3369,https://www.wayfair.com/dp/3101870,wayfair.com,False
Dyson Airwrap Styler,Beauty,192.23,304.36,0.6316,0.3684,0.959,0.4625,https://www.walmart.com/dp/2355439,walmart.com,False
Callaway Golf Driver,Sports,596.27,667.04,0.8939,0.1061,0.6833,0.5565,https://www.macys.com/dp/8770973,macys.com,False
Atomic Habits,Books,41.12,57.01,0.7213,0.2787,0.7352,1.0,https://www.chewy.com/dp/5573719,chewy.com,False
Fenty Beauty Foundation,Beauty,31.98,350.67,0.0912,0.9088,0.2002,0.3506,https://topdeal-online.cc/product/27665,topdeal-online.cc,True
Michelin X-Tour Tires,Automotive,582.89,899.11,0.6483,0.3517,0.7162,0.3882,https://www.bhphotovideo.com/dp/2950658,bhphotovideo.com,False
Peloton Bike+,Sports,243.17,2483.87,0.0979,0.9021,0.0986,0.6897,https://cheapbuy-store.xyz/product/4862,cheapbuy-store.xyz,True
Olaplex Hair Perfector,Beauty,158.87,397.98,0.3992,0.6008,0.1938,0.519,https://savebig-store.pw/product/75884,savebig-store.pw,True
The North Face Parka,Clothing,215.91,265.83,0.8122,0.1878,0.7776,0.6706,https://www.costco.com/dp/2014091,costco.com,False
NARS Blush Orgasm,Beauty,372.54,443.18,0.8406,0.1594,0.6775,0.5498,https://www.costco.com/dp/5276341,costco.com,False
Barbie Dreamhouse,Toys,88.28,98.99,0.8918,0.1082,0.8024,0.22,https://www.zappos.com/dp/1945506,zappos.com,False
Roomba i7+ Robot Vacuum,Home & Garden,520.51,677.39,0.7684,0.2316,0.6794,0.4606,https://www.macys.com/dp/6326278,macys.com,False
Logitech MX Master Mouse,Electronics,1811.18,2205.8,0.8211,0.1789,0.6968,0.7339,https://www.adorama.com/dp/9404879,adorama.com,False
Thinkware U1000 Dash Cam,Automotive,543.97,649.21,0.8379,0.1621,0.8725,0.3882,https://www.amazon.com/dp/7380120,amazon.com,False
Barbie Dreamhouse,Toys,86.35,101.05,0.8545,0.1455,0.6816,0.4062,https://www.newegg.com/dp/1151539,newegg.com,False
Dell XPS 15 Laptop,Electronics,2584.12,2953.96,0.8748,0.1252,0.6934,0.772,https://www.costco.com/dp/1364088,costco.com,False
The Pragmatic Programmer,Books,2.97,33.05,0.0899,0.9101,0.1101,0.9859,https://discount-mega.ru/product/88600,discount-mega.ru,True
Roomba i7+ Robot Vacuum,Home & Garden,152.88,556.14,0.2749,0.7251,0.0515,0.3824,https://savebig-store.pw/product/50250,savebig-store.pw,True
Adidas Ultraboost,Clothing,120.84,164.03,0.7367,0.2633,0.699,0.5914,https://www.wayfair.com/dp/3593718,wayfair.com,False
"Samsung 4K TV 55""",Electronics,855.44,1105.22,0.774,0.226,0.6326,0.7723,https://www.ebay.com/dp/6055825,ebay.com,False
Olaplex Hair Perfector,Beauty,26.96,102.48,0.2631,0.7369,0.28,0.5252,https://ultra-deals99.net/product/60703,ultra-deals99.net,True
Nike Air Max Sneakers,Clothing,348.42,410.24,0.8493,0.1507,0.7234,0.5064,https://www.adorama.com/dp/5622924,adorama.com,False
Nike Air Max Sneakers,Clothing,440.2,496.62,0.8864,0.1136,0.8346,0.5724,https://www.bestbuy.com/dp/7225520,bestbuy.com,False
Thinkware U1000 Dash Cam,Automotive,299.74,341.16,0.8786,0.1214,0.7441,0.4577,https://www.homedepot.com/dp/7634775,homedepot.com,False
La Mer Moisturizing Cream,Beauty,459.51,517.52,0.8879,0.1121,0.7534,0.3971,https://www.adorama.com/dp/4469681,adorama.com,False
Canon EOS R6 Camera,Electronics,1298.06,1511.13,0.859,0.141,0.7274,0.7428,https://www.nordstrom.com/dp/1060293,nordstrom.com,False
Nike Air Max Sneakers,Clothing,147.63,182.39,0.8094,0.1906,0.6973,0.6979,https://www.nordstrom.com/dp/3756910,nordstrom.com,False
Instant Pot Duo 7-in-1,Home & Garden,93.61,731.3,0.128,0.872,0.0503,0.3259,https://topdeal-online.cc/product/13972,topdeal-online.cc,True
TRX Suspension Trainer,Sports,1729.96,2257.84,0.7662,0.2338,0.6738,0.8082,https://www.adorama.com/dp/2053034,adorama.com,False
Thinkware U1000 Dash Cam,Automotive,30.68,200.76,0.1528,0.8472,0.0525,0.3284,https://discount-mega.ru/product/84440,discount-mega.ru,True
Wilson Tennis Racket Pro,Sports,373.94,487.41,0.7672,0.2328,0.6606,0.7163,https://www.wayfair.com/dp/3924375,wayfair.com,False
NARS Blush Orgasm,Beauty,39.55,513.62,0.077,0.923,0.0661,0.4155,https://topdeal-online.cc/product/62986,topdeal-online.cc,True
Patagonia Fleece Jacket,Clothing,175.36,204.45,0.8577,0.1423,0.7614,0.6369,https://www.homedepot.com/dp/9064545,homedepot.com,False
Dell XPS 15 Laptop,Electronics,457.57,531.13,0.8615,0.1385,0.9505,1.0,https://www.target.com/dp/2891931,target.com,False
Nespresso Vertuo Coffee Maker,Home & Garden,540.49,606.07,0.8918,0.1082,0.5961,0.4244,https://www.bhphotovideo.com/dp/2906975,bhphotovideo.com,False
Sony Headphones WH-1000XM5,Electronics,1343.09,1682.02,0.7985,0.2015,0.653,0.8385,https://www.wayfair.com/dp/9102253,wayfair.com,False
Magna-Tiles 100 Piece Set,Toys,123.63,325.59,0.3797,0.6203,0.1643,0.2917,https://pricedown-shop.cf/product/68587,pricedown-shop.cf,True
Clean Code,Books,35.81,44.26,0.8091,0.191,0.8742,1.0,https://www.bestbuy.com/dp/8564314,bestbuy.com,False
Dyson V15 Vacuum,Home & Garden,69.98,662.71,0.1056,0.8944,0.1257,0.5233,https://buylow-online.icu/product/88690,buylow-online.icu,True
NARS Blush Orgasm,Beauty,61.56,263.54,0.2336,0.7664,0.2705,0.5003,https://ultra-deals99.net/product/34852,ultra-deals99.net,True
Hot Wheels Ultimate Garage,Toys,138.42,188.5,0.7343,0.2657,0.7764,0.3906,https://www.ebay.com/dp/3556763,ebay.com,False
The North Face Parka,Clothing,203.08,312.63,0.6496,0.3504,0.8552,0.5674,https://www.walmart.com/dp/1704130,walmart.com,False
Dell XPS 15 Laptop,Electronics,1207.94,2011.23,0.6006,0.3994,0.7307,0.88,https://www.macys.com/dp/5333242,macys.com,False
Apple AirPods Pro,Electronics,75.71,630.38,0.1201,0.8799,0.1214,0.8576,https://cheapbuy-store.xyz/product/48068,cheapbuy-store.xyz,True
Nike Air Max Sneakers,Clothing,31.85,49.85,0.6389,0.361,0.6899,0.5995,https://www.bhphotovideo.com/dp/4603484,bhphotovideo.com,False
Nespresso Vertuo Coffee Maker,Home & Garden,556.49,755.49,0.7366,0.2634,0.7423,0.4911,https://www.zappos.com/dp/4392288,zappos.com,False
Nintendo Switch OLED,Toys,178.57,291.87,0.6118,0.3882,0.697,0.2139,https://www.costco.com/dp/4577047,costco.com,False
Roomba i7+ Robot Vacuum,Home & Garden,296.93,485.18,0.612,0.388,0.6818,0.2894,https://www.nordstrom.com/dp/3840983,nordstrom.com,False
Michelin X-Tour Tires,Automotive,143.56,168.74,0.8508,0.1492,0.6399,0.3683,https://www.macys.com/dp/1576194,macys.com,False
Peloton Bike+,Sports,568.88,599.45,0.949,0.051,0.6999,0.6529,https://www.zappos.com/dp/1287807,zappos.com,False
Michelin X-Tour Tires,Automotive,13.97,70.05,0.1994,0.8006,0.1226,0.4115,https://savebig-store.pw/product/86791,savebig-store.pw,True
Atomic Habits,Books,8.05,44.12,0.1825,0.8175,0.2114,0.7641,https://cheapbuy-store.xyz/product/658,cheapbuy-store.xyz,True
Fenty Beauty Foundation,Beauty,297.69,444.85,0.6692,0.3308,0.736,0.6456,https://www.chewy.com/dp/7939457,chewy.com,False
Designing Data-Intensive Applications,Books,21.2,34.88,0.6078,0.3922,0.7676,0.779,https://www.newegg.com/dp/4207215,newegg.com,False
Ray-Ban Aviator Sunglasses,Clothing,115.38,150.02,0.7691,0.2309,0.8943,0.6118,https://www.walmart.com/dp/4799605,walmart.com,False
Ray-Ban Aviator Sunglasses,Clothing,197.84,254.75,0.7766,0.2234,0.6232,0.4496,https://www.homedepot.com/dp/3137987,homedepot.com,False
Instant Pot Duo 7-in-1,Home & Garden,587.49,667.0,0.8808,0.1192,0.6482,0.4337,https://www.ebay.com/dp/8731865,ebay.com,False
Designing Data-Intensive Applications,Books,16.14,24.57,0.6569,0.3429,0.8517,0.8569,https://www.walmart.com/dp/5772192,walmart.com,False
Fenty Beauty Foundation,Beauty,450.93,571.37,0.7892,0.2108,0.9551,0.5573,https://www.target.com/dp/3281909,target.com,False
Instant Pot Duo 7-in-1,Home & Garden,479.4,763.26,0.6281,0.3719,0.6704,0.4852,https://www.adorama.com/dp/1283322,adorama.com,False
Michelin X-Tour Tires,Automotive,354.49,428.7,0.8269,0.1731,0.7348,0.3087,https://www.zappos.com/dp/8144563,zappos.com,False
KitchenAid Stand Mixer,Home & Garden,425.81,584.26,0.7288,0.2712,0.5719,0.4347,https://www.ebay.com/dp/4392535,ebay.com,False
Nespresso Vertuo Coffee Maker,Home & Garden,21.52,102.52,0.2099,0.7901,0.1927,0.4326,https://discount-mega.ru/product/16914,discount-mega.ru,True
Instant Pot Duo 7-in-1,Home & Garden,451.49,582.04,0.7757,0.2243,0.7352,0.6499,https://www.zappos.com/dp/3133929,zappos.com,False
Michelin X-Tour Tires,Automotive,239.61,330.36,0.7253,0.2747,0.7039,0.2297,https://www.zappos.com/dp/7383228,zappos.com,False
Dyson Airwrap Styler,Beauty,244.4,358.52,0.6817,0.3183,0.7217,0.538,https://www.ebay.com/dp/3779198,ebay.com,False
"Samsung 4K TV 55""",Electronics,883.92,2703.95,0.3269,0.6731,0.1434,0.913,https://bargain-hunt.gq/product/55592,bargain-hunt.gq,True
Dyson V15 Vacuum,Home & Garden,246.36,307.84,0.8003,0.1997,0.7151,0.3897,https://www.ebay.com/dp/9058573,ebay.com,False
Logitech MX Master Mouse,Electronics,1733.7,2080.77,0.8332,0.1668,0.795,0.9318,https://www.homedepot.com/dp/9344176,homedepot.com,False
Magna-Tiles 100 Piece Set,Toys,254.25,283.64,0.8964,0.1036,0.6732,0.4146,https://www.homedepot.com/dp/7591477,homedepot.com,False
Ray-Ban Aviator Sunglasses,Clothing,417.5,467.42,0.8932,0.1068,0.609,0.6216,https://www.nordstrom.com/dp/8319864,nordstrom.com,False
Dell XPS 15 Laptop,Electronics,1505.96,1821.21,0.8269,0.1731,0.6233,0.9522,https://www.wayfair.com/dp/9512969,wayfair.com,False
Dell XPS 15 Laptop,Electronics,549.33,2568.14,0.2139,0.7861,0.28,0.8699,https://ultra-deals99.net/product/22839,ultra-deals99.net,True
Magna-Tiles 100 Piece Set,Toys,181.94,267.33,0.6806,0.3194,0.8948,0.3365,https://www.bestbuy.com/dp/6867267,bestbuy.com,False
Levi's 501 Jeans,Clothing,80.82,492.82,0.164,0.836,0.2172,0.4599,https://savebig-store.pw/product/68246,savebig-store.pw,True
Wilson Tennis Racket Pro,Sports,13.89,21.38,0.6497,0.3505,0.9349,0.7315,https://www.amazon.com/dp/5102892,amazon.com,False
Dyson Airwrap Styler,Beauty,317.98,385.76,0.8243,0.1757,0.8762,0.57,https://www.walmart.com/dp/8348147,walmart.com,False
The North Face Parka,Clothing,33.89,125.41,0.2702,0.7298,0.1398,0.586,https://bestprice-deals.tk/product/70714,bestprice-deals.tk,True
Thinkware U1000 Dash Cam,Automotive,72.62,82.89,0.8761,0.1239,0.6707,0.3504,https://www.homedepot.com/dp/7516960,homedepot.com,False
Nike Air Max Sneakers,Clothing,63.08,101.96,0.6187,0.3813,0.7423,0.4298,https://www.newegg.com/dp/4031181,newegg.com,False
Fenty Beauty Foundation,Beauty,414.28,568.36,0.7289,0.2711,1.0,0.5375,https://www.bestbuy.com/dp/6950477,bestbuy.com,False
Barbie Dreamhouse,Toys,268.73,336.38,0.7989,0.2011,0.7545,0.2902,https://www.macys.com/dp/2061460,macys.com,False
Olaplex Hair Perfector,Beauty,298.47,391.08,0.7632,0.2368,0.7162,0.4798,https://www.chewy.com/dp/6824517,chewy.com,False
KitchenAid Stand Mixer,Home & Garden,146.32,185.19,0.7901,0.2099,0.5523,0.3987,https://www.zappos.com/dp/9924347,zappos.com,False
The Pragmatic Programmer,Books,12.58,19.79,0.6357,0.3643,0.7134,0.8341,https://www.newegg.com/dp/2999301,newegg.com,False
NARS Blush Orgasm,Beauty,122.48,414.06,0.2958,0.7042,0.0324,0.6038,https://cheapbuy-store.xyz/product/70416,cheapbuy-store.xyz,True
The Pragmatic Programmer,Books,40.34,45.74,0.8819,0.118,0.6968,0.8472,https://www.newegg.com/dp/4851116,newegg.com,False
Fenty Beauty Foundation,Beauty,128.21,379.55,0.3378,0.6622,0.0712,0.4219,https://deal-xpress.top/product/99708,deal-xpress.top,True
Adidas Ultraboost,Clothing,54.01,74.92,0.7209,0.2791,0.6203,0.552,https://www.chewy.com/dp/4607488,chewy.com,False
Designing Data-Intensive Applications,Books,28.2,40.74,0.6922,0.3078,0.6851,0.8713,https://www.bhphotovideo.com/dp/2423828,bhphotovideo.com,False
Garmin Forerunner 945,Sports,738.78,1109.28,0.666,0.334,0.8497,0.7288,https://www.bestbuy.com/dp/1208345,bestbuy.com,False
Thinkware U1000 Dash Cam,Automotive,262.98,415.45,0.633,0.367,0.6761,0.3964,https://www.chewy.com/dp/9907521,chewy.com,False
Hot Wheels Ultimate Garage,Toys,68.28,359.36,0.19,0.81,0.0524,0.344,https://cheapbuy-store.xyz/product/37283,cheapbuy-store.xyz,True
Ray-Ban Aviator Sunglasses,Clothing,4.97,72.49,0.0686,0.9315,0.28,0.6131,https://savebig-store.pw/product/43309,savebig-store.pw,True
Nespresso Vertuo Coffee Maker,Home & Garden,487.42,792.55,0.615,0.385,0.719,0.4988,https://www.adorama.com/dp/1567468,adorama.com,False
KitchenAid Stand Mixer,Home & Garden,28.9,31.22,0.9257,0.0744,0.7758,0.4982,https://www.macys.com/dp/8010185,macys.com,False
Garmin Forerunner 945,Sports,1548.91,1782.0,0.8692,0.1308,0.865,0.7129,https://www.target.com/dp/1781217,target.com,False
Michelin X-Tour Tires,Automotive,133.67,194.43,0.6875,0.3125,0.649,0.4165,https://www.homedepot.com/dp/2742939,homedepot.com,False
Python Crash Course 3rd Ed,Books,31.21,36.26,0.8607,0.1393,0.924,0.9583,https://www.bestbuy.com/dp/5918288,bestbuy.com,False
Garmin Forerunner 945,Sports,65.13,73.81,0.8824,0.1176,0.705,0.6597,https://www.costco.com/dp/5674183,costco.com,False
Canon EOS R6 Camera,Electronics,472.16,1438.65,0.3282,0.6718,0.097,0.7773,https://savebig-store.pw/product/26884,savebig-store.pw,True
Adidas Ultraboost,Clothing,97.66,137.47,0.7104,0.2896,0.7154,0.5124,https://www.zappos.com/dp/7279004,zappos.com,False
Python Crash Course 3rd Ed,Books,19.66,25.5,0.771,0.229,0.8998,0.8073,https://www.target.com/dp/3606795,target.com,False
LEGO Technic Bugatti,Toys,145.94,221.22,0.6597,0.3403,0.8571,0.406,https://www.amazon.com/dp/5504038,amazon.com,False
Garmin DriveSmart 65 GPS,Automotive,265.89,930.33,0.2858,0.7142,0.0802,0.4128,https://shop-fast-now.biz/product/54734,shop-fast-now.biz,True
NARS Blush Orgasm,Beauty,6.62,44.69,0.1481,0.8519,0.0683,0.5635,https://pricedown-shop.cf/product/73289,pricedown-shop.cf,True
Barbie Dreamhouse,Toys,43.9,195.29,0.2248,0.7752,0.1727,0.4951,https://savebig-store.pw/product/33465,savebig-store.pw,True
Barbie Dreamhouse,Toys,62.22,82.48,0.7544,0.2456,0.901,0.3685,https://www.walmart.com/dp/4434507,walmart.com,False
Dell XPS 15 Laptop,Electronics,453.42,642.05,0.7062,0.2938,0.6931,0.9262,https://www.ebay.com/dp/1890622,ebay.com,False
Apple AirPods Pro,Electronics,778.61,1250.38,0.6227,0.3773,0.6296,0.7878,https://www.chewy.com/dp/8980915,chewy.com,False
Fenty Beauty Foundation,Beauty,513.75,597.66,0.8596,0.1404,0.7238,0.5404,https://www.zappos.com/dp/5440339,zappos.com,False
Garmin DriveSmart 65 GPS,Automotive,495.08,798.65,0.6199,0.3801,0.6207,0.2496,https://www.bhphotovideo.com/dp/6094433,bhphotovideo.com,False
Atomic Habits,Books,5.59,41.19,0.1357,0.8643,0.1658,0.8677,https://bestprice-deals.tk/product/25363,bestprice-deals.tk,True
Patagonia Fleece Jacket,Clothing,38.68,120.66,0.3206,0.6794,0.184,0.5354,https://cheapbuy-store.xyz/product/18354,cheapbuy-store.xyz,True
LEGO Technic Bugatti,Toys,244.25,313.22,0.7798,0.2202,0.7008,0.3615,https://www.newegg.com/dp/5568225,newegg.com,False
NOCO Genius5 Battery Charger,Automotive,33.02,185.84,0.1777,0.8223,0.28,0.482,https://pricedown-shop.cf/product/29815,pricedown-shop.cf,True
Dell XPS 15 Laptop,Electronics,1340.32,1480.04,0.9056,0.0944,0.94,0.9103,https://www.walmart.com/dp/5661529,walmart.com,False
Nike Air Max Sneakers,Clothing,184.51,262.16,0.7038,0.2962,0.7025,0.6615,https://www.macys.com/dp/7968920,macys.com,False
La Mer Moisturizing Cream,Beauty,63.23,245.35,0.2577,0.7423,0.0682,0.6484,https://shop-fast-now.biz/product/45240,shop-fast-now.biz,True
Roomba i7+ Robot Vacuum,Home & Garden,677.68,725.64,0.9339,0.0661,0.6591,0.6174,https://www.nordstrom.com/dp/1941524,nordstrom.com,False
Nike Air Max Sneakers,Clothing,80.42,221.29,0.3634,0.6366,0.1414,0.6357,https://buylow-online.icu/product/98169,buylow-online.icu,True
Patagonia Fleece Jacket,Clothing,55.42,61.14,0.9064,0.0936,0.8046,0.5312,https://www.walmart.com/dp/6740356,walmart.com,False
KitchenAid Stand Mixer,Home & Garden,156.39,404.11,0.387,0.613,0.1259,0.5393,https://savebig-store.pw/product/36929,savebig-store.pw,True
NARS Blush Orgasm,Beauty,219.53,263.19,0.8341,0.1659,0.8786,0.5333,https://www.walmart.com/dp/5068377,walmart.com,False
Nike Air Max Sneakers,Clothing,430.36,487.11,0.8835,0.1165,0.7216,0.5426,https://www.homedepot.com/dp/9486611,homedepot.com,False
Canon EOS R6 Camera,Electronics,589.37,835.99,0.705,0.295,0.6738,0.8622,https://www.chewy.com/dp/7565434,chewy.com,False
Clean Code,Books,42.62,59.93,0.7112,0.2888,0.7032,0.8703,https://www.ebay.com/dp/8296545,ebay.com,False
Michelin X-Tour Tires,Automotive,155.39,464.67,0.3344,0.6656,0.0047,0.6033,https://savebig-store.pw/product/1719,savebig-store.pw,True
Wilson Tennis Racket Pro,Sports,1383.54,2129.18,0.6498,0.3502,0.6527,0.7487,https://www.ebay.com/dp/6019373,ebay.com,False
Adidas Ultraboost,Clothing,223.33,350.21,0.6377,0.3623,0.8292,0.6175,https://www.amazon.com/dp/8270870,amazon.com,False
Barbie Dreamhouse,Toys,335.84,367.76,0.9132,0.0868,0.6026,0.4283,https://www.adorama.com/dp/6815175,adorama.com,False
Canon EOS R6 Camera,Electronics,1472.37,2198.23,0.6698,0.3302,0.9181,0.7984,https://www.walmart.com/dp/5171761,walmart.com,False
Peloton Bike+,Sports,130.77,370.76,0.3527,0.6473,0.28,0.7105,https://pricedown-shop.cf/product/34479,pricedown-shop.cf,True
Sony Headphones WH-1000XM5,Electronics,2092.59,2551.63,0.8201,0.1799,0.695,0.8337,https://www.costco.com/dp/9260100,costco.com,False
Thinkware U1000 Dash Cam,Automotive,608.04,745.69,0.8154,0.1846,0.698,0.2877,https://www.wayfair.com/dp/7378070,wayfair.com,False
Designing Data-Intensive Applications,Books,27.88,36.86,0.7564,0.2435,0.9466,0.8811,https://www.bestbuy.com/dp/5316638,bestbuy.com,False
Callaway Golf Driver,Sports,1506.74,2395.07,0.6291,0.3709,0.9506,0.8073,https://www.target.com/dp/3759542,target.com,False
Thinkware U1000 Dash Cam,Automotive,655.0,927.9,0.7059,0.2941,0.8468,0.3141,https://www.adorama.com/dp/7090010,adorama.com,False
Thinkware U1000 Dash Cam,Automotive,635.94,755.54,0.8417,0.1583,0.7724,0.4751,https://www.macys.com/dp/4827056,macys.com,False
Fenty Beauty Foundation,Beauty,111.03,123.24,0.9009,0.0991,0.7839,0.3471,https://www.costco.com/dp/7945478,costco.com,False
La Mer Moisturizing Cream,Beauty,227.0,365.12,0.6217,0.3783,0.6197,0.5163,https://www.ebay.com/dp/7319630,ebay.com,False
The Pragmatic Programmer,Books,12.16,14.02,0.8673,0.1327,0.9479,0.9166,https://www.target.com/dp/8324074,target.com,False
Thinkware U1000 Dash Cam,Automotive,787.94,871.33,0.9043,0.0957,0.7105,0.3609,https://www.chewy.com/dp/9165219,chewy.com,False
Garmin DriveSmart 65 GPS,Automotive,301.08,352.88,0.8532,0.1468,0.7063,0.3656,https://www.costco.com/dp/5645358,costco.com,False
Michelin X-Tour Tires,Automotive,420.37,566.38,0.7422,0.2578,0.8538,0.5088,https://www.nordstrom.com/dp/6269505,nordstrom.com,False
"Samsung 4K TV 55""",Electronics,346.36,545.36,0.6351,0.3649,0.9226,0.8215,https://www.bestbuy.com/dp/6748402,bestbuy.com,False
Magna-Tiles 100 Piece Set,Toys,152.51,216.39,0.7048,0.2952,0.8997,0.4171,https://www.walmart.com/dp/8261982,walmart.com,False
NARS Blush Orgasm,Beauty,14.84,139.44,0.1064,0.8936,0.0056,0.4397,https://cheapbuy-store.xyz/product/52819,cheapbuy-store.xyz,True
The North Face Parka,Clothing,101.18,135.74,0.7454,0.2546,0.9657,0.5241,https://www.amazon.com/dp/5171147,amazon.com,False
TRX Suspension Trainer,Sports,1617.47,2203.04,0.7342,0.2658,0.9261,0.807,https://www.bestbuy.com/dp/7025942,bestbuy.com,False
Bose SoundBar 700,Electronics,652.33,981.98,0.6643,0.3357,0.6722,0.8664,https://www.ebay.com/dp/4672603,ebay.com,False
Python Crash Course 3rd Ed,Books,26.81,34.37,0.78,0.2201,0.6791,0.8764,https://www.wayfair.com/dp/9185628,wayfair.com,False
Canon EOS R6 Camera,Electronics,1107.16,1184.76,0.9345,0.0655,0.8503,0.7687,https://www.target.com/dp/7364050,target.com,False
Levi's 501 Jeans,Clothing,76.01,251.28,0.3025,0.6975,0.0614,0.4604,https://buylow-online.icu/product/28651,buylow-online.icu,True
NARS Blush Orgasm,Beauty,245.44,273.35,0.8979,0.1021,0.6971,0.5357,https://www.costco.com/dp/2074992,costco.com,False
KitchenAid Stand Mixer,Home & Garden,98.72,113.5,0.8698,0.1302,0.6837,0.46,https://www.zappos.com/dp/3788191,zappos.com,False
Nintendo Switch OLED,Toys,266.94,395.7,0.6746,0.3254,1.0,0.2853,https://www.target.com/dp/2151087,target.com,False
Garmin DriveSmart 65 GPS,Automotive,65.18,69.05,0.944,0.0561,0.691,0.4317,https://www.homedepot.com/dp/5876441,homedepot.com,False
Fenty Beauty Foundation,Beauty,443.4,594.37,0.746,0.254,0.6113,0.601,https://www.wayfair.com/dp/9563491,wayfair.com,False
Hot Wheels Ultimate Garage,Toys,66.88,78.38,0.8533,0.1467,0.7215,0.2479,https://www.zappos.com/dp/6665355,zappos.com,False
The North Face Parka,Clothing,336.31,391.24,0.8596,0.1404,0.7617,0.5174,https://www.bhphotovideo.com/dp/5376268,bhphotovideo.com,False
Barbie Dreamhouse,Toys,17.75,22.98,0.7724,0.2276,0.7837,0.3028,https://www.newegg.com/dp/8418708,newegg.com,False
Callaway Golf Driver,Sports,188.65,231.96,0.8133,0.1867,0.979,0.6188,https://www.bestbuy.com/dp/5838090,bestbuy.com,False
Dyson Airwrap Styler,Beauty,406.56,428.14,0.9496,0.0504,0.6977,0.5195,https://www.bhphotovideo.com/dp/2307594,bhphotovideo.com,False
Barbie Dreamhouse,Toys,158.49,189.67,0.8356,0.1644,0.8352,0.3315,https://www.costco.com/dp/4393983,costco.com,False
NOCO Genius5 Battery Charger,Automotive,131.71,549.01,0.2399,0.7601,0.0772,0.4684,https://shop-fast-now.biz/product/11501,shop-fast-now.biz,True
TRX Suspension Trainer,Sports,127.07,396.61,0.3204,0.6796,0.0236,0.689,https://pricedown-shop.cf/product/97630,pricedown-shop.cf,True
Apple AirPods Pro,Electronics,398.16,527.86,0.7543,0.2457,0.6984,0.8527,https://www.ebay.com/dp/8082070,ebay.com,False
Magna-Tiles 100 Piece Set,Toys,1.37,26.24,0.0522,0.9478,0.1466,0.3328,https://discount-mega.ru/product/52673,discount-mega.ru,True
Garmin Forerunner 945,Sports,650.99,692.69,0.9398,0.0602,0.6442,0.7989,https://www.nordstrom.com/dp/5660240,nordstrom.com,False
Dyson Airwrap Styler,Beauty,169.5,192.94,0.8785,0.1215,0.7095,0.4971,https://www.ebay.com/dp/1424190,ebay.com,False
Dyson V15 Vacuum,Home & Garden,535.19,583.06,0.9179,0.0821,0.6155,0.3717,https://www.newegg.com/dp/4910362,newegg.com,False
TRX Suspension Trainer,Sports,175.79,246.13,0.7142,0.2858,0.6415,0.4702,https://www.zappos.com/dp/6737688,zappos.com,False
Clean Code,Books,29.4,35.01,0.8398,0.1601,0.6961,0.8044,https://www.newegg.com/dp/6969959,newegg.com,False
Python Crash Course 3rd Ed,Books,15.16,21.57,0.7028,0.2974,0.6537,0.8952,https://www.macys.com/dp/8617381,macys.com,False
Sony Headphones WH-1000XM5,Electronics,429.75,510.03,0.8426,0.1574,0.6386,0.8027,https://www.homedepot.com/dp/4851602,homedepot.com,False
Nintendo Switch OLED,Toys,208.08,244.14,0.8523,0.1477,0.6928,0.3368,https://www.bhphotovideo.com/dp/2938893,bhphotovideo.com,False
Dyson V15 Vacuum,Home & Garden,168.83,178.85,0.944,0.056,0.6683,0.4423,https://www.macys.com/dp/2073135,macys.com,False
Atomic Habits,Books,3.4,13.19,0.2578,0.742,0.2698,0.9548,https://flashsale-today.ml/product/44655,flashsale-today.ml,True
Adidas Ultraboost,Clothing,354.17,486.63,0.7278,0.2722,0.6276,0.4241,https://www.macys.com/dp/7009980,macys.com,False
Nintendo Switch OLED,Toys,127.53,180.58,0.7062,0.2938,0.6969,0.2901,https://www.macys.com/dp/7473815,macys.com,False
Canon EOS R6 Camera,Electronics,159.7,1661.78,0.0961,0.9039,0.2082,0.82,https://bargain-hunt.gq/product/60989,bargain-hunt.gq,True
Nike Air Max Sneakers,Clothing,385.26,462.5,0.833,0.167,0.7257,0.5792,https://www.chewy.com/dp/8286418,chewy.com,False
